true_mean,true_std,est_mean,est_std,error_mean,error_std,ice_length_scale,ice_gmsl_target_std,net_ice_thickness_change,odt_length_scale,odt_standard_deviation,altimetry_error_length_scale,altimetry_error_amplitude,altimetry_range
0.5381202654348995,0.0004943317892301,0.5574181637313642,0.004988250161477,0.0192978982964646,0.0050126842700611,636800.0,0.0005,-15.0,63680.0,0.16,31840.0,0.03,77
0.5381202654348995,0.0004943317892301,0.5665960672338881,0.0055992972691139,0.0284758017989885,0.0056210758601668,636800.0,0.0005,-15.0,63680.0,0.16,31840.0,0.03,66
0.5381202654348995,0.0004943317892301,0.5771277711244457,0.0071256687529438,0.0390075056895461,0.0071427949077741,636800.0,0.0005,-15.0,63680.0,0.16,31840.0,0.03,55
0.5381202654348995,0.0004943317892301,0.5574181637313642,0.0018858785591439,0.0192978982964646,0.0019495901768531,636800.0,0.0005,-15.0,63680.0,0.16,31840.0,0.003,77
0.5381202654348995,0.0004943317892301,0.5665960672338881,0.0030265192347334,0.0284758017989885,0.0030666239736973,636800.0,0.0005,-15.0,63680.0,0.16,31840.0,0.003,66
0.5381202654348995,0.0004943317892301,0.5771277711244457,0.0051968917696008,0.0390075056895461,0.0052203494119443,636800.0,0.0005,-15.0,63680.0,0.16,31840.0,0.003,55
0.5381202654348995,0.0004943317892301,0.5574181637313642,0.0018425462173494,0.0192978982964646,0.0019077055540392,636800.0,0.0005,-15.0,63680.0,0.16,31840.0,0.0015,77
0.5381202654348995,0.0004943317892301,0.5665960672338881,0.0029986155319229,0.0284758017989885,0.0030390885189696,636800.0,0.0005,-15.0,63680.0,0.16,31840.0,0.0015,66
0.5381202654348995,0.0004943317892301,0.5771277711244457,0.0051795393101717,0.0390075056895461,0.0052030751852589,636800.0,0.0005,-15.0,63680.0,0.16,31840.0,0.0015,55
0.5381202654348995,0.0004943317892301,0.5574181637313642,0.0047485157749159,0.0192978982964646,0.0047741769953018,636800.0,0.0005,-15.0,63680.0,0.08,31840.0,0.03,77
0.5381202654348995,0.0004943317892301,0.5665960672338881,0.0049827254002587,0.0284758017989885,0.0050071864686894,636800.0,0.0005,-15.0,63680.0,0.08,31840.0,0.03,66
0.5381202654348995,0.0004943317892301,0.5771277711244457,0.0055572315131833,0.0390075056895461,0.0055791743124732,636800.0,0.0005,-15.0,63680.0,0.08,31840.0,0.03,55
0.5381202654348995,0.0004943317892301,0.5574181637313642,0.0011055769222401,0.0192978982964646,0.0012110591434085,636800.0,0.0005,-15.0,63680.0,0.08,31840.0,0.003,77
0.5381202654348995,0.0004943317892301,0.5665960672338881,0.0016233425962159,0.0284758017989885,0.0016969399230769,636800.0,0.0005,-15.0,63680.0,0.08,31840.0,0.003,66
0.5381202654348995,0.0004943317892301,0.5771277711244457,0.0026674615235056,0.0390075056895461,0.0027128794476029,636800.0,0.0005,-15.0,63680.0,0.08,31840.0,0.003,55
0.5381202654348995,0.0004943317892301,0.5574181637313642,0.0010299218194698,0.0192978982964646,0.0011424109908712,636800.0,0.0005,-15.0,63680.0,0.08,31840.0,0.0015,77
0.5381202654348995,0.0004943317892301,0.5665960672338881,0.0015707060879639,0.0284758017989885,0.0016466576853161,636800.0,0.0005,-15.0,63680.0,0.08,31840.0,0.0015,66
0.5381202654348995,0.0004943317892301,0.5771277711244457,0.0026334947085672,0.0390075056895461,0.0026794884395897,636800.0,0.0005,-15.0,63680.0,0.08,31840.0,0.0015,55
0.5381202654348995,0.0004943317892301,0.5574181637313642,0.004666701581814,0.0192978982964646,0.0046928101998215,636800.0,0.0005,-15.0,63680.0,0.008,31840.0,0.03,77
0.5381202654348995,0.0004943317892301,0.5665960672338881,0.0047617687723703,0.0284758017989885,0.0047873589545139,636800.0,0.0005,-15.0,63680.0,0.008,31840.0,0.03,66
0.5381202654348995,0.0004943317892301,0.5771277711244457,0.0049313641290095,0.0390075056895461,0.0049560787010222,636800.0,0.0005,-15.0,63680.0,0.008,31840.0,0.03,55
0.5381202654348995,0.0004943317892301,0.5574181637313642,0.0006723108805231,0.0192978982964646,0.0008344853730972,636800.0,0.0005,-15.0,63680.0,0.008,31840.0,0.003,77
0.5381202654348995,0.0004943317892301,0.5665960672338881,0.0006943562571379,0.0284758017989885,0.0008523464845179,636800.0,0.0005,-15.0,63680.0,0.008,31840.0,0.003,66
0.5381202654348995,0.0004943317892301,0.5771277711244457,0.0007422136223134,0.0390075056895461,0.0008917650918213,636800.0,0.0005,-15.0,63680.0,0.008,31840.0,0.003,55
0.5381202654348995,0.0004943317892301,0.5574181637313642,0.0005389253596741,0.0192978982964646,0.0007313032620899,636800.0,0.0005,-15.0,63680.0,0.008,31840.0,0.0015,77
0.5381202654348995,0.0004943317892301,0.5665960672338881,0.0005603633124185,0.0284758017989885,0.000747242236325,636800.0,0.0005,-15.0,63680.0,0.008,31840.0,0.0015,66
0.5381202654348995,0.0004943317892301,0.5771277711244457,0.0006089535793608,0.0390075056895461,0.0007843394543562,636800.0,0.0005,-15.0,63680.0,0.008,31840.0,0.0015,55
0.1793734218116331,0.0004943317892301,0.1858060545771214,0.0049882501614769,0.0064326327654882,0.0050126842700611,636800.0,0.0005,-5.0,63680.0,0.16,31840.0,0.03,77
0.1793734218116331,0.0004943317892301,0.1888653557446293,0.0055992972691138,0.0094919339329961,0.0056210758601667,636800.0,0.0005,-5.0,63680.0,0.16,31840.0,0.03,66
0.1793734218116331,0.0004943317892301,0.1923759237081485,0.0071256687529438,0.0130025018965153,0.0071427949077741,636800.0,0.0005,-5.0,63680.0,0.16,31840.0,0.03,55
0.1793734218116331,0.0004943317892301,0.1858060545771214,0.0018858785591439,0.0064326327654882,0.0019495901768531,636800.0,0.0005,-5.0,63680.0,0.16,31840.0,0.003,77
0.1793734218116331,0.0004943317892301,0.1888653557446293,0.0030265192347334,0.0094919339329961,0.0030666239736973,636800.0,0.0005,-5.0,63680.0,0.16,31840.0,0.003,66
0.1793734218116331,0.0004943317892301,0.1923759237081485,0.0051968917696009,0.0130025018965153,0.0052203494119444,636800.0,0.0005,-5.0,63680.0,0.16,31840.0,0.003,55
0.1793734218116331,0.0004943317892301,0.1858060545771214,0.0018425462173494,0.0064326327654882,0.0019077055540392,636800.0,0.0005,-5.0,63680.0,0.16,31840.0,0.0015,77
0.1793734218116331,0.0004943317892301,0.1888653557446293,0.002998615531923,0.0094919339329961,0.0030390885189696,636800.0,0.0005,-5.0,63680.0,0.16,31840.0,0.0015,66
0.1793734218116331,0.0004943317892301,0.1923759237081485,0.0051795393101717,0.0130025018965153,0.0052030751852589,636800.0,0.0005,-5.0,63680.0,0.16,31840.0,0.0015,55
0.1793734218116331,0.0004943317892301,0.1858060545771214,0.004748515774916,0.0064326327654882,0.0047741769953018,636800.0,0.0005,-5.0,63680.0,0.08,31840.0,0.03,77
0.1793734218116331,0.0004943317892301,0.1888653557446293,0.0049827254002588,0.0094919339329961,0.0050071864686895,636800.0,0.0005,-5.0,63680.0,0.08,31840.0,0.03,66
0.1793734218116331,0.0004943317892301,0.1923759237081485,0.0055572315131833,0.0130025018965153,0.0055791743124732,636800.0,0.0005,-5.0,63680.0,0.08,31840.0,0.03,55
0.1793734218116331,0.0004943317892301,0.1858060545771214,0.0011055769222401,0.0064326327654882,0.0012110591434085,636800.0,0.0005,-5.0,63680.0,0.08,31840.0,0.003,77
0.1793734218116331,0.0004943317892301,0.1888653557446293,0.0016233425962159,0.0094919339329961,0.0016969399230769,636800.0,0.0005,-5.0,63680.0,0.08,31840.0,0.003,66
0.1793734218116331,0.0004943317892301,0.1923759237081485,0.0026674615235057,0.0130025018965153,0.002712879447603,636800.0,0.0005,-5.0,63680.0,0.08,31840.0,0.003,55
0.1793734218116331,0.0004943317892301,0.1858060545771214,0.0010299218194698,0.0064326327654882,0.0011424109908712,636800.0,0.0005,-5.0,63680.0,0.08,31840.0,0.0015,77
0.1793734218116331,0.0004943317892301,0.1888653557446293,0.0015707060879639,0.0094919339329961,0.001646657685316,636800.0,0.0005,-5.0,63680.0,0.08,31840.0,0.0015,66
0.1793734218116331,0.0004943317892301,0.1923759237081485,0.0026334947085673,0.0130025018965153,0.0026794884395898,636800.0,0.0005,-5.0,63680.0,0.08,31840.0,0.0015,55
0.1793734218116331,0.0004943317892301,0.1858060545771214,0.004666701581814,0.0064326327654882,0.0046928101998215,636800.0,0.0005,-5.0,63680.0,0.008,31840.0,0.03,77
0.1793734218116331,0.0004943317892301,0.1888653557446293,0.0047617687723703,0.0094919339329961,0.0047873589545139,636800.0,0.0005,-5.0,63680.0,0.008,31840.0,0.03,66
0.1793734218116331,0.0004943317892301,0.1923759237081485,0.0049313641290095,0.0130025018965153,0.0049560787010221,636800.0,0.0005,-5.0,63680.0,0.008,31840.0,0.03,55
0.1793734218116331,0.0004943317892301,0.1858060545771214,0.0006723108805231,0.0064326327654882,0.0008344853730972,636800.0,0.0005,-5.0,63680.0,0.008,31840.0,0.003,77
0.1793734218116331,0.0004943317892301,0.1888653557446293,0.0006943562571379,0.0094919339329961,0.0008523464845179,636800.0,0.0005,-5.0,63680.0,0.008,31840.0,0.003,66
0.1793734218116331,0.0004943317892301,0.1923759237081485,0.0007422136223134,0.0130025018965153,0.0008917650918213,636800.0,0.0005,-5.0,63680.0,0.008,31840.0,0.003,55
0.1793734218116331,0.0004943317892301,0.1858060545771214,0.0005389253596741,0.0064326327654882,0.0007313032620899,636800.0,0.0005,-5.0,63680.0,0.008,31840.0,0.0015,77
0.1793734218116331,0.0004943317892301,0.1888653557446293,0.0005603633124185,0.0094919339329961,0.000747242236325,636800.0,0.0005,-5.0,63680.0,0.008,31840.0,0.0015,66
0.1793734218116331,0.0004943317892301,0.1923759237081485,0.0006089535793608,0.0130025018965153,0.0007843394543562,636800.0,0.0005,-5.0,63680.0,0.008,31840.0,0.0015,55
0.0,0.0004943317892301,0.0,0.0049882501614769,0.0,0.0050126842700611,636800.0,0.0005,0.0,63680.0,0.16,31840.0,0.03,77
0.0,0.0004943317892301,0.0,0.0055992972691138,0.0,0.0056210758601667,636800.0,0.0005,0.0,63680.0,0.16,31840.0,0.03,66
0.0,0.0004943317892301,0.0,0.0071256687529437,0.0,0.007142794907774,636800.0,0.0005,0.0,63680.0,0.16,31840.0,0.03,55
0.0,0.0004943317892301,0.0,0.0018858785591439,0.0,0.0019495901768531,636800.0,0.0005,0.0,63680.0,0.16,31840.0,0.003,77
0.0,0.0004943317892301,0.0,0.0030265192347334,0.0,0.0030666239736972,636800.0,0.0005,0.0,63680.0,0.16,31840.0,0.003,66
0.0,0.0004943317892301,0.0,0.0051968917696009,0.0,0.0052203494119445,636800.0,0.0005,0.0,63680.0,0.16,31840.0,0.003,55
0.0,0.0004943317892301,0.0,0.0018425462173494,0.0,0.0019077055540392,636800.0,0.0005,0.0,63680.0,0.16,31840.0,0.0015,77
0.0,0.0004943317892301,0.0,0.0029986155319229,0.0,0.0030390885189696,636800.0,0.0005,0.0,63680.0,0.16,31840.0,0.0015,66
0.0,0.0004943317892301,0.0,0.0051795393101717,0.0,0.0052030751852589,636800.0,0.0005,0.0,63680.0,0.16,31840.0,0.0015,55
0.0,0.0004943317892301,0.0,0.0047485157749159,0.0,0.0047741769953018,636800.0,0.0005,0.0,63680.0,0.08,31840.0,0.03,77
0.0,0.0004943317892301,0.0,0.0049827254002587,0.0,0.0050071864686895,636800.0,0.0005,0.0,63680.0,0.08,31840.0,0.03,66
0.0,0.0004943317892301,0.0,0.0055572315131833,0.0,0.0055791743124732,636800.0,0.0005,0.0,63680.0,0.08,31840.0,0.03,55
0.0,0.0004943317892301,0.0,0.0011055769222401,0.0,0.0012110591434085,636800.0,0.0005,0.0,63680.0,0.08,31840.0,0.003,77
0.0,0.0004943317892301,0.0,0.0016233425962159,0.0,0.0016969399230769,636800.0,0.0005,0.0,63680.0,0.08,31840.0,0.003,66
0.0,0.0004943317892301,0.0,0.0026674615235056,0.0,0.0027128794476029,636800.0,0.0005,0.0,63680.0,0.08,31840.0,0.003,55
0.0,0.0004943317892301,0.0,0.0010299218194698,0.0,0.0011424109908712,636800.0,0.0005,0.0,63680.0,0.08,31840.0,0.0015,77
0.0,0.0004943317892301,0.0,0.0015707060879639,0.0,0.001646657685316,636800.0,0.0005,0.0,63680.0,0.08,31840.0,0.0015,66
0.0,0.0004943317892301,0.0,0.0026334947085672,0.0,0.0026794884395897,636800.0,0.0005,0.0,63680.0,0.08,31840.0,0.0015,55
0.0,0.0004943317892301,0.0,0.004666701581814,0.0,0.0046928101998215,636800.0,0.0005,0.0,63680.0,0.008,31840.0,0.03,77
0.0,0.0004943317892301,0.0,0.0047617687723704,0.0,0.004787358954514,636800.0,0.0005,0.0,63680.0,0.008,31840.0,0.03,66
0.0,0.0004943317892301,0.0,0.0049313641290095,0.0,0.0049560787010221,636800.0,0.0005,0.0,63680.0,0.008,31840.0,0.03,55
0.0,0.0004943317892301,0.0,0.0006723108805231,0.0,0.0008344853730972,636800.0,0.0005,0.0,63680.0,0.008,31840.0,0.003,77
0.0,0.0004943317892301,0.0,0.0006943562571379,0.0,0.0008523464845179,636800.0,0.0005,0.0,63680.0,0.008,31840.0,0.003,66
0.0,0.0004943317892301,0.0,0.0007422136223134,0.0,0.0008917650918213,636800.0,0.0005,0.0,63680.0,0.008,31840.0,0.003,55
0.0,0.0004943317892301,0.0,0.0005389253596741,0.0,0.0007313032620899,636800.0,0.0005,0.0,63680.0,0.008,31840.0,0.0015,77
0.0,0.0004943317892301,0.0,0.0005603633124185,0.0,0.000747242236325,636800.0,0.0005,0.0,63680.0,0.008,31840.0,0.0015,66
0.0,0.0004943317892301,0.0,0.0006089535793608,0.0,0.0007843394543562,636800.0,0.0005,0.0,63680.0,0.008,31840.0,0.0015,55
-0.1793734218116331,0.0004943317892301,-0.1858060545771214,0.0049882501614769,-0.0064326327654882,0.005012684270061,636800.0,0.0005,5.0,63680.0,0.16,31840.0,0.03,77
-0.1793734218116331,0.0004943317892301,-0.1888653557446293,0.0055992972691139,-0.0094919339329961,0.0056210758601668,636800.0,0.0005,5.0,63680.0,0.16,31840.0,0.03,66
-0.1793734218116331,0.0004943317892301,-0.1923759237081485,0.0071256687529438,-0.0130025018965153,0.0071427949077741,636800.0,0.0005,5.0,63680.0,0.16,31840.0,0.03,55
-0.1793734218116331,0.0004943317892301,-0.1858060545771214,0.0018858785591439,-0.0064326327654882,0.0019495901768531,636800.0,0.0005,5.0,63680.0,0.16,31840.0,0.003,77
-0.1793734218116331,0.0004943317892301,-0.1888653557446293,0.0030265192347334,-0.0094919339329961,0.0030666239736973,636800.0,0.0005,5.0,63680.0,0.16,31840.0,0.003,66
-0.1793734218116331,0.0004943317892301,-0.1923759237081485,0.0051968917696009,-0.0130025018965153,0.0052203494119444,636800.0,0.0005,5.0,63680.0,0.16,31840.0,0.003,55
-0.1793734218116331,0.0004943317892301,-0.1858060545771214,0.0018425462173494,-0.0064326327654882,0.0019077055540392,636800.0,0.0005,5.0,63680.0,0.16,31840.0,0.0015,77
-0.1793734218116331,0.0004943317892301,-0.1888653557446293,0.0029986155319229,-0.0094919339329961,0.0030390885189696,636800.0,0.0005,5.0,63680.0,0.16,31840.0,0.0015,66
-0.1793734218116331,0.0004943317892301,-0.1923759237081485,0.0051795393101717,-0.0130025018965153,0.0052030751852589,636800.0,0.0005,5.0,63680.0,0.16,31840.0,0.0015,55
-0.1793734218116331,0.0004943317892301,-0.1858060545771214,0.0047485157749159,-0.0064326327654882,0.0047741769953018,636800.0,0.0005,5.0,63680.0,0.08,31840.0,0.03,77
-0.1793734218116331,0.0004943317892301,-0.1888653557446293,0.0049827254002587,-0.0094919339329961,0.0050071864686895,636800.0,0.0005,5.0,63680.0,0.08,31840.0,0.03,66
-0.1793734218116331,0.0004943317892301,-0.1923759237081485,0.0055572315131833,-0.0130025018965153,0.0055791743124732,636800.0,0.0005,5.0,63680.0,0.08,31840.0,0.03,55
-0.1793734218116331,0.0004943317892301,-0.1858060545771214,0.0011055769222401,-0.0064326327654882,0.0012110591434085,636800.0,0.0005,5.0,63680.0,0.08,31840.0,0.003,77
-0.1793734218116331,0.0004943317892301,-0.1888653557446293,0.0016233425962159,-0.0094919339329961,0.0016969399230769,636800.0,0.0005,5.0,63680.0,0.08,31840.0,0.003,66
-0.1793734218116331,0.0004943317892301,-0.1923759237081485,0.0026674615235056,-0.0130025018965153,0.0027128794476029,636800.0,0.0005,5.0,63680.0,0.08,31840.0,0.003,55
-0.1793734218116331,0.0004943317892301,-0.1858060545771214,0.0010299218194697,-0.0064326327654882,0.0011424109908712,636800.0,0.0005,5.0,63680.0,0.08,31840.0,0.0015,77
-0.1793734218116331,0.0004943317892301,-0.1888653557446293,0.0015707060879639,-0.0094919339329961,0.0016466576853161,636800.0,0.0005,5.0,63680.0,0.08,31840.0,0.0015,66
-0.1793734218116331,0.0004943317892301,-0.1923759237081485,0.0026334947085672,-0.0130025018965153,0.0026794884395897,636800.0,0.0005,5.0,63680.0,0.08,31840.0,0.0015,55
-0.1793734218116331,0.0004943317892301,-0.1858060545771214,0.004666701581814,-0.0064326327654882,0.0046928101998215,636800.0,0.0005,5.0,63680.0,0.008,31840.0,0.03,77
-0.1793734218116331,0.0004943317892301,-0.1888653557446293,0.0047617687723703,-0.0094919339329961,0.0047873589545139,636800.0,0.0005,5.0,63680.0,0.008,31840.0,0.03,66
-0.1793734218116331,0.0004943317892301,-0.1923759237081485,0.0049313641290095,-0.0130025018965153,0.0049560787010222,636800.0,0.0005,5.0,63680.0,0.008,31840.0,0.03,55
-0.1793734218116331,0.0004943317892301,-0.1858060545771214,0.0006723108805231,-0.0064326327654882,0.0008344853730972,636800.0,0.0005,5.0,63680.0,0.008,31840.0,0.003,77
-0.1793734218116331,0.0004943317892301,-0.1888653557446293,0.0006943562571379,-0.0094919339329961,0.0008523464845179,636800.0,0.0005,5.0,63680.0,0.008,31840.0,0.003,66
-0.1793734218116331,0.0004943317892301,-0.1923759237081485,0.0007422136223134,-0.0130025018965153,0.0008917650918213,636800.0,0.0005,5.0,63680.0,0.008,31840.0,0.003,55
-0.1793734218116331,0.0004943317892301,-0.1858060545771214,0.0005389253596741,-0.0064326327654882,0.0007313032620899,636800.0,0.0005,5.0,63680.0,0.008,31840.0,0.0015,77
-0.1793734218116331,0.0004943317892301,-0.1888653557446293,0.0005603633124185,-0.0094919339329961,0.000747242236325,636800.0,0.0005,5.0,63680.0,0.008,31840.0,0.0015,66
-0.1793734218116331,0.0004943317892301,-0.1923759237081485,0.0006089535793608,-0.0130025018965153,0.0007843394543562,636800.0,0.0005,5.0,63680.0,0.008,31840.0,0.0015,55
-0.5381202654348995,0.0004943317892301,-0.5574181637313642,0.004988250161477,-0.0192978982964646,0.0050126842700611,636800.0,0.0005,15.0,63680.0,0.16,31840.0,0.03,77
-0.5381202654348995,0.0004943317892301,-0.5665960672338881,0.0055992972691139,-0.0284758017989885,0.0056210758601668,636800.0,0.0005,15.0,63680.0,0.16,31840.0,0.03,66
-0.5381202654348995,0.0004943317892301,-0.5771277711244457,0.0071256687529438,-0.0390075056895461,0.0071427949077741,636800.0,0.0005,15.0,63680.0,0.16,31840.0,0.03,55
-0.5381202654348995,0.0004943317892301,-0.5574181637313642,0.0018858785591439,-0.0192978982964646,0.0019495901768531,636800.0,0.0005,15.0,63680.0,0.16,31840.0,0.003,77
-0.5381202654348995,0.0004943317892301,-0.5665960672338881,0.0030265192347334,-0.0284758017989885,0.0030666239736973,636800.0,0.0005,15.0,63680.0,0.16,31840.0,0.003,66
-0.5381202654348995,0.0004943317892301,-0.5771277711244457,0.0051968917696009,-0.0390075056895461,0.0052203494119444,636800.0,0.0005,15.0,63680.0,0.16,31840.0,0.003,55
-0.5381202654348995,0.0004943317892301,-0.5574181637313642,0.0018425462173494,-0.0192978982964646,0.0019077055540392,636800.0,0.0005,15.0,63680.0,0.16,31840.0,0.0015,77
-0.5381202654348995,0.0004943317892301,-0.5665960672338881,0.0029986155319229,-0.0284758017989885,0.0030390885189696,636800.0,0.0005,15.0,63680.0,0.16,31840.0,0.0015,66
-0.5381202654348995,0.0004943317892301,-0.5771277711244457,0.0051795393101717,-0.0390075056895461,0.0052030751852589,636800.0,0.0005,15.0,63680.0,0.16,31840.0,0.0015,55
-0.5381202654348995,0.0004943317892301,-0.5574181637313642,0.0047485157749159,-0.0192978982964646,0.0047741769953018,636800.0,0.0005,15.0,63680.0,0.08,31840.0,0.03,77
-0.5381202654348995,0.0004943317892301,-0.5665960672338881,0.0049827254002587,-0.0284758017989885,0.0050071864686895,636800.0,0.0005,15.0,63680.0,0.08,31840.0,0.03,66
-0.5381202654348995,0.0004943317892301,-0.5771277711244457,0.0055572315131833,-0.0390075056895461,0.0055791743124732,636800.0,0.0005,15.0,63680.0,0.08,31840.0,0.03,55
-0.5381202654348995,0.0004943317892301,-0.5574181637313642,0.0011055769222401,-0.0192978982964646,0.0012110591434085,636800.0,0.0005,15.0,63680.0,0.08,31840.0,0.003,77
-0.5381202654348995,0.0004943317892301,-0.5665960672338881,0.0016233425962159,-0.0284758017989885,0.0016969399230769,636800.0,0.0005,15.0,63680.0,0.08,31840.0,0.003,66
-0.5381202654348995,0.0004943317892301,-0.5771277711244457,0.0026674615235056,-0.0390075056895461,0.0027128794476029,636800.0,0.0005,15.0,63680.0,0.08,31840.0,0.003,55
-0.5381202654348995,0.0004943317892301,-0.5574181637313642,0.0010299218194698,-0.0192978982964646,0.0011424109908712,636800.0,0.0005,15.0,63680.0,0.08,31840.0,0.0015,77
-0.5381202654348995,0.0004943317892301,-0.5665960672338881,0.0015707060879639,-0.0284758017989885,0.001646657685316,636800.0,0.0005,15.0,63680.0,0.08,31840.0,0.0015,66
-0.5381202654348995,0.0004943317892301,-0.5771277711244457,0.0026334947085672,-0.0390075056895461,0.0026794884395898,636800.0,0.0005,15.0,63680.0,0.08,31840.0,0.0015,55
-0.5381202654348995,0.0004943317892301,-0.5574181637313642,0.004666701581814,-0.0192978982964646,0.0046928101998215,636800.0,0.0005,15.0,63680.0,0.008,31840.0,0.03,77
-0.5381202654348995,0.0004943317892301,-0.5665960672338881,0.0047617687723703,-0.0284758017989885,0.0047873589545139,636800.0,0.0005,15.0,63680.0,0.008,31840.0,0.03,66
-0.5381202654348995,0.0004943317892301,-0.5771277711244457,0.0049313641290095,-0.0390075056895461,0.0049560787010221,636800.0,0.0005,15.0,63680.0,0.008,31840.0,0.03,55
-0.5381202654348995,0.0004943317892301,-0.5574181637313642,0.0006723108805231,-0.0192978982964646,0.0008344853730972,636800.0,0.0005,15.0,63680.0,0.008,31840.0,0.003,77
-0.5381202654348995,0.0004943317892301,-0.5665960672338881,0.0006943562571379,-0.0284758017989885,0.0008523464845179,636800.0,0.0005,15.0,63680.0,0.008,31840.0,0.003,66
-0.5381202654348995,0.0004943317892301,-0.5771277711244457,0.0007422136223134,-0.0390075056895461,0.0008917650918213,636800.0,0.0005,15.0,63680.0,0.008,31840.0,0.003,55
-0.5381202654348995,0.0004943317892301,-0.5574181637313642,0.0005389253596741,-0.0192978982964646,0.0007313032620899,636800.0,0.0005,15.0,63680.0,0.008,31840.0,0.0015,77
-0.5381202654348995,0.0004943317892301,-0.5665960672338881,0.0005603633124185,-0.0284758017989885,0.000747242236325,636800.0,0.0005,15.0,63680.0,0.008,31840.0,0.0015,66
-0.5381202654348995,0.0004943317892301,-0.5771277711244457,0.0006089535793608,-0.0390075056895461,0.0007843394543562,636800.0,0.0005,15.0,63680.0,0.008,31840.0,0.0015,55
0.5381202654348995,0.0049433178923011,0.5574181637313642,0.0068945217104477,0.0192978982964646,0.0084835618345232,636800.0,0.005,-15.0,63680.0,0.16,31840.0,0.03,77
0.5381202654348995,0.0049433178923011,0.5665960672338881,0.0073984889454658,0.0284758017989885,0.0088979790098946,636800.0,0.005,-15.0,63680.0,0.16,31840.0,0.03,66
0.5381202654348995,0.0049433178923011,0.5771277711244457,0.0086591246209032,0.0390075056895461,0.0099707989140628,636800.0,0.005,-15.0,63680.0,0.16,31840.0,0.03,55
0.5381202654348995,0.0049433178923011,0.5574181637313642,0.0051194069854035,0.0192978982964646,0.0071165103573692,636800.0,0.005,-15.0,63680.0,0.16,31840.0,0.003,77
0.5381202654348995,0.0049433178923011,0.5665960672338881,0.0057048512203638,0.0284758017989885,0.007548623664671,636800.0,0.005,-15.0,63680.0,0.16,31840.0,0.003,66
0.5381202654348995,0.0049433178923011,0.5771277711244457,0.0071563236433658,0.0390075056895461,0.0086976640469118,636800.0,0.005,-15.0,63680.0,0.16,31840.0,0.003,55
0.5381202654348995,0.0049433178923011,0.5574181637313642,0.0051036032864466,0.0192978982964646,0.0071051501243656,636800.0,0.005,-15.0,63680.0,0.16,31840.0,0.0015,77
0.5381202654348995,0.0049433178923011,0.5665960672338881,0.0056900970006288,0.0284758017989885,0.0075374793970471,636800.0,0.005,-15.0,63680.0,0.16,31840.0,0.0015,66
0.5381202654348995,0.0049433178923011,0.5771277711244457,0.0071437323220614,0.0390075056895461,0.0086873070207982,636800.0,0.005,-15.0,63680.0,0.16,31840.0,0.0015,55
0.5381202654348995,0.0049433178923011,0.5574181637313642,0.0067231088052318,0.0192978982964646,0.0083448537309727,636800.0,0.005,-15.0,63680.0,0.08,31840.0,0.03,77
0.5381202654348995,0.0049433178923011,0.5665960672338881,0.0069435625713792,0.0284758017989885,0.008523464845179,636800.0,0.005,-15.0,63680.0,0.08,31840.0,0.03,66
0.5381202654348995,0.0049433178923011,0.5771277711244457,0.0074221362231347,0.0390075056895461,0.0089176509182135,636800.0,0.005,-15.0,63680.0,0.08,31840.0,0.03,55
0.5381202654348995,0.0049433178923011,0.5574181637313642,0.0048861119792069,0.0192978982964646,0.006950574225033,636800.0,0.005,-15.0,63680.0,0.08,31840.0,0.003,77
0.5381202654348995,0.0049433178923011,0.5665960672338881,0.0051010538080836,0.0284758017989885,0.0071033190648674,636800.0,0.005,-15.0,63680.0,0.08,31840.0,0.003,66
0.5381202654348995,0.0049433178923011,0.5771277711244457,0.0055964841644585,0.0390075056895461,0.0074670627951946,636800.0,0.005,-15.0,63680.0,0.08,31840.0,0.003,55
0.5381202654348995,0.0049433178923011,0.5574181637313642,0.004869551200735,0.0192978982964646,0.006938942331575,636800.0,0.005,-15.0,63680.0,0.08,31840.0,0.0015,77
0.5381202654348995,0.0049433178923011,0.5665960672338881,0.0050845478051683,0.0284758017989885,0.0070914750346727,636800.0,0.005,-15.0,63680.0,0.08,31840.0,0.0015,66
0.5381202654348995,0.0049433178923011,0.5771277711244457,0.0055803743963737,0.0390075056895461,0.0074549963238118,636800.0,0.005,-15.0,63680.0,0.08,31840.0,0.0015,55
0.5381202654348995,0.0049433178923011,0.5574181637313642,0.0066655752637012,0.0192978982964646,0.008298571285493,636800.0,0.005,-15.0,63680.0,0.008,31840.0,0.03,77
0.5381202654348995,0.0049433178923011,0.5665960672338881,0.00678674816166,0.0284758017989885,0.0083962100017889,636800.0,0.005,-15.0,63680.0,0.008,31840.0,0.03,66
0.5381202654348995,0.0049433178923011,0.5771277711244457,0.0069658909119031,0.0390075056895461,0.0085416642395307,636800.0,0.005,-15.0,63680.0,0.008,31840.0,0.03,55
0.5381202654348995,0.0049433178923011,0.5574181637313642,0.0048066403924601,0.0192978982964646,0.0068949389878935,636800.0,0.005,-15.0,63680.0,0.008,31840.0,0.003,77
0.5381202654348995,0.0049433178923011,0.5665960672338881,0.0048854518092088,0.0284758017989885,0.0069501101548426,636800.0,0.005,-15.0,63680.0,0.008,31840.0,0.003,66
0.5381202654348995,0.0049433178923011,0.5771277711244457,0.004975556761288,0.0390075056895461,0.0070137405761222,636800.0,0.005,-15.0,63680.0,0.008,31840.0,0.003,55
0.5381202654348995,0.0049433178923011,0.5574181637313642,0.0047898048483899,0.0192978982964646,0.0068832130774809,636800.0,0.005,-15.0,63680.0,0.008,31840.0,0.0015,77
0.5381202654348995,0.0049433178923011,0.5665960672338881,0.0048682148483997,0.0284758017989885,0.0069380045830573,636800.0,0.005,-15.0,63680.0,0.008,31840.0,0.0015,66
0.5381202654348995,0.0049433178923011,0.5771277711244457,0.0049574296248629,0.0390075056895461,0.0070008928194775,636800.0,0.005,-15.0,63680.0,0.008,31840.0,0.0015,55
0.1793734218116331,0.0049433178923011,0.1858060545771214,0.0068945217104477,0.0064326327654882,0.0084835618345232,636800.0,0.005,-5.0,63680.0,0.16,31840.0,0.03,77
0.1793734218116331,0.0049433178923011,0.1888653557446293,0.0073984889454659,0.0094919339329961,0.0088979790098946,636800.0,0.005,-5.0,63680.0,0.16,31840.0,0.03,66
0.1793734218116331,0.0049433178923011,0.1923759237081485,0.0086591246209032,0.0130025018965153,0.0099707989140628,636800.0,0.005,-5.0,63680.0,0.16,31840.0,0.03,55
0.1793734218116331,0.0049433178923011,0.1858060545771214,0.0051194069854035,0.0064326327654882,0.0071165103573692,636800.0,0.005,-5.0,63680.0,0.16,31840.0,0.003,77
0.1793734218116331,0.0049433178923011,0.1888653557446293,0.0057048512203638,0.0094919339329961,0.007548623664671,636800.0,0.005,-5.0,63680.0,0.16,31840.0,0.003,66
0.1793734218116331,0.0049433178923011,0.1923759237081485,0.0071563236433658,0.0130025018965153,0.0086976640469117,636800.0,0.005,-5.0,63680.0,0.16,31840.0,0.003,55
0.1793734218116331,0.0049433178923011,0.1858060545771214,0.0051036032864466,0.0064326327654882,0.0071051501243656,636800.0,0.005,-5.0,63680.0,0.16,31840.0,0.0015,77
0.1793734218116331,0.0049433178923011,0.1888653557446293,0.0056900970006288,0.0094919339329961,0.0075374793970471,636800.0,0.005,-5.0,63680.0,0.16,31840.0,0.0015,66
0.1793734218116331,0.0049433178923011,0.1923759237081485,0.0071437323220615,0.0130025018965153,0.0086873070207982,636800.0,0.005,-5.0,63680.0,0.16,31840.0,0.0015,55
0.1793734218116331,0.0049433178923011,0.1858060545771214,0.0067231088052318,0.0064326327654882,0.0083448537309727,636800.0,0.005,-5.0,63680.0,0.08,31840.0,0.03,77
0.1793734218116331,0.0049433178923011,0.1888653557446293,0.0069435625713792,0.0094919339329961,0.008523464845179,636800.0,0.005,-5.0,63680.0,0.08,31840.0,0.03,66
0.1793734218116331,0.0049433178923011,0.1923759237081485,0.0074221362231347,0.0130025018965153,0.0089176509182134,636800.0,0.005,-5.0,63680.0,0.08,31840.0,0.03,55
0.1793734218116331,0.0049433178923011,0.1858060545771214,0.0048861119792069,0.0064326327654882,0.006950574225033,636800.0,0.005,-5.0,63680.0,0.08,31840.0,0.003,77
0.1793734218116331,0.0049433178923011,0.1888653557446293,0.0051010538080836,0.0094919339329961,0.0071033190648674,636800.0,0.005,-5.0,63680.0,0.08,31840.0,0.003,66
0.1793734218116331,0.0049433178923011,0.1923759237081485,0.0055964841644585,0.0130025018965153,0.0074670627951946,636800.0,0.005,-5.0,63680.0,0.08,31840.0,0.003,55
0.1793734218116331,0.0049433178923011,0.1858060545771214,0.004869551200735,0.0064326327654882,0.006938942331575,636800.0,0.005,-5.0,63680.0,0.08,31840.0,0.0015,77
0.1793734218116331,0.0049433178923011,0.1888653557446293,0.0050845478051683,0.0094919339329961,0.0070914750346727,636800.0,0.005,-5.0,63680.0,0.08,31840.0,0.0015,66
0.1793734218116331,0.0049433178923011,0.1923759237081485,0.0055803743963737,0.0130025018965153,0.0074549963238118,636800.0,0.005,-5.0,63680.0,0.08,31840.0,0.0015,55
0.1793734218116331,0.0049433178923011,0.1858060545771214,0.0066655752637012,0.0064326327654882,0.008298571285493,636800.0,0.005,-5.0,63680.0,0.008,31840.0,0.03,77
0.1793734218116331,0.0049433178923011,0.1888653557446293,0.0067867481616601,0.0094919339329961,0.0083962100017889,636800.0,0.005,-5.0,63680.0,0.008,31840.0,0.03,66
0.1793734218116331,0.0049433178923011,0.1923759237081485,0.006965890911903,0.0130025018965153,0.0085416642395307,636800.0,0.005,-5.0,63680.0,0.008,31840.0,0.03,55
0.1793734218116331,0.0049433178923011,0.1858060545771214,0.0048066403924601,0.0064326327654882,0.0068949389878935,636800.0,0.005,-5.0,63680.0,0.008,31840.0,0.003,77
0.1793734218116331,0.0049433178923011,0.1888653557446293,0.0048854518092088,0.0094919339329961,0.0069501101548426,636800.0,0.005,-5.0,63680.0,0.008,31840.0,0.003,66
0.1793734218116331,0.0049433178923011,0.1923759237081485,0.004975556761288,0.0130025018965153,0.0070137405761222,636800.0,0.005,-5.0,63680.0,0.008,31840.0,0.003,55
0.1793734218116331,0.0049433178923011,0.1858060545771214,0.0047898048483899,0.0064326327654882,0.0068832130774809,636800.0,0.005,-5.0,63680.0,0.008,31840.0,0.0015,77
0.1793734218116331,0.0049433178923011,0.1888653557446293,0.0048682148483997,0.0094919339329961,0.0069380045830573,636800.0,0.005,-5.0,63680.0,0.008,31840.0,0.0015,66
0.1793734218116331,0.0049433178923011,0.1923759237081485,0.0049574296248629,0.0130025018965153,0.0070008928194775,636800.0,0.005,-5.0,63680.0,0.008,31840.0,0.0015,55
0.0,0.0049433178923011,0.0,0.0068945217104476,0.0,0.0084835618345232,636800.0,0.005,0.0,63680.0,0.16,31840.0,0.03,77
0.0,0.0049433178923011,0.0,0.0073984889454659,0.0,0.0088979790098947,636800.0,0.005,0.0,63680.0,0.16,31840.0,0.03,66
0.0,0.0049433178923011,0.0,0.0086591246209032,0.0,0.0099707989140628,636800.0,0.005,0.0,63680.0,0.16,31840.0,0.03,55
0.0,0.0049433178923011,0.0,0.0051194069854035,0.0,0.0071165103573692,636800.0,0.005,0.0,63680.0,0.16,31840.0,0.003,77
0.0,0.0049433178923011,0.0,0.0057048512203638,0.0,0.007548623664671,636800.0,0.005,0.0,63680.0,0.16,31840.0,0.003,66
0.0,0.0049433178923011,0.0,0.0071563236433658,0.0,0.0086976640469117,636800.0,0.005,0.0,63680.0,0.16,31840.0,0.003,55
0.0,0.0049433178923011,0.0,0.0051036032864466,0.0,0.0071051501243656,636800.0,0.005,0.0,63680.0,0.16,31840.0,0.0015,77
0.0,0.0049433178923011,0.0,0.0056900970006288,0.0,0.007537479397047,636800.0,0.005,0.0,63680.0,0.16,31840.0,0.0015,66
0.0,0.0049433178923011,0.0,0.0071437323220614,0.0,0.0086873070207982,636800.0,0.005,0.0,63680.0,0.16,31840.0,0.0015,55
0.0,0.0049433178923011,0.0,0.0067231088052318,0.0,0.0083448537309727,636800.0,0.005,0.0,63680.0,0.08,31840.0,0.03,77
0.0,0.0049433178923011,0.0,0.0069435625713792,0.0,0.008523464845179,636800.0,0.005,0.0,63680.0,0.08,31840.0,0.03,66
0.0,0.0049433178923011,0.0,0.0074221362231348,0.0,0.0089176509182135,636800.0,0.005,0.0,63680.0,0.08,31840.0,0.03,55
0.0,0.0049433178923011,0.0,0.0048861119792069,0.0,0.006950574225033,636800.0,0.005,0.0,63680.0,0.08,31840.0,0.003,77
0.0,0.0049433178923011,0.0,0.0051010538080836,0.0,0.0071033190648674,636800.0,0.005,0.0,63680.0,0.08,31840.0,0.003,66
0.0,0.0049433178923011,0.0,0.0055964841644585,0.0,0.0074670627951946,636800.0,0.005,0.0,63680.0,0.08,31840.0,0.003,55
0.0,0.0049433178923011,0.0,0.004869551200735,0.0,0.006938942331575,636800.0,0.005,0.0,63680.0,0.08,31840.0,0.0015,77
0.0,0.0049433178923011,0.0,0.0050845478051683,0.0,0.0070914750346727,636800.0,0.005,0.0,63680.0,0.08,31840.0,0.0015,66
0.0,0.0049433178923011,0.0,0.0055803743963737,0.0,0.0074549963238118,636800.0,0.005,0.0,63680.0,0.08,31840.0,0.0015,55
0.0,0.0049433178923011,0.0,0.0066655752637012,0.0,0.008298571285493,636800.0,0.005,0.0,63680.0,0.008,31840.0,0.03,77
0.0,0.0049433178923011,0.0,0.0067867481616601,0.0,0.0083962100017889,636800.0,0.005,0.0,63680.0,0.008,31840.0,0.03,66
0.0,0.0049433178923011,0.0,0.006965890911903,0.0,0.0085416642395307,636800.0,0.005,0.0,63680.0,0.008,31840.0,0.03,55
0.0,0.0049433178923011,0.0,0.0048066403924601,0.0,0.0068949389878935,636800.0,0.005,0.0,63680.0,0.008,31840.0,0.003,77
0.0,0.0049433178923011,0.0,0.0048854518092088,0.0,0.0069501101548426,636800.0,0.005,0.0,63680.0,0.008,31840.0,0.003,66
0.0,0.0049433178923011,0.0,0.004975556761288,0.0,0.0070137405761222,636800.0,0.005,0.0,63680.0,0.008,31840.0,0.003,55
0.0,0.0049433178923011,0.0,0.0047898048483899,0.0,0.0068832130774809,636800.0,0.005,0.0,63680.0,0.008,31840.0,0.0015,77
0.0,0.0049433178923011,0.0,0.0048682148483997,0.0,0.0069380045830573,636800.0,0.005,0.0,63680.0,0.008,31840.0,0.0015,66
0.0,0.0049433178923011,0.0,0.0049574296248629,0.0,0.0070008928194775,636800.0,0.005,0.0,63680.0,0.008,31840.0,0.0015,55
-0.1793734218116331,0.0049433178923011,-0.1858060545771214,0.0068945217104477,-0.0064326327654882,0.0084835618345232,636800.0,0.005,5.0,63680.0,0.16,31840.0,0.03,77
-0.1793734218116331,0.0049433178923011,-0.1888653557446293,0.0073984889454659,-0.0094919339329961,0.0088979790098946,636800.0,0.005,5.0,63680.0,0.16,31840.0,0.03,66
-0.1793734218116331,0.0049433178923011,-0.1923759237081485,0.0086591246209032,-0.0130025018965153,0.0099707989140628,636800.0,0.005,5.0,63680.0,0.16,31840.0,0.03,55
-0.1793734218116331,0.0049433178923011,-0.1858060545771214,0.0051194069854035,-0.0064326327654882,0.0071165103573692,636800.0,0.005,5.0,63680.0,0.16,31840.0,0.003,77
-0.1793734218116331,0.0049433178923011,-0.1888653557446293,0.0057048512203638,-0.0094919339329961,0.007548623664671,636800.0,0.005,5.0,63680.0,0.16,31840.0,0.003,66
-0.1793734218116331,0.0049433178923011,-0.1923759237081485,0.0071563236433659,-0.0130025018965153,0.0086976640469118,636800.0,0.005,5.0,63680.0,0.16,31840.0,0.003,55
-0.1793734218116331,0.0049433178923011,-0.1858060545771214,0.0051036032864466,-0.0064326327654882,0.0071051501243656,636800.0,0.005,5.0,63680.0,0.16,31840.0,0.0015,77
-0.1793734218116331,0.0049433178923011,-0.1888653557446293,0.0056900970006288,-0.0094919339329961,0.0075374793970471,636800.0,0.005,5.0,63680.0,0.16,31840.0,0.0015,66
-0.1793734218116331,0.0049433178923011,-0.1923759237081485,0.0071437323220614,-0.0130025018965153,0.0086873070207982,636800.0,0.005,5.0,63680.0,0.16,31840.0,0.0015,55
-0.1793734218116331,0.0049433178923011,-0.1858060545771214,0.0067231088052318,-0.0064326327654882,0.0083448537309727,636800.0,0.005,5.0,63680.0,0.08,31840.0,0.03,77
-0.1793734218116331,0.0049433178923011,-0.1888653557446293,0.0069435625713792,-0.0094919339329961,0.008523464845179,636800.0,0.005,5.0,63680.0,0.08,31840.0,0.03,66
-0.1793734218116331,0.0049433178923011,-0.1923759237081485,0.0074221362231348,-0.0130025018965153,0.0089176509182135,636800.0,0.005,5.0,63680.0,0.08,31840.0,0.03,55
-0.1793734218116331,0.0049433178923011,-0.1858060545771214,0.0048861119792069,-0.0064326327654882,0.006950574225033,636800.0,0.005,5.0,63680.0,0.08,31840.0,0.003,77
-0.1793734218116331,0.0049433178923011,-0.1888653557446293,0.0051010538080836,-0.0094919339329961,0.0071033190648674,636800.0,0.005,5.0,63680.0,0.08,31840.0,0.003,66
-0.1793734218116331,0.0049433178923011,-0.1923759237081485,0.0055964841644585,-0.0130025018965153,0.0074670627951946,636800.0,0.005,5.0,63680.0,0.08,31840.0,0.003,55
-0.1793734218116331,0.0049433178923011,-0.1858060545771214,0.004869551200735,-0.0064326327654882,0.006938942331575,636800.0,0.005,5.0,63680.0,0.08,31840.0,0.0015,77
-0.1793734218116331,0.0049433178923011,-0.1888653557446293,0.0050845478051683,-0.0094919339329961,0.0070914750346727,636800.0,0.005,5.0,63680.0,0.08,31840.0,0.0015,66
-0.1793734218116331,0.0049433178923011,-0.1923759237081485,0.0055803743963737,-0.0130025018965153,0.0074549963238118,636800.0,0.005,5.0,63680.0,0.08,31840.0,0.0015,55
-0.1793734218116331,0.0049433178923011,-0.1858060545771214,0.0066655752637012,-0.0064326327654882,0.008298571285493,636800.0,0.005,5.0,63680.0,0.008,31840.0,0.03,77
-0.1793734218116331,0.0049433178923011,-0.1888653557446293,0.00678674816166,-0.0094919339329961,0.0083962100017889,636800.0,0.005,5.0,63680.0,0.008,31840.0,0.03,66
-0.1793734218116331,0.0049433178923011,-0.1923759237081485,0.0069658909119031,-0.0130025018965153,0.0085416642395307,636800.0,0.005,5.0,63680.0,0.008,31840.0,0.03,55
-0.1793734218116331,0.0049433178923011,-0.1858060545771214,0.0048066403924601,-0.0064326327654882,0.0068949389878935,636800.0,0.005,5.0,63680.0,0.008,31840.0,0.003,77
-0.1793734218116331,0.0049433178923011,-0.1888653557446293,0.0048854518092088,-0.0094919339329961,0.0069501101548426,636800.0,0.005,5.0,63680.0,0.008,31840.0,0.003,66
-0.1793734218116331,0.0049433178923011,-0.1923759237081485,0.004975556761288,-0.0130025018965153,0.0070137405761222,636800.0,0.005,5.0,63680.0,0.008,31840.0,0.003,55
-0.1793734218116331,0.0049433178923011,-0.1858060545771214,0.0047898048483899,-0.0064326327654882,0.0068832130774809,636800.0,0.005,5.0,63680.0,0.008,31840.0,0.0015,77
-0.1793734218116331,0.0049433178923011,-0.1888653557446293,0.0048682148483997,-0.0094919339329961,0.0069380045830573,636800.0,0.005,5.0,63680.0,0.008,31840.0,0.0015,66
-0.1793734218116331,0.0049433178923011,-0.1923759237081485,0.0049574296248629,-0.0130025018965153,0.0070008928194775,636800.0,0.005,5.0,63680.0,0.008,31840.0,0.0015,55
-0.5381202654348995,0.0049433178923011,-0.5574181637313642,0.0068945217104476,-0.0192978982964646,0.0084835618345232,636800.0,0.005,15.0,63680.0,0.16,31840.0,0.03,77
-0.5381202654348995,0.0049433178923011,-0.5665960672338881,0.0073984889454659,-0.0284758017989885,0.0088979790098946,636800.0,0.005,15.0,63680.0,0.16,31840.0,0.03,66
-0.5381202654348995,0.0049433178923011,-0.5771277711244457,0.0086591246209032,-0.0390075056895461,0.0099707989140628,636800.0,0.005,15.0,63680.0,0.16,31840.0,0.03,55
-0.5381202654348995,0.0049433178923011,-0.5574181637313642,0.0051194069854035,-0.0192978982964646,0.0071165103573692,636800.0,0.005,15.0,63680.0,0.16,31840.0,0.003,77
-0.5381202654348995,0.0049433178923011,-0.5665960672338881,0.0057048512203638,-0.0284758017989885,0.007548623664671,636800.0,0.005,15.0,63680.0,0.16,31840.0,0.003,66
-0.5381202654348995,0.0049433178923011,-0.5771277711244457,0.0071563236433659,-0.0390075056895461,0.0086976640469118,636800.0,0.005,15.0,63680.0,0.16,31840.0,0.003,55
-0.5381202654348995,0.0049433178923011,-0.5574181637313642,0.0051036032864466,-0.0192978982964646,0.0071051501243656,636800.0,0.005,15.0,63680.0,0.16,31840.0,0.0015,77
-0.5381202654348995,0.0049433178923011,-0.5665960672338881,0.0056900970006288,-0.0284758017989885,0.0075374793970471,636800.0,0.005,15.0,63680.0,0.16,31840.0,0.0015,66
-0.5381202654348995,0.0049433178923011,-0.5771277711244457,0.0071437323220615,-0.0390075056895461,0.0086873070207982,636800.0,0.005,15.0,63680.0,0.16,31840.0,0.0015,55
-0.5381202654348995,0.0049433178923011,-0.5574181637313642,0.0067231088052318,-0.0192978982964646,0.0083448537309727,636800.0,0.005,15.0,63680.0,0.08,31840.0,0.03,77
-0.5381202654348995,0.0049433178923011,-0.5665960672338881,0.0069435625713792,-0.0284758017989885,0.008523464845179,636800.0,0.005,15.0,63680.0,0.08,31840.0,0.03,66
-0.5381202654348995,0.0049433178923011,-0.5771277711244457,0.0074221362231348,-0.0390075056895461,0.0089176509182135,636800.0,0.005,15.0,63680.0,0.08,31840.0,0.03,55
-0.5381202654348995,0.0049433178923011,-0.5574181637313642,0.0048861119792069,-0.0192978982964646,0.006950574225033,636800.0,0.005,15.0,63680.0,0.08,31840.0,0.003,77
-0.5381202654348995,0.0049433178923011,-0.5665960672338881,0.0051010538080836,-0.0284758017989885,0.0071033190648674,636800.0,0.005,15.0,63680.0,0.08,31840.0,0.003,66
-0.5381202654348995,0.0049433178923011,-0.5771277711244457,0.0055964841644585,-0.0390075056895461,0.0074670627951946,636800.0,0.005,15.0,63680.0,0.08,31840.0,0.003,55
-0.5381202654348995,0.0049433178923011,-0.5574181637313642,0.004869551200735,-0.0192978982964646,0.006938942331575,636800.0,0.005,15.0,63680.0,0.08,31840.0,0.0015,77
-0.5381202654348995,0.0049433178923011,-0.5665960672338881,0.0050845478051683,-0.0284758017989885,0.0070914750346727,636800.0,0.005,15.0,63680.0,0.08,31840.0,0.0015,66
-0.5381202654348995,0.0049433178923011,-0.5771277711244457,0.0055803743963737,-0.0390075056895461,0.0074549963238118,636800.0,0.005,15.0,63680.0,0.08,31840.0,0.0015,55
-0.5381202654348995,0.0049433178923011,-0.5574181637313642,0.0066655752637012,-0.0192978982964646,0.008298571285493,636800.0,0.005,15.0,63680.0,0.008,31840.0,0.03,77
-0.5381202654348995,0.0049433178923011,-0.5665960672338881,0.00678674816166,-0.0284758017989885,0.0083962100017889,636800.0,0.005,15.0,63680.0,0.008,31840.0,0.03,66
-0.5381202654348995,0.0049433178923011,-0.5771277711244457,0.0069658909119031,-0.0390075056895461,0.0085416642395307,636800.0,0.005,15.0,63680.0,0.008,31840.0,0.03,55
-0.5381202654348995,0.0049433178923011,-0.5574181637313642,0.0048066403924601,-0.0192978982964646,0.0068949389878935,636800.0,0.005,15.0,63680.0,0.008,31840.0,0.003,77
-0.5381202654348995,0.0049433178923011,-0.5665960672338881,0.0048854518092088,-0.0284758017989885,0.0069501101548426,636800.0,0.005,15.0,63680.0,0.008,31840.0,0.003,66
-0.5381202654348995,0.0049433178923011,-0.5771277711244457,0.004975556761288,-0.0390075056895461,0.0070137405761222,636800.0,0.005,15.0,63680.0,0.008,31840.0,0.003,55
-0.5381202654348995,0.0049433178923011,-0.5574181637313642,0.0047898048483899,-0.0192978982964646,0.0068832130774809,636800.0,0.005,15.0,63680.0,0.008,31840.0,0.0015,77
-0.5381202654348995,0.0049433178923011,-0.5665960672338881,0.0048682148483997,-0.0284758017989885,0.0069380045830573,636800.0,0.005,15.0,63680.0,0.008,31840.0,0.0015,66
-0.5381202654348995,0.0049433178923011,-0.5771277711244457,0.0049574296248629,-0.0390075056895461,0.0070008928194775,636800.0,0.005,15.0,63680.0,0.008,31840.0,0.0015,55
0.5381202654348995,0.0494331789230112,0.5574181637313642,0.048090679178525,0.0192978982964646,0.0689663149826512,636800.0,0.05,-15.0,63680.0,0.16,31840.0,0.03,77
0.5381202654348995,0.0494331789230112,0.5665960672338881,0.0489212480983846,0.0284758017989885,0.069548024371208,636800.0,0.05,-15.0,63680.0,0.16,31840.0,0.03,66
0.5381202654348995,0.0494331789230112,0.5771277711244457,0.049955068227013,0.0390075056895461,0.0702790724184659,636800.0,0.05,-15.0,63680.0,0.16,31840.0,0.03,55
0.5381202654348995,0.0494331789230112,0.5574181637313642,0.0478684376402467,0.0192978982964646,0.0688115288345829,636800.0,0.05,-15.0,63680.0,0.16,31840.0,0.003,77
0.5381202654348995,0.0494331789230112,0.5665960672338881,0.0486939031530027,0.0284758017989885,0.0693882942772659,636800.0,0.05,-15.0,63680.0,0.16,31840.0,0.003,66
0.5381202654348995,0.0494331789230112,0.5771277711244457,0.049716610609069,0.0390075056895461,0.0701097749881444,636800.0,0.05,-15.0,63680.0,0.16,31840.0,0.003,55
0.5381202654348995,0.0494331789230112,0.5574181637313642,0.0478667500540972,0.0192978982964646,0.0688103548833739,636800.0,0.05,-15.0,63680.0,0.16,31840.0,0.0015,77
0.5381202654348995,0.0494331789230112,0.5665960672338881,0.0486921767915965,0.0284758017989885,0.0693870827974381,636800.0,0.05,-15.0,63680.0,0.16,31840.0,0.0015,66
0.5381202654348995,0.0494331789230112,0.5771277711244457,0.0497147997466998,0.0390075056895461,0.0701084908715692,636800.0,0.05,-15.0,63680.0,0.16,31840.0,0.0015,55
0.5381202654348995,0.0494331789230112,0.5574181637313642,0.0480664039246017,0.0192978982964646,0.0689493898789352,636800.0,0.05,-15.0,63680.0,0.08,31840.0,0.03,77
0.5381202654348995,0.0494331789230112,0.5665960672338881,0.0488545180920883,0.0284758017989885,0.069501101548426,636800.0,0.05,-15.0,63680.0,0.08,31840.0,0.03,66
0.5381202654348995,0.0494331789230112,0.5771277711244457,0.0497555676128809,0.0390075056895461,0.0701374057612228,636800.0,0.05,-15.0,63680.0,0.08,31840.0,0.03,55
0.5381202654348995,0.0494331789230112,0.5574181637313642,0.0478440496248942,0.0192978982964646,0.0687945656497937,636800.0,0.05,-15.0,63680.0,0.08,31840.0,0.003,77
0.5381202654348995,0.0494331789230112,0.5665960672338881,0.0486268611652087,0.0284758017989885,0.0693412633661583,636800.0,0.05,-15.0,63680.0,0.08,31840.0,0.003,66
0.5381202654348995,0.0494331789230112,0.5771277711244457,0.0495161492582797,0.0390075056895461,0.0699677655481628,636800.0,0.05,-15.0,63680.0,0.08,31840.0,0.003,55
0.5381202654348995,0.0494331789230112,0.5574181637313642,0.0478423611784845,0.0192978982964646,0.06879339140911,636800.0,0.05,-15.0,63680.0,0.08,31840.0,0.0015,77
0.5381202654348995,0.0494331789230112,0.5665960672338881,0.0486251324235787,0.0284758017989885,0.0693400510646265,636800.0,0.05,-15.0,63680.0,0.08,31840.0,0.0015,66
0.5381202654348995,0.0494331789230112,0.5771277711244457,0.0495143310645403,0.0390075056895461,0.0699664788252442,636800.0,0.05,-15.0,63680.0,0.08,31840.0,0.0015,55
0.5381202654348995,0.0494331789230112,0.5574181637313642,0.0480583903999297,0.0192978982964646,0.0689438036829018,636800.0,0.05,-15.0,63680.0,0.008,31840.0,0.03,77
0.5381202654348995,0.0494331789230112,0.5665960672338881,0.0488324771789976,0.0284758017989885,0.06948561006332,636800.0,0.05,-15.0,63680.0,0.008,31840.0,0.03,66
0.5381202654348995,0.0494331789230112,0.5771277711244457,0.0496895566347872,0.0390075056895461,0.0700905929279827,636800.0,0.05,-15.0,63680.0,0.008,31840.0,0.03,55
0.5381202654348995,0.0494331789230112,0.5574181637313642,0.047835998851267,0.0192978982964646,0.0687889668808368,636800.0,0.05,-15.0,63680.0,0.008,31840.0,0.003,77
0.5381202654348995,0.0494331789230112,0.5665960672338881,0.0486047170160224,0.0284758017989885,0.0693257361637226,636800.0,0.05,-15.0,63680.0,0.008,31840.0,0.003,66
0.5381202654348995,0.0494331789230112,0.5771277711244457,0.0494498186796473,0.0390075056895461,0.069920839138875,636800.0,0.05,-15.0,63680.0,0.008,31840.0,0.003,55
0.5381202654348995,0.0494331789230112,0.5574181637313642,0.0478343101206827,0.0192978982964646,0.0687877925445794,636800.0,0.05,-15.0,63680.0,0.008,31840.0,0.0015,77
0.5381202654348995,0.0494331789230112,0.5665960672338881,0.0486029874867554,0.0284758017989885,0.0693245235906613,636800.0,0.05,-15.0,63680.0,0.008,31840.0,0.0015,66
0.5381202654348995,0.0494331789230112,0.5771277711244457,0.0494479980469449,0.0390075056895461,0.0699195515523742,636800.0,0.05,-15.0,63680.0,0.008,31840.0,0.0015,55
0.1793734218116331,0.0494331789230112,0.1858060545771214,0.048090679178525,0.0064326327654882,0.0689663149826512,636800.0,0.05,-5.0,63680.0,0.16,31840.0,0.03,77
0.1793734218116331,0.0494331789230112,0.1888653557446293,0.0489212480983846,0.0094919339329961,0.069548024371208,636800.0,0.05,-5.0,63680.0,0.16,31840.0,0.03,66
0.1793734218116331,0.0494331789230112,0.1923759237081485,0.049955068227013,0.0130025018965153,0.0702790724184659,636800.0,0.05,-5.0,63680.0,0.16,31840.0,0.03,55
0.1793734218116331,0.0494331789230112,0.1858060545771214,0.0478684376402467,0.0064326327654882,0.0688115288345829,636800.0,0.05,-5.0,63680.0,0.16,31840.0,0.003,77
0.1793734218116331,0.0494331789230112,0.1888653557446293,0.0486939031530027,0.0094919339329961,0.0693882942772659,636800.0,0.05,-5.0,63680.0,0.16,31840.0,0.003,66
0.1793734218116331,0.0494331789230112,0.1923759237081485,0.049716610609069,0.0130025018965153,0.0701097749881444,636800.0,0.05,-5.0,63680.0,0.16,31840.0,0.003,55
0.1793734218116331,0.0494331789230112,0.1858060545771214,0.0478667500540972,0.0064326327654882,0.0688103548833739,636800.0,0.05,-5.0,63680.0,0.16,31840.0,0.0015,77
0.1793734218116331,0.0494331789230112,0.1888653557446293,0.0486921767915965,0.0094919339329961,0.0693870827974381,636800.0,0.05,-5.0,63680.0,0.16,31840.0,0.0015,66
0.1793734218116331,0.0494331789230112,0.1923759237081485,0.0497147997466998,0.0130025018965153,0.0701084908715692,636800.0,0.05,-5.0,63680.0,0.16,31840.0,0.0015,55
0.1793734218116331,0.0494331789230112,0.1858060545771214,0.0480664039246018,0.0064326327654882,0.0689493898789352,636800.0,0.05,-5.0,63680.0,0.08,31840.0,0.03,77
0.1793734218116331,0.0494331789230112,0.1888653557446293,0.0488545180920883,0.0094919339329961,0.069501101548426,636800.0,0.05,-5.0,63680.0,0.08,31840.0,0.03,66
0.1793734218116331,0.0494331789230112,0.1923759237081485,0.0497555676128809,0.0130025018965153,0.0701374057612228,636800.0,0.05,-5.0,63680.0,0.08,31840.0,0.03,55
0.1793734218116331,0.0494331789230112,0.1858060545771214,0.0478440496248942,0.0064326327654882,0.0687945656497937,636800.0,0.05,-5.0,63680.0,0.08,31840.0,0.003,77
0.1793734218116331,0.0494331789230112,0.1888653557446293,0.0486268611652087,0.0094919339329961,0.0693412633661583,636800.0,0.05,-5.0,63680.0,0.08,31840.0,0.003,66
0.1793734218116331,0.0494331789230112,0.1923759237081485,0.0495161492582797,0.0130025018965153,0.0699677655481628,636800.0,0.05,-5.0,63680.0,0.08,31840.0,0.003,55
0.1793734218116331,0.0494331789230112,0.1858060545771214,0.0478423611784845,0.0064326327654882,0.06879339140911,636800.0,0.05,-5.0,63680.0,0.08,31840.0,0.0015,77
0.1793734218116331,0.0494331789230112,0.1888653557446293,0.0486251324235787,0.0094919339329961,0.0693400510646265,636800.0,0.05,-5.0,63680.0,0.08,31840.0,0.0015,66
0.1793734218116331,0.0494331789230112,0.1923759237081485,0.0495143310645403,0.0130025018965153,0.0699664788252442,636800.0,0.05,-5.0,63680.0,0.08,31840.0,0.0015,55
0.1793734218116331,0.0494331789230112,0.1858060545771214,0.0480583903999296,0.0064326327654882,0.0689438036829017,636800.0,0.05,-5.0,63680.0,0.008,31840.0,0.03,77
0.1793734218116331,0.0494331789230112,0.1888653557446293,0.0488324771789976,0.0094919339329961,0.06948561006332,636800.0,0.05,-5.0,63680.0,0.008,31840.0,0.03,66
0.1793734218116331,0.0494331789230112,0.1923759237081485,0.0496895566347872,0.0130025018965153,0.0700905929279827,636800.0,0.05,-5.0,63680.0,0.008,31840.0,0.03,55
0.1793734218116331,0.0494331789230112,0.1858060545771214,0.047835998851267,0.0064326327654882,0.0687889668808368,636800.0,0.05,-5.0,63680.0,0.008,31840.0,0.003,77
0.1793734218116331,0.0494331789230112,0.1888653557446293,0.0486047170160224,0.0094919339329961,0.0693257361637226,636800.0,0.05,-5.0,63680.0,0.008,31840.0,0.003,66
0.1793734218116331,0.0494331789230112,0.1923759237081485,0.0494498186796473,0.0130025018965153,0.069920839138875,636800.0,0.05,-5.0,63680.0,0.008,31840.0,0.003,55
0.1793734218116331,0.0494331789230112,0.1858060545771214,0.0478343101206827,0.0064326327654882,0.0687877925445794,636800.0,0.05,-5.0,63680.0,0.008,31840.0,0.0015,77
0.1793734218116331,0.0494331789230112,0.1888653557446293,0.0486029874867554,0.0094919339329961,0.0693245235906613,636800.0,0.05,-5.0,63680.0,0.008,31840.0,0.0015,66
0.1793734218116331,0.0494331789230112,0.1923759237081485,0.0494479980469449,0.0130025018965153,0.0699195515523742,636800.0,0.05,-5.0,63680.0,0.008,31840.0,0.0015,55
0.0,0.0494331789230112,0.0,0.048090679178525,0.0,0.0689663149826512,636800.0,0.05,0.0,63680.0,0.16,31840.0,0.03,77
0.0,0.0494331789230112,0.0,0.0489212480983846,0.0,0.069548024371208,636800.0,0.05,0.0,63680.0,0.16,31840.0,0.03,66
0.0,0.0494331789230112,0.0,0.049955068227013,0.0,0.0702790724184659,636800.0,0.05,0.0,63680.0,0.16,31840.0,0.03,55
0.0,0.0494331789230112,0.0,0.0478684376402467,0.0,0.0688115288345829,636800.0,0.05,0.0,63680.0,0.16,31840.0,0.003,77
0.0,0.0494331789230112,0.0,0.0486939031530027,0.0,0.0693882942772659,636800.0,0.05,0.0,63680.0,0.16,31840.0,0.003,66
0.0,0.0494331789230112,0.0,0.049716610609069,0.0,0.0701097749881444,636800.0,0.05,0.0,63680.0,0.16,31840.0,0.003,55
0.0,0.0494331789230112,0.0,0.0478667500540972,0.0,0.0688103548833739,636800.0,0.05,0.0,63680.0,0.16,31840.0,0.0015,77
0.0,0.0494331789230112,0.0,0.0486921767915965,0.0,0.0693870827974381,636800.0,0.05,0.0,63680.0,0.16,31840.0,0.0015,66
0.0,0.0494331789230112,0.0,0.0497147997466998,0.0,0.0701084908715692,636800.0,0.05,0.0,63680.0,0.16,31840.0,0.0015,55
0.0,0.0494331789230112,0.0,0.0480664039246017,0.0,0.0689493898789352,636800.0,0.05,0.0,63680.0,0.08,31840.0,0.03,77
0.0,0.0494331789230112,0.0,0.0488545180920883,0.0,0.069501101548426,636800.0,0.05,0.0,63680.0,0.08,31840.0,0.03,66
0.0,0.0494331789230112,0.0,0.0497555676128809,0.0,0.0701374057612228,636800.0,0.05,0.0,63680.0,0.08,31840.0,0.03,55
0.0,0.0494331789230112,0.0,0.0478440496248942,0.0,0.0687945656497937,636800.0,0.05,0.0,63680.0,0.08,31840.0,0.003,77
0.0,0.0494331789230112,0.0,0.0486268611652087,0.0,0.0693412633661583,636800.0,0.05,0.0,63680.0,0.08,31840.0,0.003,66
0.0,0.0494331789230112,0.0,0.0495161492582797,0.0,0.0699677655481628,636800.0,0.05,0.0,63680.0,0.08,31840.0,0.003,55
0.0,0.0494331789230112,0.0,0.0478423611784845,0.0,0.06879339140911,636800.0,0.05,0.0,63680.0,0.08,31840.0,0.0015,77
0.0,0.0494331789230112,0.0,0.0486251324235787,0.0,0.0693400510646265,636800.0,0.05,0.0,63680.0,0.08,31840.0,0.0015,66
0.0,0.0494331789230112,0.0,0.0495143310645403,0.0,0.0699664788252442,636800.0,0.05,0.0,63680.0,0.08,31840.0,0.0015,55
0.0,0.0494331789230112,0.0,0.0480583903999296,0.0,0.0689438036829017,636800.0,0.05,0.0,63680.0,0.008,31840.0,0.03,77
0.0,0.0494331789230112,0.0,0.0488324771789976,0.0,0.06948561006332,636800.0,0.05,0.0,63680.0,0.008,31840.0,0.03,66
0.0,0.0494331789230112,0.0,0.0496895566347872,0.0,0.0700905929279827,636800.0,0.05,0.0,63680.0,0.008,31840.0,0.03,55
0.0,0.0494331789230112,0.0,0.047835998851267,0.0,0.0687889668808368,636800.0,0.05,0.0,63680.0,0.008,31840.0,0.003,77
0.0,0.0494331789230112,0.0,0.0486047170160224,0.0,0.0693257361637226,636800.0,0.05,0.0,63680.0,0.008,31840.0,0.003,66
0.0,0.0494331789230112,0.0,0.0494498186796473,0.0,0.069920839138875,636800.0,0.05,0.0,63680.0,0.008,31840.0,0.003,55
0.0,0.0494331789230112,0.0,0.0478343101206827,0.0,0.0687877925445794,636800.0,0.05,0.0,63680.0,0.008,31840.0,0.0015,77
0.0,0.0494331789230112,0.0,0.0486029874867554,0.0,0.0693245235906613,636800.0,0.05,0.0,63680.0,0.008,31840.0,0.0015,66
0.0,0.0494331789230112,0.0,0.0494479980469449,0.0,0.0699195515523742,636800.0,0.05,0.0,63680.0,0.008,31840.0,0.0015,55
-0.1793734218116331,0.0494331789230112,-0.1858060545771214,0.048090679178525,-0.0064326327654882,0.0689663149826512,636800.0,0.05,5.0,63680.0,0.16,31840.0,0.03,77
-0.1793734218116331,0.0494331789230112,-0.1888653557446293,0.0489212480983846,-0.0094919339329961,0.069548024371208,636800.0,0.05,5.0,63680.0,0.16,31840.0,0.03,66
-0.1793734218116331,0.0494331789230112,-0.1923759237081485,0.049955068227013,-0.0130025018965153,0.0702790724184659,636800.0,0.05,5.0,63680.0,0.16,31840.0,0.03,55
-0.1793734218116331,0.0494331789230112,-0.1858060545771214,0.0478684376402467,-0.0064326327654882,0.0688115288345829,636800.0,0.05,5.0,63680.0,0.16,31840.0,0.003,77
-0.1793734218116331,0.0494331789230112,-0.1888653557446293,0.0486939031530027,-0.0094919339329961,0.0693882942772659,636800.0,0.05,5.0,63680.0,0.16,31840.0,0.003,66
-0.1793734218116331,0.0494331789230112,-0.1923759237081485,0.049716610609069,-0.0130025018965153,0.0701097749881444,636800.0,0.05,5.0,63680.0,0.16,31840.0,0.003,55
-0.1793734218116331,0.0494331789230112,-0.1858060545771214,0.0478667500540972,-0.0064326327654882,0.0688103548833739,636800.0,0.05,5.0,63680.0,0.16,31840.0,0.0015,77
-0.1793734218116331,0.0494331789230112,-0.1888653557446293,0.0486921767915965,-0.0094919339329961,0.0693870827974381,636800.0,0.05,5.0,63680.0,0.16,31840.0,0.0015,66
-0.1793734218116331,0.0494331789230112,-0.1923759237081485,0.0497147997466998,-0.0130025018965153,0.0701084908715692,636800.0,0.05,5.0,63680.0,0.16,31840.0,0.0015,55
-0.1793734218116331,0.0494331789230112,-0.1858060545771214,0.0480664039246017,-0.0064326327654882,0.0689493898789352,636800.0,0.05,5.0,63680.0,0.08,31840.0,0.03,77
-0.1793734218116331,0.0494331789230112,-0.1888653557446293,0.0488545180920883,-0.0094919339329961,0.069501101548426,636800.0,0.05,5.0,63680.0,0.08,31840.0,0.03,66
-0.1793734218116331,0.0494331789230112,-0.1923759237081485,0.0497555676128809,-0.0130025018965153,0.0701374057612228,636800.0,0.05,5.0,63680.0,0.08,31840.0,0.03,55
-0.1793734218116331,0.0494331789230112,-0.1858060545771214,0.0478440496248942,-0.0064326327654882,0.0687945656497937,636800.0,0.05,5.0,63680.0,0.08,31840.0,0.003,77
-0.1793734218116331,0.0494331789230112,-0.1888653557446293,0.0486268611652087,-0.0094919339329961,0.0693412633661583,636800.0,0.05,5.0,63680.0,0.08,31840.0,0.003,66
-0.1793734218116331,0.0494331789230112,-0.1923759237081485,0.0495161492582797,-0.0130025018965153,0.0699677655481628,636800.0,0.05,5.0,63680.0,0.08,31840.0,0.003,55
-0.1793734218116331,0.0494331789230112,-0.1858060545771214,0.0478423611784845,-0.0064326327654882,0.06879339140911,636800.0,0.05,5.0,63680.0,0.08,31840.0,0.0015,77
-0.1793734218116331,0.0494331789230112,-0.1888653557446293,0.0486251324235787,-0.0094919339329961,0.0693400510646265,636800.0,0.05,5.0,63680.0,0.08,31840.0,0.0015,66
-0.1793734218116331,0.0494331789230112,-0.1923759237081485,0.0495143310645403,-0.0130025018965153,0.0699664788252442,636800.0,0.05,5.0,63680.0,0.08,31840.0,0.0015,55
-0.1793734218116331,0.0494331789230112,-0.1858060545771214,0.0480583903999296,-0.0064326327654882,0.0689438036829017,636800.0,0.05,5.0,63680.0,0.008,31840.0,0.03,77
-0.1793734218116331,0.0494331789230112,-0.1888653557446293,0.0488324771789976,-0.0094919339329961,0.06948561006332,636800.0,0.05,5.0,63680.0,0.008,31840.0,0.03,66
-0.1793734218116331,0.0494331789230112,-0.1923759237081485,0.0496895566347872,-0.0130025018965153,0.0700905929279827,636800.0,0.05,5.0,63680.0,0.008,31840.0,0.03,55
-0.1793734218116331,0.0494331789230112,-0.1858060545771214,0.047835998851267,-0.0064326327654882,0.0687889668808368,636800.0,0.05,5.0,63680.0,0.008,31840.0,0.003,77
-0.1793734218116331,0.0494331789230112,-0.1888653557446293,0.0486047170160224,-0.0094919339329961,0.0693257361637226,636800.0,0.05,5.0,63680.0,0.008,31840.0,0.003,66
-0.1793734218116331,0.0494331789230112,-0.1923759237081485,0.0494498186796473,-0.0130025018965153,0.069920839138875,636800.0,0.05,5.0,63680.0,0.008,31840.0,0.003,55
-0.1793734218116331,0.0494331789230112,-0.1858060545771214,0.0478343101206827,-0.0064326327654882,0.0687877925445794,636800.0,0.05,5.0,63680.0,0.008,31840.0,0.0015,77
-0.1793734218116331,0.0494331789230112,-0.1888653557446293,0.0486029874867554,-0.0094919339329961,0.0693245235906613,636800.0,0.05,5.0,63680.0,0.008,31840.0,0.0015,66
-0.1793734218116331,0.0494331789230112,-0.1923759237081485,0.0494479980469449,-0.0130025018965153,0.0699195515523742,636800.0,0.05,5.0,63680.0,0.008,31840.0,0.0015,55
-0.5381202654348995,0.0494331789230112,-0.5574181637313642,0.048090679178525,-0.0192978982964646,0.0689663149826512,636800.0,0.05,15.0,63680.0,0.16,31840.0,0.03,77
-0.5381202654348995,0.0494331789230112,-0.5665960672338881,0.0489212480983846,-0.0284758017989885,0.069548024371208,636800.0,0.05,15.0,63680.0,0.16,31840.0,0.03,66
-0.5381202654348995,0.0494331789230112,-0.5771277711244457,0.049955068227013,-0.0390075056895461,0.0702790724184659,636800.0,0.05,15.0,63680.0,0.16,31840.0,0.03,55
-0.5381202654348995,0.0494331789230112,-0.5574181637313642,0.0478684376402467,-0.0192978982964646,0.0688115288345829,636800.0,0.05,15.0,63680.0,0.16,31840.0,0.003,77
-0.5381202654348995,0.0494331789230112,-0.5665960672338881,0.0486939031530027,-0.0284758017989885,0.0693882942772659,636800.0,0.05,15.0,63680.0,0.16,31840.0,0.003,66
-0.5381202654348995,0.0494331789230112,-0.5771277711244457,0.049716610609069,-0.0390075056895461,0.0701097749881444,636800.0,0.05,15.0,63680.0,0.16,31840.0,0.003,55
-0.5381202654348995,0.0494331789230112,-0.5574181637313642,0.0478667500540972,-0.0192978982964646,0.0688103548833739,636800.0,0.05,15.0,63680.0,0.16,31840.0,0.0015,77
-0.5381202654348995,0.0494331789230112,-0.5665960672338881,0.0486921767915965,-0.0284758017989885,0.0693870827974381,636800.0,0.05,15.0,63680.0,0.16,31840.0,0.0015,66
-0.5381202654348995,0.0494331789230112,-0.5771277711244457,0.0497147997466998,-0.0390075056895461,0.0701084908715692,636800.0,0.05,15.0,63680.0,0.16,31840.0,0.0015,55
-0.5381202654348995,0.0494331789230112,-0.5574181637313642,0.0480664039246017,-0.0192978982964646,0.0689493898789352,636800.0,0.05,15.0,63680.0,0.08,31840.0,0.03,77
-0.5381202654348995,0.0494331789230112,-0.5665960672338881,0.0488545180920883,-0.0284758017989885,0.069501101548426,636800.0,0.05,15.0,63680.0,0.08,31840.0,0.03,66
-0.5381202654348995,0.0494331789230112,-0.5771277711244457,0.0497555676128809,-0.0390075056895461,0.0701374057612228,636800.0,0.05,15.0,63680.0,0.08,31840.0,0.03,55
-0.5381202654348995,0.0494331789230112,-0.5574181637313642,0.0478440496248942,-0.0192978982964646,0.0687945656497937,636800.0,0.05,15.0,63680.0,0.08,31840.0,0.003,77
-0.5381202654348995,0.0494331789230112,-0.5665960672338881,0.0486268611652087,-0.0284758017989885,0.0693412633661583,636800.0,0.05,15.0,63680.0,0.08,31840.0,0.003,66
-0.5381202654348995,0.0494331789230112,-0.5771277711244457,0.0495161492582797,-0.0390075056895461,0.0699677655481628,636800.0,0.05,15.0,63680.0,0.08,31840.0,0.003,55
-0.5381202654348995,0.0494331789230112,-0.5574181637313642,0.0478423611784845,-0.0192978982964646,0.06879339140911,636800.0,0.05,15.0,63680.0,0.08,31840.0,0.0015,77
-0.5381202654348995,0.0494331789230112,-0.5665960672338881,0.0486251324235787,-0.0284758017989885,0.0693400510646265,636800.0,0.05,15.0,63680.0,0.08,31840.0,0.0015,66
-0.5381202654348995,0.0494331789230112,-0.5771277711244457,0.0495143310645403,-0.0390075056895461,0.0699664788252442,636800.0,0.05,15.0,63680.0,0.08,31840.0,0.0015,55
-0.5381202654348995,0.0494331789230112,-0.5574181637313642,0.0480583903999297,-0.0192978982964646,0.0689438036829018,636800.0,0.05,15.0,63680.0,0.008,31840.0,0.03,77
-0.5381202654348995,0.0494331789230112,-0.5665960672338881,0.0488324771789976,-0.0284758017989885,0.06948561006332,636800.0,0.05,15.0,63680.0,0.008,31840.0,0.03,66
-0.5381202654348995,0.0494331789230112,-0.5771277711244457,0.0496895566347872,-0.0390075056895461,0.0700905929279827,636800.0,0.05,15.0,63680.0,0.008,31840.0,0.03,55
-0.5381202654348995,0.0494331789230112,-0.5574181637313642,0.047835998851267,-0.0192978982964646,0.0687889668808368,636800.0,0.05,15.0,63680.0,0.008,31840.0,0.003,77
-0.5381202654348995,0.0494331789230112,-0.5665960672338881,0.0486047170160224,-0.0284758017989885,0.0693257361637226,636800.0,0.05,15.0,63680.0,0.008,31840.0,0.003,66
-0.5381202654348995,0.0494331789230112,-0.5771277711244457,0.0494498186796473,-0.0390075056895461,0.069920839138875,636800.0,0.05,15.0,63680.0,0.008,31840.0,0.003,55
-0.5381202654348995,0.0494331789230112,-0.5574181637313642,0.0478343101206827,-0.0192978982964646,0.0687877925445794,636800.0,0.05,15.0,63680.0,0.008,31840.0,0.0015,77
-0.5381202654348995,0.0494331789230112,-0.5665960672338881,0.0486029874867554,-0.0284758017989885,0.0693245235906613,636800.0,0.05,15.0,63680.0,0.008,31840.0,0.0015,66
-0.5381202654348995,0.0494331789230112,-0.5771277711244457,0.0494479980469449,-0.0390075056895461,0.0699195515523742,636800.0,0.05,15.0,63680.0,0.008,31840.0,0.0015,55
0.5381202654348995,0.4943317892301129,0.5574181637313642,0.478362428340114,0.0192978982964646,0.6878913654719729,636800.0,0.5,-15.0,63680.0,0.16,31840.0,0.03,77
0.5381202654348995,0.4943317892301129,0.5665960672338881,0.4860538819907274,0.0284758017989885,0.6932620673610383,636800.0,0.5,-15.0,63680.0,0.16,31840.0,0.03,66
0.5381202654348995,0.4943317892301129,0.5771277711244457,0.4945183000436741,0.0390075056895461,0.6992226161399029,636800.0,0.5,-15.0,63680.0,0.16,31840.0,0.03,55
0.5381202654348995,0.4943317892301129,0.5574181637313642,0.4783401370841851,0.0192978982964646,0.6878758642292676,636800.0,0.5,-15.0,63680.0,0.16,31840.0,0.003,77
0.5381202654348995,0.4943317892301129,0.5665960672338881,0.4860310523896867,0.0284758017989885,0.6932460614604825,636800.0,0.5,-15.0,63680.0,0.16,31840.0,0.003,66
0.5381202654348995,0.4943317892301129,0.5771277711244457,0.494494268527931,0.0390075056895461,0.6992056202937862,636800.0,0.5,-15.0,63680.0,0.16,31840.0,0.003,55
0.5381202654348995,0.4943317892301129,0.5574181637313642,0.4783399682070695,0.0192978982964646,0.6878757467942775,636800.0,0.5,-15.0,63680.0,0.16,31840.0,0.0015,77
0.5381202654348995,0.4943317892301129,0.5665960672338881,0.486030879434071,0.0284758017989885,0.6932459402022497,636800.0,0.5,-15.0,63680.0,0.16,31840.0,0.0015,66
0.5381202654348995,0.4943317892301129,0.5771277711244457,0.4944940864665362,0.0390075056895461,0.6992054915357995,636800.0,0.5,-15.0,63680.0,0.16,31840.0,0.0015,55
0.5381202654348995,0.4943317892301129,0.5574181637313642,0.4783599885126701,0.0192978982964646,0.6878896688083683,636800.0,0.5,-15.0,63680.0,0.08,31840.0,0.03,77
0.5381202654348995,0.4943317892301129,0.5665960672338881,0.4860471701602248,0.0284758017989885,0.6932573616372258,636800.0,0.5,-15.0,63680.0,0.08,31840.0,0.03,66
0.5381202654348995,0.4943317892301129,0.5771277711244457,0.4944981867964732,0.0390075056895461,0.6992083913887508,636800.0,0.5,-15.0,63680.0,0.08,31840.0,0.03,55
0.5381202654348995,0.4943317892301129,0.5574181637313642,0.4783376971430416,0.0192978982964646,0.6878741675274287,636800.0,0.5,-15.0,63680.0,0.08,31840.0,0.003,77
0.5381202654348995,0.4943317892301129,0.5665960672338881,0.486024340243915,0.0284758017989885,0.6932413556280219,636800.0,0.5,-15.0,63680.0,0.08,31840.0,0.003,66
0.5381202654348995,0.4943317892301129,0.5771277711244457,0.4944741543032234,0.0390075056895461,0.6991913951968608,636800.0,0.5,-15.0,63680.0,0.08,31840.0,0.003,55
0.5381202654348995,0.4943317892301129,0.5574181637313642,0.4783375282650646,0.0192978982964646,0.687874050092149,636800.0,0.5,-15.0,63680.0,0.08,31840.0,0.0015,77
0.5381202654348995,0.4943317892301129,0.5665960672338881,0.4860241672859107,0.0284758017989885,0.693241234368966,636800.0,0.5,-15.0,63680.0,0.08,31840.0,0.0015,66
0.5381202654348995,0.4943317892301129,0.5771277711244457,0.4944739722344227,0.0390075056895461,0.6991912664362545,636800.0,0.5,-15.0,63680.0,0.08,31840.0,0.0015,55
0.5381202654348995,0.4943317892301129,0.5574181637313642,0.4783591833668827,0.0192978982964646,0.6878891089084604,636800.0,0.5,-15.0,63680.0,0.008,31840.0,0.03,77
0.5381202654348995,0.4943317892301129,0.5665960672338881,0.4860449552358193,0.0284758017989885,0.6932558087413581,636800.0,0.5,-15.0,63680.0,0.008,31840.0,0.03,66
0.5381202654348995,0.4943317892301129,0.5771277711244457,0.4944915492453652,0.0390075056895461,0.6992036971573636,636800.0,0.5,-15.0,63680.0,0.008,31840.0,0.03,55
0.5381202654348995,0.4943317892301129,0.5574181637313642,0.478336891959733,0.0192978982964646,0.6878736076149033,636800.0,0.5,-15.0,63680.0,0.008,31840.0,0.003,77
0.5381202654348995,0.4943317892301129,0.5665960672338881,0.4860221252154679,0.0284758017989885,0.6932398026962999,636800.0,0.5,-15.0,63680.0,0.008,31840.0,0.003,66
0.5381202654348995,0.4943317892301129,0.5771277711244457,0.494467516429512,0.0390075056895461,0.6991867008513638,636800.0,0.5,-15.0,63680.0,0.008,31840.0,0.003,55
0.5381202654348995,0.4943317892301129,0.5574181637313642,0.4783367230814717,0.0192978982964646,0.687873490179528,636800.0,0.5,-15.0,63680.0,0.008,31840.0,0.0015,77
0.5381202654348995,0.4943317892301129,0.5665960672338881,0.4860219522566754,0.0284758017989885,0.6932396814369723,636800.0,0.5,-15.0,63680.0,0.008,31840.0,0.0015,66
0.5381202654348995,0.4943317892301129,0.5771277711244457,0.4944673343582672,0.0390075056895461,0.6991865720898931,636800.0,0.5,-15.0,63680.0,0.008,31840.0,0.0015,55
0.1793734218116331,0.4943317892301129,0.1858060545771214,0.478362428340114,0.0064326327654882,0.6878913654719729,636800.0,0.5,-5.0,63680.0,0.16,31840.0,0.03,77
0.1793734218116331,0.4943317892301129,0.1888653557446293,0.4860538819907274,0.0094919339329961,0.6932620673610383,636800.0,0.5,-5.0,63680.0,0.16,31840.0,0.03,66
0.1793734218116331,0.4943317892301129,0.1923759237081485,0.4945183000436741,0.0130025018965153,0.6992226161399029,636800.0,0.5,-5.0,63680.0,0.16,31840.0,0.03,55
0.1793734218116331,0.4943317892301129,0.1858060545771214,0.4783401370841851,0.0064326327654882,0.6878758642292676,636800.0,0.5,-5.0,63680.0,0.16,31840.0,0.003,77
0.1793734218116331,0.4943317892301129,0.1888653557446293,0.4860310523896867,0.0094919339329961,0.6932460614604825,636800.0,0.5,-5.0,63680.0,0.16,31840.0,0.003,66
0.1793734218116331,0.4943317892301129,0.1923759237081485,0.494494268527931,0.0130025018965153,0.6992056202937862,636800.0,0.5,-5.0,63680.0,0.16,31840.0,0.003,55
0.1793734218116331,0.4943317892301129,0.1858060545771214,0.4783399682070695,0.0064326327654882,0.6878757467942775,636800.0,0.5,-5.0,63680.0,0.16,31840.0,0.0015,77
0.1793734218116331,0.4943317892301129,0.1888653557446293,0.486030879434071,0.0094919339329961,0.6932459402022497,636800.0,0.5,-5.0,63680.0,0.16,31840.0,0.0015,66
0.1793734218116331,0.4943317892301129,0.1923759237081485,0.4944940864665362,0.0130025018965153,0.6992054915357995,636800.0,0.5,-5.0,63680.0,0.16,31840.0,0.0015,55
0.1793734218116331,0.4943317892301129,0.1858060545771214,0.4783599885126701,0.0064326327654882,0.6878896688083683,636800.0,0.5,-5.0,63680.0,0.08,31840.0,0.03,77
0.1793734218116331,0.4943317892301129,0.1888653557446293,0.4860471701602248,0.0094919339329961,0.6932573616372258,636800.0,0.5,-5.0,63680.0,0.08,31840.0,0.03,66
0.1793734218116331,0.4943317892301129,0.1923759237081485,0.4944981867964732,0.0130025018965153,0.6992083913887508,636800.0,0.5,-5.0,63680.0,0.08,31840.0,0.03,55
0.1793734218116331,0.4943317892301129,0.1858060545771214,0.4783376971430416,0.0064326327654882,0.6878741675274287,636800.0,0.5,-5.0,63680.0,0.08,31840.0,0.003,77
0.1793734218116331,0.4943317892301129,0.1888653557446293,0.486024340243915,0.0094919339329961,0.6932413556280219,636800.0,0.5,-5.0,63680.0,0.08,31840.0,0.003,66
0.1793734218116331,0.4943317892301129,0.1923759237081485,0.4944741543032234,0.0130025018965153,0.6991913951968608,636800.0,0.5,-5.0,63680.0,0.08,31840.0,0.003,55
0.1793734218116331,0.4943317892301129,0.1858060545771214,0.4783375282650646,0.0064326327654882,0.687874050092149,636800.0,0.5,-5.0,63680.0,0.08,31840.0,0.0015,77
0.1793734218116331,0.4943317892301129,0.1888653557446293,0.4860241672859107,0.0094919339329961,0.693241234368966,636800.0,0.5,-5.0,63680.0,0.08,31840.0,0.0015,66
0.1793734218116331,0.4943317892301129,0.1923759237081485,0.4944739722344227,0.0130025018965153,0.6991912664362545,636800.0,0.5,-5.0,63680.0,0.08,31840.0,0.0015,55
0.1793734218116331,0.4943317892301129,0.1858060545771214,0.4783591833668827,0.0064326327654882,0.6878891089084604,636800.0,0.5,-5.0,63680.0,0.008,31840.0,0.03,77
0.1793734218116331,0.4943317892301129,0.1888653557446293,0.4860449552358193,0.0094919339329961,0.6932558087413581,636800.0,0.5,-5.0,63680.0,0.008,31840.0,0.03,66
0.1793734218116331,0.4943317892301129,0.1923759237081485,0.4944915492453652,0.0130025018965153,0.6992036971573636,636800.0,0.5,-5.0,63680.0,0.008,31840.0,0.03,55
0.1793734218116331,0.4943317892301129,0.1858060545771214,0.478336891959733,0.0064326327654882,0.6878736076149033,636800.0,0.5,-5.0,63680.0,0.008,31840.0,0.003,77
0.1793734218116331,0.4943317892301129,0.1888653557446293,0.4860221252154679,0.0094919339329961,0.6932398026962999,636800.0,0.5,-5.0,63680.0,0.008,31840.0,0.003,66
0.1793734218116331,0.4943317892301129,0.1923759237081485,0.494467516429512,0.0130025018965153,0.6991867008513638,636800.0,0.5,-5.0,63680.0,0.008,31840.0,0.003,55
0.1793734218116331,0.4943317892301129,0.1858060545771214,0.4783367230814717,0.0064326327654882,0.687873490179528,636800.0,0.5,-5.0,63680.0,0.008,31840.0,0.0015,77
0.1793734218116331,0.4943317892301129,0.1888653557446293,0.4860219522566754,0.0094919339329961,0.6932396814369723,636800.0,0.5,-5.0,63680.0,0.008,31840.0,0.0015,66
0.1793734218116331,0.4943317892301129,0.1923759237081485,0.4944673343582672,0.0130025018965153,0.6991865720898931,636800.0,0.5,-5.0,63680.0,0.008,31840.0,0.0015,55
0.0,0.4943317892301129,0.0,0.478362428340114,0.0,0.6878913654719729,636800.0,0.5,0.0,63680.0,0.16,31840.0,0.03,77
0.0,0.4943317892301129,0.0,0.4860538819907274,0.0,0.6932620673610383,636800.0,0.5,0.0,63680.0,0.16,31840.0,0.03,66
0.0,0.4943317892301129,0.0,0.4945183000436741,0.0,0.6992226161399029,636800.0,0.5,0.0,63680.0,0.16,31840.0,0.03,55
0.0,0.4943317892301129,0.0,0.4783401370841851,0.0,0.6878758642292676,636800.0,0.5,0.0,63680.0,0.16,31840.0,0.003,77
0.0,0.4943317892301129,0.0,0.4860310523896867,0.0,0.6932460614604825,636800.0,0.5,0.0,63680.0,0.16,31840.0,0.003,66
0.0,0.4943317892301129,0.0,0.494494268527931,0.0,0.6992056202937862,636800.0,0.5,0.0,63680.0,0.16,31840.0,0.003,55
0.0,0.4943317892301129,0.0,0.4783399682070695,0.0,0.6878757467942775,636800.0,0.5,0.0,63680.0,0.16,31840.0,0.0015,77
0.0,0.4943317892301129,0.0,0.486030879434071,0.0,0.6932459402022497,636800.0,0.5,0.0,63680.0,0.16,31840.0,0.0015,66
0.0,0.4943317892301129,0.0,0.4944940864665362,0.0,0.6992054915357995,636800.0,0.5,0.0,63680.0,0.16,31840.0,0.0015,55
0.0,0.4943317892301129,0.0,0.4783599885126701,0.0,0.6878896688083683,636800.0,0.5,0.0,63680.0,0.08,31840.0,0.03,77
0.0,0.4943317892301129,0.0,0.4860471701602248,0.0,0.6932573616372258,636800.0,0.5,0.0,63680.0,0.08,31840.0,0.03,66
0.0,0.4943317892301129,0.0,0.4944981867964732,0.0,0.6992083913887508,636800.0,0.5,0.0,63680.0,0.08,31840.0,0.03,55
0.0,0.4943317892301129,0.0,0.4783376971430416,0.0,0.6878741675274287,636800.0,0.5,0.0,63680.0,0.08,31840.0,0.003,77
0.0,0.4943317892301129,0.0,0.486024340243915,0.0,0.6932413556280219,636800.0,0.5,0.0,63680.0,0.08,31840.0,0.003,66
0.0,0.4943317892301129,0.0,0.4944741543032234,0.0,0.6991913951968608,636800.0,0.5,0.0,63680.0,0.08,31840.0,0.003,55
0.0,0.4943317892301129,0.0,0.4783375282650646,0.0,0.687874050092149,636800.0,0.5,0.0,63680.0,0.08,31840.0,0.0015,77
0.0,0.4943317892301129,0.0,0.4860241672859107,0.0,0.693241234368966,636800.0,0.5,0.0,63680.0,0.08,31840.0,0.0015,66
0.0,0.4943317892301129,0.0,0.4944739722344227,0.0,0.6991912664362545,636800.0,0.5,0.0,63680.0,0.08,31840.0,0.0015,55
0.0,0.4943317892301129,0.0,0.4783591833668827,0.0,0.6878891089084604,636800.0,0.5,0.0,63680.0,0.008,31840.0,0.03,77
0.0,0.4943317892301129,0.0,0.4860449552358193,0.0,0.6932558087413581,636800.0,0.5,0.0,63680.0,0.008,31840.0,0.03,66
0.0,0.4943317892301129,0.0,0.4944915492453652,0.0,0.6992036971573636,636800.0,0.5,0.0,63680.0,0.008,31840.0,0.03,55
0.0,0.4943317892301129,0.0,0.478336891959733,0.0,0.6878736076149033,636800.0,0.5,0.0,63680.0,0.008,31840.0,0.003,77
0.0,0.4943317892301129,0.0,0.4860221252154679,0.0,0.6932398026962999,636800.0,0.5,0.0,63680.0,0.008,31840.0,0.003,66
0.0,0.4943317892301129,0.0,0.494467516429512,0.0,0.6991867008513638,636800.0,0.5,0.0,63680.0,0.008,31840.0,0.003,55
0.0,0.4943317892301129,0.0,0.4783367230814717,0.0,0.687873490179528,636800.0,0.5,0.0,63680.0,0.008,31840.0,0.0015,77
0.0,0.4943317892301129,0.0,0.4860219522566754,0.0,0.6932396814369723,636800.0,0.5,0.0,63680.0,0.008,31840.0,0.0015,66
0.0,0.4943317892301129,0.0,0.4944673343582672,0.0,0.6991865720898931,636800.0,0.5,0.0,63680.0,0.008,31840.0,0.0015,55
-0.1793734218116331,0.4943317892301129,-0.1858060545771214,0.478362428340114,-0.0064326327654882,0.6878913654719729,636800.0,0.5,5.0,63680.0,0.16,31840.0,0.03,77
-0.1793734218116331,0.4943317892301129,-0.1888653557446293,0.4860538819907274,-0.0094919339329961,0.6932620673610383,636800.0,0.5,5.0,63680.0,0.16,31840.0,0.03,66
-0.1793734218116331,0.4943317892301129,-0.1923759237081485,0.4945183000436741,-0.0130025018965153,0.6992226161399029,636800.0,0.5,5.0,63680.0,0.16,31840.0,0.03,55
-0.1793734218116331,0.4943317892301129,-0.1858060545771214,0.4783401370841851,-0.0064326327654882,0.6878758642292676,636800.0,0.5,5.0,63680.0,0.16,31840.0,0.003,77
-0.1793734218116331,0.4943317892301129,-0.1888653557446293,0.4860310523896867,-0.0094919339329961,0.6932460614604825,636800.0,0.5,5.0,63680.0,0.16,31840.0,0.003,66
-0.1793734218116331,0.4943317892301129,-0.1923759237081485,0.494494268527931,-0.0130025018965153,0.6992056202937862,636800.0,0.5,5.0,63680.0,0.16,31840.0,0.003,55
-0.1793734218116331,0.4943317892301129,-0.1858060545771214,0.4783399682070695,-0.0064326327654882,0.6878757467942775,636800.0,0.5,5.0,63680.0,0.16,31840.0,0.0015,77
-0.1793734218116331,0.4943317892301129,-0.1888653557446293,0.486030879434071,-0.0094919339329961,0.6932459402022497,636800.0,0.5,5.0,63680.0,0.16,31840.0,0.0015,66
-0.1793734218116331,0.4943317892301129,-0.1923759237081485,0.4944940864665362,-0.0130025018965153,0.6992054915357995,636800.0,0.5,5.0,63680.0,0.16,31840.0,0.0015,55
-0.1793734218116331,0.4943317892301129,-0.1858060545771214,0.4783599885126701,-0.0064326327654882,0.6878896688083683,636800.0,0.5,5.0,63680.0,0.08,31840.0,0.03,77
-0.1793734218116331,0.4943317892301129,-0.1888653557446293,0.4860471701602248,-0.0094919339329961,0.6932573616372258,636800.0,0.5,5.0,63680.0,0.08,31840.0,0.03,66
-0.1793734218116331,0.4943317892301129,-0.1923759237081485,0.4944981867964732,-0.0130025018965153,0.6992083913887508,636800.0,0.5,5.0,63680.0,0.08,31840.0,0.03,55
-0.1793734218116331,0.4943317892301129,-0.1858060545771214,0.4783376971430416,-0.0064326327654882,0.6878741675274287,636800.0,0.5,5.0,63680.0,0.08,31840.0,0.003,77
-0.1793734218116331,0.4943317892301129,-0.1888653557446293,0.486024340243915,-0.0094919339329961,0.6932413556280219,636800.0,0.5,5.0,63680.0,0.08,31840.0,0.003,66
-0.1793734218116331,0.4943317892301129,-0.1923759237081485,0.4944741543032234,-0.0130025018965153,0.6991913951968608,636800.0,0.5,5.0,63680.0,0.08,31840.0,0.003,55
-0.1793734218116331,0.4943317892301129,-0.1858060545771214,0.4783375282650646,-0.0064326327654882,0.687874050092149,636800.0,0.5,5.0,63680.0,0.08,31840.0,0.0015,77
-0.1793734218116331,0.4943317892301129,-0.1888653557446293,0.4860241672859107,-0.0094919339329961,0.693241234368966,636800.0,0.5,5.0,63680.0,0.08,31840.0,0.0015,66
-0.1793734218116331,0.4943317892301129,-0.1923759237081485,0.4944739722344227,-0.0130025018965153,0.6991912664362545,636800.0,0.5,5.0,63680.0,0.08,31840.0,0.0015,55
-0.1793734218116331,0.4943317892301129,-0.1858060545771214,0.4783591833668827,-0.0064326327654882,0.6878891089084604,636800.0,0.5,5.0,63680.0,0.008,31840.0,0.03,77
-0.1793734218116331,0.4943317892301129,-0.1888653557446293,0.4860449552358193,-0.0094919339329961,0.6932558087413581,636800.0,0.5,5.0,63680.0,0.008,31840.0,0.03,66
-0.1793734218116331,0.4943317892301129,-0.1923759237081485,0.4944915492453652,-0.0130025018965153,0.6992036971573636,636800.0,0.5,5.0,63680.0,0.008,31840.0,0.03,55
-0.1793734218116331,0.4943317892301129,-0.1858060545771214,0.478336891959733,-0.0064326327654882,0.6878736076149033,636800.0,0.5,5.0,63680.0,0.008,31840.0,0.003,77
-0.1793734218116331,0.4943317892301129,-0.1888653557446293,0.4860221252154679,-0.0094919339329961,0.6932398026962999,636800.0,0.5,5.0,63680.0,0.008,31840.0,0.003,66
-0.1793734218116331,0.4943317892301129,-0.1923759237081485,0.494467516429512,-0.0130025018965153,0.6991867008513638,636800.0,0.5,5.0,63680.0,0.008,31840.0,0.003,55
-0.1793734218116331,0.4943317892301129,-0.1858060545771214,0.4783367230814717,-0.0064326327654882,0.687873490179528,636800.0,0.5,5.0,63680.0,0.008,31840.0,0.0015,77
-0.1793734218116331,0.4943317892301129,-0.1888653557446293,0.4860219522566754,-0.0094919339329961,0.6932396814369723,636800.0,0.5,5.0,63680.0,0.008,31840.0,0.0015,66
-0.1793734218116331,0.4943317892301129,-0.1923759237081485,0.4944673343582672,-0.0130025018965153,0.6991865720898931,636800.0,0.5,5.0,63680.0,0.008,31840.0,0.0015,55
-0.5381202654348995,0.4943317892301129,-0.5574181637313642,0.478362428340114,-0.0192978982964646,0.6878913654719729,636800.0,0.5,15.0,63680.0,0.16,31840.0,0.03,77
-0.5381202654348995,0.4943317892301129,-0.5665960672338881,0.4860538819907274,-0.0284758017989885,0.6932620673610383,636800.0,0.5,15.0,63680.0,0.16,31840.0,0.03,66
-0.5381202654348995,0.4943317892301129,-0.5771277711244457,0.4945183000436741,-0.0390075056895461,0.6992226161399029,636800.0,0.5,15.0,63680.0,0.16,31840.0,0.03,55
-0.5381202654348995,0.4943317892301129,-0.5574181637313642,0.4783401370841851,-0.0192978982964646,0.6878758642292676,636800.0,0.5,15.0,63680.0,0.16,31840.0,0.003,77
-0.5381202654348995,0.4943317892301129,-0.5665960672338881,0.4860310523896867,-0.0284758017989885,0.6932460614604825,636800.0,0.5,15.0,63680.0,0.16,31840.0,0.003,66
-0.5381202654348995,0.4943317892301129,-0.5771277711244457,0.494494268527931,-0.0390075056895461,0.6992056202937862,636800.0,0.5,15.0,63680.0,0.16,31840.0,0.003,55
-0.5381202654348995,0.4943317892301129,-0.5574181637313642,0.4783399682070695,-0.0192978982964646,0.6878757467942775,636800.0,0.5,15.0,63680.0,0.16,31840.0,0.0015,77
-0.5381202654348995,0.4943317892301129,-0.5665960672338881,0.486030879434071,-0.0284758017989885,0.6932459402022497,636800.0,0.5,15.0,63680.0,0.16,31840.0,0.0015,66
-0.5381202654348995,0.4943317892301129,-0.5771277711244457,0.4944940864665362,-0.0390075056895461,0.6992054915357995,636800.0,0.5,15.0,63680.0,0.16,31840.0,0.0015,55
-0.5381202654348995,0.4943317892301129,-0.5574181637313642,0.4783599885126701,-0.0192978982964646,0.6878896688083683,636800.0,0.5,15.0,63680.0,0.08,31840.0,0.03,77
-0.5381202654348995,0.4943317892301129,-0.5665960672338881,0.4860471701602248,-0.0284758017989885,0.6932573616372258,636800.0,0.5,15.0,63680.0,0.08,31840.0,0.03,66
-0.5381202654348995,0.4943317892301129,-0.5771277711244457,0.4944981867964732,-0.0390075056895461,0.6992083913887508,636800.0,0.5,15.0,63680.0,0.08,31840.0,0.03,55
-0.5381202654348995,0.4943317892301129,-0.5574181637313642,0.4783376971430416,-0.0192978982964646,0.6878741675274287,636800.0,0.5,15.0,63680.0,0.08,31840.0,0.003,77
-0.5381202654348995,0.4943317892301129,-0.5665960672338881,0.486024340243915,-0.0284758017989885,0.6932413556280219,636800.0,0.5,15.0,63680.0,0.08,31840.0,0.003,66
-0.5381202654348995,0.4943317892301129,-0.5771277711244457,0.4944741543032234,-0.0390075056895461,0.6991913951968608,636800.0,0.5,15.0,63680.0,0.08,31840.0,0.003,55
-0.5381202654348995,0.4943317892301129,-0.5574181637313642,0.4783375282650646,-0.0192978982964646,0.687874050092149,636800.0,0.5,15.0,63680.0,0.08,31840.0,0.0015,77
-0.5381202654348995,0.4943317892301129,-0.5665960672338881,0.4860241672859107,-0.0284758017989885,0.693241234368966,636800.0,0.5,15.0,63680.0,0.08,31840.0,0.0015,66
-0.5381202654348995,0.4943317892301129,-0.5771277711244457,0.4944739722344227,-0.0390075056895461,0.6991912664362545,636800.0,0.5,15.0,63680.0,0.08,31840.0,0.0015,55
-0.5381202654348995,0.4943317892301129,-0.5574181637313642,0.4783591833668827,-0.0192978982964646,0.6878891089084604,636800.0,0.5,15.0,63680.0,0.008,31840.0,0.03,77
-0.5381202654348995,0.4943317892301129,-0.5665960672338881,0.4860449552358193,-0.0284758017989885,0.6932558087413581,636800.0,0.5,15.0,63680.0,0.008,31840.0,0.03,66
-0.5381202654348995,0.4943317892301129,-0.5771277711244457,0.4944915492453652,-0.0390075056895461,0.6992036971573636,636800.0,0.5,15.0,63680.0,0.008,31840.0,0.03,55
-0.5381202654348995,0.4943317892301129,-0.5574181637313642,0.478336891959733,-0.0192978982964646,0.6878736076149033,636800.0,0.5,15.0,63680.0,0.008,31840.0,0.003,77
-0.5381202654348995,0.4943317892301129,-0.5665960672338881,0.4860221252154679,-0.0284758017989885,0.6932398026962999,636800.0,0.5,15.0,63680.0,0.008,31840.0,0.003,66
-0.5381202654348995,0.4943317892301129,-0.5771277711244457,0.494467516429512,-0.0390075056895461,0.6991867008513638,636800.0,0.5,15.0,63680.0,0.008,31840.0,0.003,55
-0.5381202654348995,0.4943317892301129,-0.5574181637313642,0.4783367230814717,-0.0192978982964646,0.687873490179528,636800.0,0.5,15.0,63680.0,0.008,31840.0,0.0015,77
-0.5381202654348995,0.4943317892301129,-0.5665960672338881,0.4860219522566754,-0.0284758017989885,0.6932396814369723,636800.0,0.5,15.0,63680.0,0.008,31840.0,0.0015,66
-0.5381202654348995,0.4943317892301129,-0.5771277711244457,0.4944673343582672,-0.0390075056895461,0.6991865720898931,636800.0,0.5,15.0,63680.0,0.008,31840.0,0.0015,55
0.5381202654348995,0.0004943317892301,0.5546140245628977,0.0047707387815647,0.0164937591279981,0.0047962811051657,636800.0,0.0005,-15.0,63680.0,0.16,31840.0,0.03,88
0.5381202654348995,0.0004943317892301,0.5816887716124309,0.0098413527637137,0.0435685061775313,0.0098537601014891,636800.0,0.0005,-15.0,63680.0,0.16,31840.0,0.03,44
0.5381202654348995,0.0004943317892301,0.5612294914281968,0.0052839389030843,0.0231092259932972,0.0053070118003799,636800.0,0.0005,-15.0,63680.0,0.16,31840.0,0.03,72
0.5381202654348995,0.0004943317892301,0.5789865862473206,0.007734445122334,0.040866320812421,0.0077502261430386,636800.0,0.0005,-15.0,63680.0,0.16,31840.0,0.03,52
0.5381202654348995,0.0004943317892301,0.5546140245628977,0.0013116918688558,0.0164937591279981,0.0014017487209432,636800.0,0.0005,-15.0,63680.0,0.16,31840.0,0.003,88
0.5381202654348995,0.0004943317892301,0.5816887716124309,0.0083793684940592,0.0435685061775313,0.0083939371141959,636800.0,0.0005,-15.0,63680.0,0.16,31840.0,0.003,44
0.5381202654348995,0.0004943317892301,0.5612294914281968,0.0024847284942799,0.0231092259932972,0.0025334244824209,636800.0,0.0005,-15.0,63680.0,0.16,31840.0,0.003,72
0.5381202654348995,0.0004943317892301,0.5789865862473206,0.0059523135594831,0.040866320812421,0.0059728050887544,636800.0,0.0005,-15.0,63680.0,0.16,31840.0,0.003,52
0.5381202654348995,0.0004943317892301,0.5546140245628977,0.0012494583092996,0.0164937591279981,0.001343692667436,636800.0,0.0005,-15.0,63680.0,0.16,31840.0,0.0015,88
0.5381202654348995,0.0004943317892301,0.5816887716124309,0.0083673179836238,0.0435685061775313,0.0083819075488172,636800.0,0.0005,-15.0,63680.0,0.16,31840.0,0.0015,44
0.5381202654348995,0.0004943317892301,0.5612294914281968,0.0024513531459246,0.0231092259932972,0.0025006991350176,636800.0,0.0005,-15.0,63680.0,0.16,31840.0,0.0015,72
0.5381202654348995,0.0004943317892301,0.5789865862473206,0.0059367711617319,0.040866320812421,0.005957316152817,636800.0,0.0005,-15.0,63680.0,0.16,31840.0,0.0015,52
0.5381202654348995,0.0004943317892301,0.5546140245628977,0.0046689281190318,0.0164937591279981,0.0046950243554777,636800.0,0.0005,-15.0,63680.0,0.08,31840.0,0.03,88
0.5381202654348995,0.0004943317892301,0.5816887716124309,0.0066767751306323,0.0435685061775313,0.0066950496684396,636800.0,0.0005,-15.0,63680.0,0.08,31840.0,0.03,44
0.5381202654348995,0.0004943317892301,0.5612294914281968,0.0048608921545163,0.0231092259932972,0.0048859632065419,636800.0,0.0005,-15.0,63680.0,0.08,31840.0,0.03,72
0.5381202654348995,0.0004943317892301,0.5789865862473206,0.0057981296652186,0.040866320812421,0.0058191641609883,636800.0,0.0005,-15.0,63680.0,0.08,31840.0,0.03,52
0.5381202654348995,0.0004943317892301,0.5546140245628977,0.0008714796713538,0.0164937591279981,0.0010019185273396,636800.0,0.0005,-15.0,63680.0,0.08,31840.0,0.003,88
0.5381202654348995,0.0004943317892301,0.5816887716124309,0.0042356721171977,0.0435685061775313,0.0042644205001675,636800.0,0.0005,-15.0,63680.0,0.08,31840.0,0.003,44
0.5381202654348995,0.0004943317892301,0.5612294914281968,0.0013719103092382,0.0231092259932972,0.0014582530008327,636800.0,0.0005,-15.0,63680.0,0.08,31840.0,0.003,72
0.5381202654348995,0.0004943317892301,0.5789865862473206,0.0030375488431789,0.040866320812421,0.0030775098525498,636800.0,0.0005,-15.0,63680.0,0.08,31840.0,0.003,52
0.5381202654348995,0.0004943317892301,0.5546140245628977,0.0007746530355186,0.0164937591279981,0.0009189402827614,636800.0,0.0005,-15.0,63680.0,0.08,31840.0,0.0015,88
0.5381202654348995,0.0004943317892301,0.5816887716124309,0.0042117825400001,0.0435685061775313,0.0042406928775959,636800.0,0.0005,-15.0,63680.0,0.08,31840.0,0.0015,44
0.5381202654348995,0.0004943317892301,0.5612294914281968,0.0013104939726463,0.0231092259932972,0.0014006278485685,636800.0,0.0005,-15.0,63680.0,0.08,31840.0,0.0015,72
0.5381202654348995,0.0004943317892301,0.5789865862473206,0.0030069782325554,0.040866320812421,0.0030473401531344,636800.0,0.0005,-15.0,63680.0,0.08,31840.0,0.0015,52
0.5381202654348995,0.0004943317892301,0.5546140245628977,0.0046348398457851,0.0164937591279981,0.0046611269360446,636800.0,0.0005,-15.0,63680.0,0.008,31840.0,0.03,88
0.5381202654348995,0.0004943317892301,0.5816887716124309,0.00522774040866,0.0435685061775313,0.0052510602451486,636800.0,0.0005,-15.0,63680.0,0.008,31840.0,0.03,44
0.5381202654348995,0.0004943317892301,0.5612294914281968,0.0047129607537001,0.0231092259932972,0.0047388145124874,636800.0,0.0005,-15.0,63680.0,0.008,31840.0,0.03,72
0.5381202654348995,0.0004943317892301,0.5789865862473206,0.0049971199187036,0.040866320812421,0.0050215108682295,636800.0,0.0005,-15.0,63680.0,0.008,31840.0,0.03,52
0.5381202654348995,0.0004943317892301,0.5546140245628977,0.0006650770128142,0.0164937591279981,0.0008286684203089,636800.0,0.0005,-15.0,63680.0,0.008,31840.0,0.003,88
0.5381202654348995,0.0004943317892301,0.5816887716124309,0.0008311810390725,0.0435685061775313,0.0009670707510607,636800.0,0.0005,-15.0,63680.0,0.008,31840.0,0.003,44
0.5381202654348995,0.0004943317892301,0.5612294914281968,0.0006825426174794,0.0231092259932972,0.0008427504627819,636800.0,0.0005,-15.0,63680.0,0.008,31840.0,0.003,72
0.5381202654348995,0.0004943317892301,0.5789865862473206,0.0007613165188763,0.040866320812421,0.0009077261479969,636800.0,0.0005,-15.0,63680.0,0.008,31840.0,0.003,52
0.5381202654348995,0.0004943317892301,0.5546140245628977,0.0005319191111712,0.0164937591279981,0.0007261555333897,636800.0,0.0005,-15.0,63680.0,0.008,31840.0,0.0015,88
0.5381202654348995,0.0004943317892301,0.5816887716124309,0.0006993252459031,0.0435685061775313,0.0008563992745214,636800.0,0.0005,-15.0,63680.0,0.008,31840.0,0.0015,44
0.5381202654348995,0.0004943317892301,0.5612294914281968,0.0005487449138022,0.0231092259932972,0.0007385694945415,636800.0,0.0005,-15.0,63680.0,0.008,31840.0,0.0015,72
0.5381202654348995,0.0004943317892301,0.5789865862473206,0.0006283454131905,0.040866320812421,0.0007994885090613,636800.0,0.0005,-15.0,63680.0,0.008,31840.0,0.0015,52
0.1793734218116331,0.0004943317892301,0.1848713415209658,0.0047707387815648,0.0054979197093326,0.0047962811051657,636800.0,0.0005,-5.0,63680.0,0.16,31840.0,0.03,88
0.1793734218116331,0.0004943317892301,0.1938962572041435,0.0098413527637137,0.0145228353925103,0.0098537601014891,636800.0,0.0005,-5.0,63680.0,0.16,31840.0,0.03,44
0.1793734218116331,0.0004943317892301,0.1870764971427323,0.0052839389030843,0.0077030753310991,0.0053070118003799,636800.0,0.0005,-5.0,63680.0,0.16,31840.0,0.03,72
0.1793734218116331,0.0004943317892301,0.1929955287491068,0.007734445122334,0.0136221069374736,0.0077502261430387,636800.0,0.0005,-5.0,63680.0,0.16,31840.0,0.03,52
0.1793734218116331,0.0004943317892301,0.1848713415209658,0.0013116918688558,0.0054979197093326,0.0014017487209432,636800.0,0.0005,-5.0,63680.0,0.16,31840.0,0.003,88
0.1793734218116331,0.0004943317892301,0.1938962572041435,0.0083793684940591,0.0145228353925103,0.0083939371141958,636800.0,0.0005,-5.0,63680.0,0.16,31840.0,0.003,44
0.1793734218116331,0.0004943317892301,0.1870764971427323,0.0024847284942799,0.0077030753310991,0.0025334244824209,636800.0,0.0005,-5.0,63680.0,0.16,31840.0,0.003,72
0.1793734218116331,0.0004943317892301,0.1929955287491068,0.0059523135594832,0.0136221069374736,0.0059728050887544,636800.0,0.0005,-5.0,63680.0,0.16,31840.0,0.003,52
0.1793734218116331,0.0004943317892301,0.1848713415209658,0.0012494583092996,0.0054979197093326,0.001343692667436,636800.0,0.0005,-5.0,63680.0,0.16,31840.0,0.0015,88
0.1793734218116331,0.0004943317892301,0.1938962572041435,0.0083673179836238,0.0145228353925103,0.0083819075488172,636800.0,0.0005,-5.0,63680.0,0.16,31840.0,0.0015,44
0.1793734218116331,0.0004943317892301,0.1870764971427323,0.0024513531459246,0.0077030753310991,0.0025006991350176,636800.0,0.0005,-5.0,63680.0,0.16,31840.0,0.0015,72
0.1793734218116331,0.0004943317892301,0.1929955287491068,0.0059367711617317,0.0136221069374736,0.0059573161528169,636800.0,0.0005,-5.0,63680.0,0.16,31840.0,0.0015,52
0.1793734218116331,0.0004943317892301,0.1848713415209658,0.0046689281190318,0.0054979197093326,0.0046950243554778,636800.0,0.0005,-5.0,63680.0,0.08,31840.0,0.03,88
0.1793734218116331,0.0004943317892301,0.1938962572041435,0.0066767751306323,0.0145228353925103,0.0066950496684396,636800.0,0.0005,-5.0,63680.0,0.08,31840.0,0.03,44
0.1793734218116331,0.0004943317892301,0.1870764971427323,0.0048608921545161,0.0077030753310991,0.0048859632065417,636800.0,0.0005,-5.0,63680.0,0.08,31840.0,0.03,72
0.1793734218116331,0.0004943317892301,0.1929955287491068,0.0057981296652185,0.0136221069374736,0.0058191641609883,636800.0,0.0005,-5.0,63680.0,0.08,31840.0,0.03,52
0.1793734218116331,0.0004943317892301,0.1848713415209658,0.0008714796713538,0.0054979197093326,0.0010019185273396,636800.0,0.0005,-5.0,63680.0,0.08,31840.0,0.003,88
0.1793734218116331,0.0004943317892301,0.1938962572041435,0.0042356721171977,0.0145228353925103,0.0042644205001675,636800.0,0.0005,-5.0,63680.0,0.08,31840.0,0.003,44
0.1793734218116331,0.0004943317892301,0.1870764971427323,0.0013719103092382,0.0077030753310991,0.0014582530008327,636800.0,0.0005,-5.0,63680.0,0.08,31840.0,0.003,72
0.1793734218116331,0.0004943317892301,0.1929955287491068,0.0030375488431789,0.0136221069374736,0.0030775098525498,636800.0,0.0005,-5.0,63680.0,0.08,31840.0,0.003,52
0.1793734218116331,0.0004943317892301,0.1848713415209658,0.0007746530355186,0.0054979197093326,0.0009189402827614,636800.0,0.0005,-5.0,63680.0,0.08,31840.0,0.0015,88
0.1793734218116331,0.0004943317892301,0.1938962572041435,0.00421178254,0.0145228353925103,0.0042406928775959,636800.0,0.0005,-5.0,63680.0,0.08,31840.0,0.0015,44
0.1793734218116331,0.0004943317892301,0.1870764971427323,0.0013104939726463,0.0077030753310991,0.0014006278485685,636800.0,0.0005,-5.0,63680.0,0.08,31840.0,0.0015,72
0.1793734218116331,0.0004943317892301,0.1929955287491068,0.0030069782325553,0.0136221069374736,0.0030473401531344,636800.0,0.0005,-5.0,63680.0,0.08,31840.0,0.0015,52
0.1793734218116331,0.0004943317892301,0.1848713415209658,0.0046348398457851,0.0054979197093326,0.0046611269360446,636800.0,0.0005,-5.0,63680.0,0.008,31840.0,0.03,88
0.1793734218116331,0.0004943317892301,0.1938962572041435,0.0052277404086601,0.0145228353925103,0.0052510602451487,636800.0,0.0005,-5.0,63680.0,0.008,31840.0,0.03,44
0.1793734218116331,0.0004943317892301,0.1870764971427323,0.0047129607537001,0.0077030753310991,0.0047388145124874,636800.0,0.0005,-5.0,63680.0,0.008,31840.0,0.03,72
0.1793734218116331,0.0004943317892301,0.1929955287491068,0.0049971199187035,0.0136221069374736,0.0050215108682295,636800.0,0.0005,-5.0,63680.0,0.008,31840.0,0.03,52
0.1793734218116331,0.0004943317892301,0.1848713415209658,0.0006650770128142,0.0054979197093326,0.0008286684203089,636800.0,0.0005,-5.0,63680.0,0.008,31840.0,0.003,88
0.1793734218116331,0.0004943317892301,0.1938962572041435,0.0008311810390725,0.0145228353925103,0.0009670707510607,636800.0,0.0005,-5.0,63680.0,0.008,31840.0,0.003,44
0.1793734218116331,0.0004943317892301,0.1870764971427323,0.0006825426174794,0.0077030753310991,0.0008427504627819,636800.0,0.0005,-5.0,63680.0,0.008,31840.0,0.003,72
0.1793734218116331,0.0004943317892301,0.1929955287491068,0.0007613165188762,0.0136221069374736,0.0009077261479969,636800.0,0.0005,-5.0,63680.0,0.008,31840.0,0.003,52
0.1793734218116331,0.0004943317892301,0.1848713415209658,0.0005319191111712,0.0054979197093326,0.0007261555333897,636800.0,0.0005,-5.0,63680.0,0.008,31840.0,0.0015,88
0.1793734218116331,0.0004943317892301,0.1938962572041435,0.0006993252459031,0.0145228353925103,0.0008563992745214,636800.0,0.0005,-5.0,63680.0,0.008,31840.0,0.0015,44
0.1793734218116331,0.0004943317892301,0.1870764971427323,0.0005487449138022,0.0077030753310991,0.0007385694945415,636800.0,0.0005,-5.0,63680.0,0.008,31840.0,0.0015,72
0.1793734218116331,0.0004943317892301,0.1929955287491068,0.0006283454131905,0.0136221069374736,0.0007994885090613,636800.0,0.0005,-5.0,63680.0,0.008,31840.0,0.0015,52
0.0,0.0004943317892301,0.0,0.0047707387815647,0.0,0.0047962811051657,636800.0,0.0005,0.0,63680.0,0.16,31840.0,0.03,88
0.0,0.0004943317892301,0.0,0.0098413527637137,0.0,0.0098537601014891,636800.0,0.0005,0.0,63680.0,0.16,31840.0,0.03,44
0.0,0.0004943317892301,0.0,0.0052839389030844,0.0,0.00530701180038,636800.0,0.0005,0.0,63680.0,0.16,31840.0,0.03,72
0.0,0.0004943317892301,0.0,0.007734445122334,0.0,0.0077502261430386,636800.0,0.0005,0.0,63680.0,0.16,31840.0,0.03,52
0.0,0.0004943317892301,0.0,0.0013116918688558,0.0,0.0014017487209432,636800.0,0.0005,0.0,63680.0,0.16,31840.0,0.003,88
0.0,0.0004943317892301,0.0,0.008379368494059,0.0,0.0083939371141957,636800.0,0.0005,0.0,63680.0,0.16,31840.0,0.003,44
0.0,0.0004943317892301,0.0,0.0024847284942798,0.0,0.0025334244824209,636800.0,0.0005,0.0,63680.0,0.16,31840.0,0.003,72
0.0,0.0004943317892301,0.0,0.0059523135594832,0.0,0.0059728050887544,636800.0,0.0005,0.0,63680.0,0.16,31840.0,0.003,52
0.0,0.0004943317892301,0.0,0.0012494583092996,0.0,0.001343692667436,636800.0,0.0005,0.0,63680.0,0.16,31840.0,0.0015,88
0.0,0.0004943317892301,0.0,0.0083673179836239,0.0,0.0083819075488172,636800.0,0.0005,0.0,63680.0,0.16,31840.0,0.0015,44
0.0,0.0004943317892301,0.0,0.0024513531459246,0.0,0.0025006991350176,636800.0,0.0005,0.0,63680.0,0.16,31840.0,0.0015,72
0.0,0.0004943317892301,0.0,0.0059367711617319,0.0,0.005957316152817,636800.0,0.0005,0.0,63680.0,0.16,31840.0,0.0015,52
0.0,0.0004943317892301,0.0,0.0046689281190318,0.0,0.0046950243554778,636800.0,0.0005,0.0,63680.0,0.08,31840.0,0.03,88
0.0,0.0004943317892301,0.0,0.0066767751306322,0.0,0.0066950496684396,636800.0,0.0005,0.0,63680.0,0.08,31840.0,0.03,44
0.0,0.0004943317892301,0.0,0.0048608921545161,0.0,0.0048859632065417,636800.0,0.0005,0.0,63680.0,0.08,31840.0,0.03,72
0.0,0.0004943317892301,0.0,0.0057981296652185,0.0,0.0058191641609883,636800.0,0.0005,0.0,63680.0,0.08,31840.0,0.03,52
0.0,0.0004943317892301,0.0,0.0008714796713538,0.0,0.0010019185273396,636800.0,0.0005,0.0,63680.0,0.08,31840.0,0.003,88
0.0,0.0004943317892301,0.0,0.0042356721171977,0.0,0.0042644205001675,636800.0,0.0005,0.0,63680.0,0.08,31840.0,0.003,44
0.0,0.0004943317892301,0.0,0.0013719103092382,0.0,0.0014582530008327,636800.0,0.0005,0.0,63680.0,0.08,31840.0,0.003,72
0.0,0.0004943317892301,0.0,0.003037548843179,0.0,0.0030775098525498,636800.0,0.0005,0.0,63680.0,0.08,31840.0,0.003,52
0.0,0.0004943317892301,0.0,0.0007746530355186,0.0,0.0009189402827614,636800.0,0.0005,0.0,63680.0,0.08,31840.0,0.0015,88
0.0,0.0004943317892301,0.0,0.0042117825400001,0.0,0.0042406928775959,636800.0,0.0005,0.0,63680.0,0.08,31840.0,0.0015,44
0.0,0.0004943317892301,0.0,0.0013104939726463,0.0,0.0014006278485685,636800.0,0.0005,0.0,63680.0,0.08,31840.0,0.0015,72
0.0,0.0004943317892301,0.0,0.0030069782325553,0.0,0.0030473401531344,636800.0,0.0005,0.0,63680.0,0.08,31840.0,0.0015,52
0.0,0.0004943317892301,0.0,0.0046348398457851,0.0,0.0046611269360446,636800.0,0.0005,0.0,63680.0,0.008,31840.0,0.03,88
0.0,0.0004943317892301,0.0,0.0052277404086601,0.0,0.0052510602451487,636800.0,0.0005,0.0,63680.0,0.008,31840.0,0.03,44
0.0,0.0004943317892301,0.0,0.0047129607537001,0.0,0.0047388145124873,636800.0,0.0005,0.0,63680.0,0.008,31840.0,0.03,72
0.0,0.0004943317892301,0.0,0.0049971199187034,0.0,0.0050215108682294,636800.0,0.0005,0.0,63680.0,0.008,31840.0,0.03,52
0.0,0.0004943317892301,0.0,0.0006650770128142,0.0,0.0008286684203089,636800.0,0.0005,0.0,63680.0,0.008,31840.0,0.003,88
0.0,0.0004943317892301,0.0,0.0008311810390725,0.0,0.0009670707510607,636800.0,0.0005,0.0,63680.0,0.008,31840.0,0.003,44
0.0,0.0004943317892301,0.0,0.0006825426174794,0.0,0.0008427504627819,636800.0,0.0005,0.0,63680.0,0.008,31840.0,0.003,72
0.0,0.0004943317892301,0.0,0.0007613165188763,0.0,0.0009077261479969,636800.0,0.0005,0.0,63680.0,0.008,31840.0,0.003,52
0.0,0.0004943317892301,0.0,0.0005319191111712,0.0,0.0007261555333897,636800.0,0.0005,0.0,63680.0,0.008,31840.0,0.0015,88
0.0,0.0004943317892301,0.0,0.0006993252459031,0.0,0.0008563992745214,636800.0,0.0005,0.0,63680.0,0.008,31840.0,0.0015,44
0.0,0.0004943317892301,0.0,0.0005487449138022,0.0,0.0007385694945415,636800.0,0.0005,0.0,63680.0,0.008,31840.0,0.0015,72
0.0,0.0004943317892301,0.0,0.0006283454131905,0.0,0.0007994885090613,636800.0,0.0005,0.0,63680.0,0.008,31840.0,0.0015,52
-0.1793734218116331,0.0004943317892301,-0.1848713415209658,0.0047707387815647,-0.0054979197093326,0.0047962811051656,636800.0,0.0005,5.0,63680.0,0.16,31840.0,0.03,88
-0.1793734218116331,0.0004943317892301,-0.1938962572041435,0.0098413527637137,-0.0145228353925103,0.0098537601014891,636800.0,0.0005,5.0,63680.0,0.16,31840.0,0.03,44
-0.1793734218116331,0.0004943317892301,-0.1870764971427323,0.0052839389030843,-0.0077030753310991,0.0053070118003799,636800.0,0.0005,5.0,63680.0,0.16,31840.0,0.03,72
-0.1793734218116331,0.0004943317892301,-0.1929955287491068,0.007734445122334,-0.0136221069374736,0.0077502261430387,636800.0,0.0005,5.0,63680.0,0.16,31840.0,0.03,52
-0.1793734218116331,0.0004943317892301,-0.1848713415209658,0.0013116918688558,-0.0054979197093326,0.0014017487209432,636800.0,0.0005,5.0,63680.0,0.16,31840.0,0.003,88
-0.1793734218116331,0.0004943317892301,-0.1938962572041435,0.0083793684940592,-0.0145228353925103,0.0083939371141959,636800.0,0.0005,5.0,63680.0,0.16,31840.0,0.003,44
-0.1793734218116331,0.0004943317892301,-0.1870764971427323,0.0024847284942798,-0.0077030753310991,0.0025334244824209,636800.0,0.0005,5.0,63680.0,0.16,31840.0,0.003,72
-0.1793734218116331,0.0004943317892301,-0.1929955287491068,0.0059523135594831,-0.0136221069374736,0.0059728050887544,636800.0,0.0005,5.0,63680.0,0.16,31840.0,0.003,52
-0.1793734218116331,0.0004943317892301,-0.1848713415209658,0.0012494583092996,-0.0054979197093326,0.001343692667436,636800.0,0.0005,5.0,63680.0,0.16,31840.0,0.0015,88
-0.1793734218116331,0.0004943317892301,-0.1938962572041435,0.0083673179836238,-0.0145228353925103,0.0083819075488172,636800.0,0.0005,5.0,63680.0,0.16,31840.0,0.0015,44
-0.1793734218116331,0.0004943317892301,-0.1870764971427323,0.0024513531459246,-0.0077030753310991,0.0025006991350176,636800.0,0.0005,5.0,63680.0,0.16,31840.0,0.0015,72
-0.1793734218116331,0.0004943317892301,-0.1929955287491068,0.0059367711617318,-0.0136221069374736,0.0059573161528169,636800.0,0.0005,5.0,63680.0,0.16,31840.0,0.0015,52
-0.1793734218116331,0.0004943317892301,-0.1848713415209658,0.0046689281190318,-0.0054979197093326,0.0046950243554778,636800.0,0.0005,5.0,63680.0,0.08,31840.0,0.03,88
-0.1793734218116331,0.0004943317892301,-0.1938962572041435,0.0066767751306323,-0.0145228353925103,0.0066950496684396,636800.0,0.0005,5.0,63680.0,0.08,31840.0,0.03,44
-0.1793734218116331,0.0004943317892301,-0.1870764971427323,0.004860892154516,-0.0077030753310991,0.0048859632065417,636800.0,0.0005,5.0,63680.0,0.08,31840.0,0.03,72
-0.1793734218116331,0.0004943317892301,-0.1929955287491068,0.0057981296652186,-0.0136221069374736,0.0058191641609883,636800.0,0.0005,5.0,63680.0,0.08,31840.0,0.03,52
-0.1793734218116331,0.0004943317892301,-0.1848713415209658,0.0008714796713538,-0.0054979197093326,0.0010019185273396,636800.0,0.0005,5.0,63680.0,0.08,31840.0,0.003,88
-0.1793734218116331,0.0004943317892301,-0.1938962572041435,0.0042356721171976,-0.0145228353925103,0.0042644205001675,636800.0,0.0005,5.0,63680.0,0.08,31840.0,0.003,44
-0.1793734218116331,0.0004943317892301,-0.1870764971427323,0.0013719103092382,-0.0077030753310991,0.0014582530008327,636800.0,0.0005,5.0,63680.0,0.08,31840.0,0.003,72
-0.1793734218116331,0.0004943317892301,-0.1929955287491068,0.0030375488431789,-0.0136221069374736,0.0030775098525498,636800.0,0.0005,5.0,63680.0,0.08,31840.0,0.003,52
-0.1793734218116331,0.0004943317892301,-0.1848713415209658,0.0007746530355186,-0.0054979197093326,0.0009189402827614,636800.0,0.0005,5.0,63680.0,0.08,31840.0,0.0015,88
-0.1793734218116331,0.0004943317892301,-0.1938962572041435,0.0042117825400001,-0.0145228353925103,0.0042406928775959,636800.0,0.0005,5.0,63680.0,0.08,31840.0,0.0015,44
-0.1793734218116331,0.0004943317892301,-0.1870764971427323,0.0013104939726463,-0.0077030753310991,0.0014006278485685,636800.0,0.0005,5.0,63680.0,0.08,31840.0,0.0015,72
-0.1793734218116331,0.0004943317892301,-0.1929955287491068,0.0030069782325553,-0.0136221069374736,0.0030473401531344,636800.0,0.0005,5.0,63680.0,0.08,31840.0,0.0015,52
-0.1793734218116331,0.0004943317892301,-0.1848713415209658,0.004634839845785,-0.0054979197093326,0.0046611269360446,636800.0,0.0005,5.0,63680.0,0.008,31840.0,0.03,88
-0.1793734218116331,0.0004943317892301,-0.1938962572041435,0.0052277404086601,-0.0145228353925103,0.0052510602451487,636800.0,0.0005,5.0,63680.0,0.008,31840.0,0.03,44
-0.1793734218116331,0.0004943317892301,-0.1870764971427323,0.0047129607537001,-0.0077030753310991,0.0047388145124873,636800.0,0.0005,5.0,63680.0,0.008,31840.0,0.03,72
-0.1793734218116331,0.0004943317892301,-0.1929955287491068,0.0049971199187035,-0.0136221069374736,0.0050215108682295,636800.0,0.0005,5.0,63680.0,0.008,31840.0,0.03,52
-0.1793734218116331,0.0004943317892301,-0.1848713415209658,0.0006650770128142,-0.0054979197093326,0.0008286684203089,636800.0,0.0005,5.0,63680.0,0.008,31840.0,0.003,88
-0.1793734218116331,0.0004943317892301,-0.1938962572041435,0.0008311810390725,-0.0145228353925103,0.0009670707510607,636800.0,0.0005,5.0,63680.0,0.008,31840.0,0.003,44
-0.1793734218116331,0.0004943317892301,-0.1870764971427323,0.0006825426174794,-0.0077030753310991,0.0008427504627819,636800.0,0.0005,5.0,63680.0,0.008,31840.0,0.003,72
-0.1793734218116331,0.0004943317892301,-0.1929955287491068,0.0007613165188762,-0.0136221069374736,0.0009077261479969,636800.0,0.0005,5.0,63680.0,0.008,31840.0,0.003,52
-0.1793734218116331,0.0004943317892301,-0.1848713415209658,0.0005319191111712,-0.0054979197093326,0.0007261555333897,636800.0,0.0005,5.0,63680.0,0.008,31840.0,0.0015,88
-0.1793734218116331,0.0004943317892301,-0.1938962572041435,0.0006993252459031,-0.0145228353925103,0.0008563992745214,636800.0,0.0005,5.0,63680.0,0.008,31840.0,0.0015,44
-0.1793734218116331,0.0004943317892301,-0.1870764971427323,0.0005487449138022,-0.0077030753310991,0.0007385694945415,636800.0,0.0005,5.0,63680.0,0.008,31840.0,0.0015,72
-0.1793734218116331,0.0004943317892301,-0.1929955287491068,0.0006283454131905,-0.0136221069374736,0.0007994885090613,636800.0,0.0005,5.0,63680.0,0.008,31840.0,0.0015,52
-0.5381202654348995,0.0004943317892301,-0.5546140245628977,0.0047707387815647,-0.0164937591279981,0.0047962811051656,636800.0,0.0005,15.0,63680.0,0.16,31840.0,0.03,88
-0.5381202654348995,0.0004943317892301,-0.5816887716124309,0.0098413527637137,-0.0435685061775313,0.0098537601014891,636800.0,0.0005,15.0,63680.0,0.16,31840.0,0.03,44
-0.5381202654348995,0.0004943317892301,-0.5612294914281968,0.0052839389030843,-0.0231092259932972,0.0053070118003799,636800.0,0.0005,15.0,63680.0,0.16,31840.0,0.03,72
-0.5381202654348995,0.0004943317892301,-0.5789865862473206,0.0077344451223341,-0.040866320812421,0.0077502261430387,636800.0,0.0005,15.0,63680.0,0.16,31840.0,0.03,52
-0.5381202654348995,0.0004943317892301,-0.5546140245628977,0.0013116918688558,-0.0164937591279981,0.0014017487209432,636800.0,0.0005,15.0,63680.0,0.16,31840.0,0.003,88
-0.5381202654348995,0.0004943317892301,-0.5816887716124309,0.0083793684940592,-0.0435685061775313,0.0083939371141959,636800.0,0.0005,15.0,63680.0,0.16,31840.0,0.003,44
-0.5381202654348995,0.0004943317892301,-0.5612294914281968,0.0024847284942799,-0.0231092259932972,0.0025334244824209,636800.0,0.0005,15.0,63680.0,0.16,31840.0,0.003,72
-0.5381202654348995,0.0004943317892301,-0.5789865862473206,0.0059523135594832,-0.040866320812421,0.0059728050887544,636800.0,0.0005,15.0,63680.0,0.16,31840.0,0.003,52
-0.5381202654348995,0.0004943317892301,-0.5546140245628977,0.0012494583092996,-0.0164937591279981,0.001343692667436,636800.0,0.0005,15.0,63680.0,0.16,31840.0,0.0015,88
-0.5381202654348995,0.0004943317892301,-0.5816887716124309,0.0083673179836238,-0.0435685061775313,0.0083819075488172,636800.0,0.0005,15.0,63680.0,0.16,31840.0,0.0015,44
-0.5381202654348995,0.0004943317892301,-0.5612294914281968,0.0024513531459246,-0.0231092259932972,0.0025006991350176,636800.0,0.0005,15.0,63680.0,0.16,31840.0,0.0015,72
-0.5381202654348995,0.0004943317892301,-0.5789865862473206,0.0059367711617318,-0.040866320812421,0.005957316152817,636800.0,0.0005,15.0,63680.0,0.16,31840.0,0.0015,52
-0.5381202654348995,0.0004943317892301,-0.5546140245628977,0.0046689281190319,-0.0164937591279981,0.0046950243554778,636800.0,0.0005,15.0,63680.0,0.08,31840.0,0.03,88
-0.5381202654348995,0.0004943317892301,-0.5816887716124309,0.0066767751306323,-0.0435685061775313,0.0066950496684396,636800.0,0.0005,15.0,63680.0,0.08,31840.0,0.03,44
-0.5381202654348995,0.0004943317892301,-0.5612294914281968,0.004860892154516,-0.0231092259932972,0.0048859632065417,636800.0,0.0005,15.0,63680.0,0.08,31840.0,0.03,72
-0.5381202654348995,0.0004943317892301,-0.5789865862473206,0.0057981296652185,-0.040866320812421,0.0058191641609883,636800.0,0.0005,15.0,63680.0,0.08,31840.0,0.03,52
-0.5381202654348995,0.0004943317892301,-0.5546140245628977,0.0008714796713538,-0.0164937591279981,0.0010019185273396,636800.0,0.0005,15.0,63680.0,0.08,31840.0,0.003,88
-0.5381202654348995,0.0004943317892301,-0.5816887716124309,0.0042356721171977,-0.0435685061775313,0.0042644205001676,636800.0,0.0005,15.0,63680.0,0.08,31840.0,0.003,44
-0.5381202654348995,0.0004943317892301,-0.5612294914281968,0.0013719103092382,-0.0231092259932972,0.0014582530008327,636800.0,0.0005,15.0,63680.0,0.08,31840.0,0.003,72
-0.5381202654348995,0.0004943317892301,-0.5789865862473206,0.0030375488431789,-0.040866320812421,0.0030775098525498,636800.0,0.0005,15.0,63680.0,0.08,31840.0,0.003,52
-0.5381202654348995,0.0004943317892301,-0.5546140245628977,0.0007746530355186,-0.0164937591279981,0.0009189402827614,636800.0,0.0005,15.0,63680.0,0.08,31840.0,0.0015,88
-0.5381202654348995,0.0004943317892301,-0.5816887716124309,0.0042117825400001,-0.0435685061775313,0.0042406928775959,636800.0,0.0005,15.0,63680.0,0.08,31840.0,0.0015,44
-0.5381202654348995,0.0004943317892301,-0.5612294914281968,0.0013104939726463,-0.0231092259932972,0.0014006278485685,636800.0,0.0005,15.0,63680.0,0.08,31840.0,0.0015,72
-0.5381202654348995,0.0004943317892301,-0.5789865862473206,0.0030069782325553,-0.040866320812421,0.0030473401531344,636800.0,0.0005,15.0,63680.0,0.08,31840.0,0.0015,52
-0.5381202654348995,0.0004943317892301,-0.5546140245628977,0.0046348398457851,-0.0164937591279981,0.0046611269360446,636800.0,0.0005,15.0,63680.0,0.008,31840.0,0.03,88
-0.5381202654348995,0.0004943317892301,-0.5816887716124309,0.00522774040866,-0.0435685061775313,0.0052510602451486,636800.0,0.0005,15.0,63680.0,0.008,31840.0,0.03,44
-0.5381202654348995,0.0004943317892301,-0.5612294914281968,0.0047129607537001,-0.0231092259932972,0.0047388145124874,636800.0,0.0005,15.0,63680.0,0.008,31840.0,0.03,72
-0.5381202654348995,0.0004943317892301,-0.5789865862473206,0.0049971199187036,-0.040866320812421,0.0050215108682295,636800.0,0.0005,15.0,63680.0,0.008,31840.0,0.03,52
-0.5381202654348995,0.0004943317892301,-0.5546140245628977,0.0006650770128142,-0.0164937591279981,0.0008286684203089,636800.0,0.0005,15.0,63680.0,0.008,31840.0,0.003,88
-0.5381202654348995,0.0004943317892301,-0.5816887716124309,0.0008311810390725,-0.0435685061775313,0.0009670707510607,636800.0,0.0005,15.0,63680.0,0.008,31840.0,0.003,44
-0.5381202654348995,0.0004943317892301,-0.5612294914281968,0.0006825426174794,-0.0231092259932972,0.0008427504627819,636800.0,0.0005,15.0,63680.0,0.008,31840.0,0.003,72
-0.5381202654348995,0.0004943317892301,-0.5789865862473206,0.0007613165188763,-0.040866320812421,0.0009077261479969,636800.0,0.0005,15.0,63680.0,0.008,31840.0,0.003,52
-0.5381202654348995,0.0004943317892301,-0.5546140245628977,0.0005319191111712,-0.0164937591279981,0.0007261555333897,636800.0,0.0005,15.0,63680.0,0.008,31840.0,0.0015,88
-0.5381202654348995,0.0004943317892301,-0.5816887716124309,0.0006993252459031,-0.0435685061775313,0.0008563992745214,636800.0,0.0005,15.0,63680.0,0.008,31840.0,0.0015,44
-0.5381202654348995,0.0004943317892301,-0.5612294914281968,0.0005487449138022,-0.0231092259932972,0.0007385694945415,636800.0,0.0005,15.0,63680.0,0.008,31840.0,0.0015,72
-0.5381202654348995,0.0004943317892301,-0.5789865862473206,0.0006283454131905,-0.040866320812421,0.0007994885090613,636800.0,0.0005,15.0,63680.0,0.008,31840.0,0.0015,52
0.5381202654348995,0.0049433178923011,0.5546140245628977,0.006722633564209,0.0164937591279981,0.0083444708533839,636800.0,0.005,-15.0,63680.0,0.16,31840.0,0.03,88
0.5381202654348995,0.0049433178923011,0.5816887716124309,0.011016310182915,0.0435685061775313,0.0120745799856782,636800.0,0.005,-15.0,63680.0,0.16,31840.0,0.03,44
0.5381202654348995,0.0049433178923011,0.5612294914281968,0.0071328942415588,0.0231092259932972,0.0086783968591905,636800.0,0.005,-15.0,63680.0,0.16,31840.0,0.03,72
0.5381202654348995,0.0049433178923011,0.5789865862473206,0.0091740731372222,0.040866320812421,0.01042113284204,636800.0,0.005,-15.0,63680.0,0.16,31840.0,0.03,52
0.5381202654348995,0.0049433178923011,0.5546140245628977,0.0049147114946379,0.0164937591279981,0.0069707087774393,636800.0,0.005,-15.0,63680.0,0.16,31840.0,0.003,88
0.5381202654348995,0.0049433178923011,0.5816887716124309,0.009732455095482,0.0435685061775313,0.0109159092140746,636800.0,0.005,-15.0,63680.0,0.16,31840.0,0.003,44
0.5381202654348995,0.0049433178923011,0.5612294914281968,0.0053974110108478,0.0231092259932972,0.0073190462086508,636800.0,0.005,-15.0,63680.0,0.16,31840.0,0.003,72
0.5381202654348995,0.0049433178923011,0.5789865862473206,0.0077312362069149,0.040866320812421,0.0091765137754736,636800.0,0.005,-15.0,63680.0,0.16,31840.0,0.003,52
0.5381202654348995,0.0049433178923011,0.5546140245628977,0.0048984691060964,0.0164937591279981,0.0069592665826023,636800.0,0.005,-15.0,63680.0,0.16,31840.0,0.0015,88
0.5381202654348995,0.0049433178923011,0.5816887716124309,0.0097220818791768,0.0435685061775313,0.0109066616271782,636800.0,0.005,-15.0,63680.0,0.16,31840.0,0.0015,44
0.5381202654348995,0.0049433178923011,0.5612294914281968,0.0053821280341301,0.0231092259932972,0.0073077831084477,636800.0,0.005,-15.0,63680.0,0.16,31840.0,0.0015,72
0.5381202654348995,0.0049433178923011,0.5789865862473206,0.0077192764170921,0.040866320812421,0.0091664398862273,636800.0,0.005,-15.0,63680.0,0.16,31840.0,0.0015,52
0.5381202654348995,0.0049433178923011,0.5546140245628977,0.0066507701281422,0.0164937591279981,0.0082866842030895,636800.0,0.005,-15.0,63680.0,0.08,31840.0,0.03,88
0.5381202654348995,0.0049433178923011,0.5816887716124309,0.0083118103907254,0.0435685061775313,0.0096707075106072,636800.0,0.005,-15.0,63680.0,0.08,31840.0,0.03,44
0.5381202654348995,0.0049433178923011,0.5612294914281968,0.0068254261747946,0.0231092259932972,0.0084275046278193,636800.0,0.005,-15.0,63680.0,0.08,31840.0,0.03,72
0.5381202654348995,0.0049433178923011,0.5789865862473206,0.0076131651887629,0.040866320812421,0.0090772614799694,636800.0,0.005,-15.0,63680.0,0.08,31840.0,0.03,52
0.5381202654348995,0.0049433178923011,0.5546140245628977,0.004815945424762,0.0164937591279981,0.006901428991059,636800.0,0.005,-15.0,63680.0,0.08,31840.0,0.003,88
0.5381202654348995,0.0049433178923011,0.5816887716124309,0.0065151963984785,0.0435685061775313,0.0081782746282508,636800.0,0.005,-15.0,63680.0,0.08,31840.0,0.003,44
0.5381202654348995,0.0049433178923011,0.5612294914281968,0.0049840051992679,0.0231092259932972,0.0070197364345589,636800.0,0.005,-15.0,63680.0,0.08,31840.0,0.003,72
0.5381202654348995,0.0049433178923011,0.5789865862473206,0.0057938484232333,0.040866320812421,0.0076161060480896,636800.0,0.005,-15.0,63680.0,0.08,31840.0,0.003,52
0.5381202654348995,0.0049433178923011,0.5546140245628977,0.0047993687962211,0.0164937591279981,0.0068898717423828,636800.0,0.005,-15.0,63680.0,0.08,31840.0,0.0015,88
0.5381202654348995,0.0049433178923011,0.5816887716124309,0.0064996906072975,0.0435685061775313,0.0081659273677235,636800.0,0.005,-15.0,63680.0,0.08,31840.0,0.0015,44
0.5381202654348995,0.0049433178923011,0.5612294914281968,0.0049674504911551,0.0231092259932972,0.00700799230639,636800.0,0.005,-15.0,63680.0,0.08,31840.0,0.0015,72
0.5381202654348995,0.0049433178923011,0.5789865862473206,0.0057778797726992,0.040866320812421,0.0076039651795698,636800.0,0.005,-15.0,63680.0,0.08,31840.0,0.0015,52
0.5381202654348995,0.0049433178923011,0.5546140245628977,0.0066268841783134,0.0164937591279981,0.0082675259719655,636800.0,0.005,-15.0,63680.0,0.008,31840.0,0.03,88
0.5381202654348995,0.0049433178923011,0.5816887716124309,0.0071997316343513,0.0435685061775313,0.0087334144176847,636800.0,0.005,-15.0,63680.0,0.008,31840.0,0.03,44
0.5381202654348995,0.0049433178923011,0.5612294914281968,0.0067208756122735,0.0231092259932972,0.0083430546432345,636800.0,0.005,-15.0,63680.0,0.008,31840.0,0.03,72
0.5381202654348995,0.0049433178923011,0.5789865862473206,0.0070223346586878,0.040866320812421,0.0085877573232452,636800.0,0.005,-15.0,63680.0,0.008,31840.0,0.03,52
0.5381202654348995,0.0049433178923011,0.5546140245628977,0.0047829050742908,0.0164937591279981,0.0068784135332227,636800.0,0.005,-15.0,63680.0,0.008,31840.0,0.003,88
0.5381202654348995,0.0049433178923011,0.5816887716124309,0.0050197338321922,0.0435685061775313,0.0070451486521151,636800.0,0.005,-15.0,63680.0,0.008,31840.0,0.003,44
0.5381202654348995,0.0049433178923011,0.5612294914281968,0.0048398382570506,0.0231092259932972,0.006918123021366,636800.0,0.005,-15.0,63680.0,0.008,31840.0,0.003,72
0.5381202654348995,0.0049433178923011,0.5789865862473206,0.0049921517824099,0.040866320812421,0.0070255228419643,636800.0,0.005,-15.0,63680.0,0.008,31840.0,0.003,52
0.5381202654348995,0.0049433178923011,0.5546140245628977,0.0047662135346134,0.0164937591279981,0.0068668175483171,636800.0,0.005,-15.0,63680.0,0.008,31840.0,0.0015,88
0.5381202654348995,0.0049433178923011,0.5816887716124309,0.0049995921459554,0.0435685061775313,0.0070308117177352,636800.0,0.005,-15.0,63680.0,0.008,31840.0,0.0015,44
0.5381202654348995,0.0049433178923011,0.5612294914281968,0.0048227887067711,0.0231092259932972,0.006906206099915,636800.0,0.005,-15.0,63680.0,0.008,31840.0,0.0015,72
0.5381202654348995,0.0049433178923011,0.5789865862473206,0.0049736098092816,0.040866320812421,0.0070123595400783,636800.0,0.005,-15.0,63680.0,0.008,31840.0,0.0015,52
0.1793734218116331,0.0049433178923011,0.1848713415209658,0.006722633564209,0.0054979197093326,0.0083444708533839,636800.0,0.005,-5.0,63680.0,0.16,31840.0,0.03,88
0.1793734218116331,0.0049433178923011,0.1938962572041435,0.0110163101829151,0.0145228353925103,0.0120745799856783,636800.0,0.005,-5.0,63680.0,0.16,31840.0,0.03,44
0.1793734218116331,0.0049433178923011,0.1870764971427323,0.0071328942415588,0.0077030753310991,0.0086783968591905,636800.0,0.005,-5.0,63680.0,0.16,31840.0,0.03,72
0.1793734218116331,0.0049433178923011,0.1929955287491068,0.0091740731372222,0.0136221069374736,0.0104211328420401,636800.0,0.005,-5.0,63680.0,0.16,31840.0,0.03,52
0.1793734218116331,0.0049433178923011,0.1848713415209658,0.0049147114946379,0.0054979197093326,0.0069707087774393,636800.0,0.005,-5.0,63680.0,0.16,31840.0,0.003,88
0.1793734218116331,0.0049433178923011,0.1938962572041435,0.0097324550954819,0.0145228353925103,0.0109159092140745,636800.0,0.005,-5.0,63680.0,0.16,31840.0,0.003,44
0.1793734218116331,0.0049433178923011,0.1870764971427323,0.0053974110108478,0.0077030753310991,0.0073190462086508,636800.0,0.005,-5.0,63680.0,0.16,31840.0,0.003,72
0.1793734218116331,0.0049433178923011,0.1929955287491068,0.0077312362069149,0.0136221069374736,0.0091765137754736,636800.0,0.005,-5.0,63680.0,0.16,31840.0,0.003,52
0.1793734218116331,0.0049433178923011,0.1848713415209658,0.0048984691060964,0.0054979197093326,0.0069592665826023,636800.0,0.005,-5.0,63680.0,0.16,31840.0,0.0015,88
0.1793734218116331,0.0049433178923011,0.1938962572041435,0.0097220818791768,0.0145228353925103,0.0109066616271782,636800.0,0.005,-5.0,63680.0,0.16,31840.0,0.0015,44
0.1793734218116331,0.0049433178923011,0.1870764971427323,0.0053821280341301,0.0077030753310991,0.0073077831084477,636800.0,0.005,-5.0,63680.0,0.16,31840.0,0.0015,72
0.1793734218116331,0.0049433178923011,0.1929955287491068,0.0077192764170922,0.0136221069374736,0.0091664398862274,636800.0,0.005,-5.0,63680.0,0.16,31840.0,0.0015,52
0.1793734218116331,0.0049433178923011,0.1848713415209658,0.0066507701281423,0.0054979197093326,0.0082866842030895,636800.0,0.005,-5.0,63680.0,0.08,31840.0,0.03,88
0.1793734218116331,0.0049433178923011,0.1938962572041435,0.0083118103907254,0.0145228353925103,0.0096707075106072,636800.0,0.005,-5.0,63680.0,0.08,31840.0,0.03,44
0.1793734218116331,0.0049433178923011,0.1870764971427323,0.0068254261747946,0.0077030753310991,0.0084275046278193,636800.0,0.005,-5.0,63680.0,0.08,31840.0,0.03,72
0.1793734218116331,0.0049433178923011,0.1929955287491068,0.0076131651887629,0.0136221069374736,0.0090772614799694,636800.0,0.005,-5.0,63680.0,0.08,31840.0,0.03,52
0.1793734218116331,0.0049433178923011,0.1848713415209658,0.004815945424762,0.0054979197093326,0.006901428991059,636800.0,0.005,-5.0,63680.0,0.08,31840.0,0.003,88
0.1793734218116331,0.0049433178923011,0.1938962572041435,0.0065151963984785,0.0145228353925103,0.0081782746282508,636800.0,0.005,-5.0,63680.0,0.08,31840.0,0.003,44
0.1793734218116331,0.0049433178923011,0.1870764971427323,0.0049840051992679,0.0077030753310991,0.0070197364345589,636800.0,0.005,-5.0,63680.0,0.08,31840.0,0.003,72
0.1793734218116331,0.0049433178923011,0.1929955287491068,0.0057938484232333,0.0136221069374736,0.0076161060480896,636800.0,0.005,-5.0,63680.0,0.08,31840.0,0.003,52
0.1793734218116331,0.0049433178923011,0.1848713415209658,0.0047993687962211,0.0054979197093326,0.0068898717423828,636800.0,0.005,-5.0,63680.0,0.08,31840.0,0.0015,88
0.1793734218116331,0.0049433178923011,0.1938962572041435,0.0064996906072975,0.0145228353925103,0.0081659273677235,636800.0,0.005,-5.0,63680.0,0.08,31840.0,0.0015,44
0.1793734218116331,0.0049433178923011,0.1870764971427323,0.0049674504911551,0.0077030753310991,0.00700799230639,636800.0,0.005,-5.0,63680.0,0.08,31840.0,0.0015,72
0.1793734218116331,0.0049433178923011,0.1929955287491068,0.0057778797726992,0.0136221069374736,0.0076039651795698,636800.0,0.005,-5.0,63680.0,0.08,31840.0,0.0015,52
0.1793734218116331,0.0049433178923011,0.1848713415209658,0.0066268841783134,0.0054979197093326,0.0082675259719655,636800.0,0.005,-5.0,63680.0,0.008,31840.0,0.03,88
0.1793734218116331,0.0049433178923011,0.1938962572041435,0.0071997316343513,0.0145228353925103,0.0087334144176847,636800.0,0.005,-5.0,63680.0,0.008,31840.0,0.03,44
0.1793734218116331,0.0049433178923011,0.1870764971427323,0.0067208756122735,0.0077030753310991,0.0083430546432345,636800.0,0.005,-5.0,63680.0,0.008,31840.0,0.03,72
0.1793734218116331,0.0049433178923011,0.1929955287491068,0.0070223346586878,0.0136221069374736,0.0085877573232452,636800.0,0.005,-5.0,63680.0,0.008,31840.0,0.03,52
0.1793734218116331,0.0049433178923011,0.1848713415209658,0.0047829050742908,0.0054979197093326,0.0068784135332227,636800.0,0.005,-5.0,63680.0,0.008,31840.0,0.003,88
0.1793734218116331,0.0049433178923011,0.1938962572041435,0.0050197338321922,0.0145228353925103,0.0070451486521151,636800.0,0.005,-5.0,63680.0,0.008,31840.0,0.003,44
0.1793734218116331,0.0049433178923011,0.1870764971427323,0.0048398382570506,0.0077030753310991,0.006918123021366,636800.0,0.005,-5.0,63680.0,0.008,31840.0,0.003,72
0.1793734218116331,0.0049433178923011,0.1929955287491068,0.0049921517824099,0.0136221069374736,0.0070255228419643,636800.0,0.005,-5.0,63680.0,0.008,31840.0,0.003,52
0.1793734218116331,0.0049433178923011,0.1848713415209658,0.0047662135346134,0.0054979197093326,0.0068668175483171,636800.0,0.005,-5.0,63680.0,0.008,31840.0,0.0015,88
0.1793734218116331,0.0049433178923011,0.1938962572041435,0.0049995921459554,0.0145228353925103,0.0070308117177352,636800.0,0.005,-5.0,63680.0,0.008,31840.0,0.0015,44
0.1793734218116331,0.0049433178923011,0.1870764971427323,0.0048227887067711,0.0077030753310991,0.006906206099915,636800.0,0.005,-5.0,63680.0,0.008,31840.0,0.0015,72
0.1793734218116331,0.0049433178923011,0.1929955287491068,0.0049736098092816,0.0136221069374736,0.0070123595400783,636800.0,0.005,-5.0,63680.0,0.008,31840.0,0.0015,52
0.0,0.0049433178923011,0.0,0.006722633564209,0.0,0.0083444708533839,636800.0,0.005,0.0,63680.0,0.16,31840.0,0.03,88
0.0,0.0049433178923011,0.0,0.011016310182915,0.0,0.0120745799856782,636800.0,0.005,0.0,63680.0,0.16,31840.0,0.03,44
0.0,0.0049433178923011,0.0,0.0071328942415588,0.0,0.0086783968591905,636800.0,0.005,0.0,63680.0,0.16,31840.0,0.03,72
0.0,0.0049433178923011,0.0,0.0091740731372222,0.0,0.0104211328420401,636800.0,0.005,0.0,63680.0,0.16,31840.0,0.03,52
0.0,0.0049433178923011,0.0,0.0049147114946379,0.0,0.0069707087774393,636800.0,0.005,0.0,63680.0,0.16,31840.0,0.003,88
0.0,0.0049433178923011,0.0,0.009732455095482,0.0,0.0109159092140746,636800.0,0.005,0.0,63680.0,0.16,31840.0,0.003,44
0.0,0.0049433178923011,0.0,0.0053974110108478,0.0,0.0073190462086508,636800.0,0.005,0.0,63680.0,0.16,31840.0,0.003,72
0.0,0.0049433178923011,0.0,0.0077312362069149,0.0,0.0091765137754736,636800.0,0.005,0.0,63680.0,0.16,31840.0,0.003,52
0.0,0.0049433178923011,0.0,0.0048984691060964,0.0,0.0069592665826023,636800.0,0.005,0.0,63680.0,0.16,31840.0,0.0015,88
0.0,0.0049433178923011,0.0,0.0097220818791766,0.0,0.0109066616271781,636800.0,0.005,0.0,63680.0,0.16,31840.0,0.0015,44
0.0,0.0049433178923011,0.0,0.0053821280341301,0.0,0.0073077831084477,636800.0,0.005,0.0,63680.0,0.16,31840.0,0.0015,72
0.0,0.0049433178923011,0.0,0.0077192764170922,0.0,0.0091664398862274,636800.0,0.005,0.0,63680.0,0.16,31840.0,0.0015,52
0.0,0.0049433178923011,0.0,0.0066507701281422,0.0,0.0082866842030895,636800.0,0.005,0.0,63680.0,0.08,31840.0,0.03,88
0.0,0.0049433178923011,0.0,0.0083118103907254,0.0,0.0096707075106073,636800.0,0.005,0.0,63680.0,0.08,31840.0,0.03,44
0.0,0.0049433178923011,0.0,0.0068254261747946,0.0,0.0084275046278193,636800.0,0.005,0.0,63680.0,0.08,31840.0,0.03,72
0.0,0.0049433178923011,0.0,0.007613165188763,0.0,0.0090772614799695,636800.0,0.005,0.0,63680.0,0.08,31840.0,0.03,52
0.0,0.0049433178923011,0.0,0.004815945424762,0.0,0.006901428991059,636800.0,0.005,0.0,63680.0,0.08,31840.0,0.003,88
0.0,0.0049433178923011,0.0,0.0065151963984785,0.0,0.0081782746282508,636800.0,0.005,0.0,63680.0,0.08,31840.0,0.003,44
0.0,0.0049433178923011,0.0,0.0049840051992678,0.0,0.0070197364345589,636800.0,0.005,0.0,63680.0,0.08,31840.0,0.003,72
0.0,0.0049433178923011,0.0,0.0057938484232333,0.0,0.0076161060480896,636800.0,0.005,0.0,63680.0,0.08,31840.0,0.003,52
0.0,0.0049433178923011,0.0,0.0047993687962211,0.0,0.0068898717423828,636800.0,0.005,0.0,63680.0,0.08,31840.0,0.0015,88
0.0,0.0049433178923011,0.0,0.0064996906072975,0.0,0.0081659273677235,636800.0,0.005,0.0,63680.0,0.08,31840.0,0.0015,44
0.0,0.0049433178923011,0.0,0.0049674504911551,0.0,0.00700799230639,636800.0,0.005,0.0,63680.0,0.08,31840.0,0.0015,72
0.0,0.0049433178923011,0.0,0.0057778797726992,0.0,0.0076039651795698,636800.0,0.005,0.0,63680.0,0.08,31840.0,0.0015,52
0.0,0.0049433178923011,0.0,0.0066268841783134,0.0,0.0082675259719655,636800.0,0.005,0.0,63680.0,0.008,31840.0,0.03,88
0.0,0.0049433178923011,0.0,0.0071997316343513,0.0,0.0087334144176847,636800.0,0.005,0.0,63680.0,0.008,31840.0,0.03,44
0.0,0.0049433178923011,0.0,0.0067208756122735,0.0,0.0083430546432345,636800.0,0.005,0.0,63680.0,0.008,31840.0,0.03,72
0.0,0.0049433178923011,0.0,0.0070223346586878,0.0,0.0085877573232453,636800.0,0.005,0.0,63680.0,0.008,31840.0,0.03,52
0.0,0.0049433178923011,0.0,0.0047829050742908,0.0,0.0068784135332227,636800.0,0.005,0.0,63680.0,0.008,31840.0,0.003,88
0.0,0.0049433178923011,0.0,0.0050197338321922,0.0,0.0070451486521151,636800.0,0.005,0.0,63680.0,0.008,31840.0,0.003,44
0.0,0.0049433178923011,0.0,0.0048398382570506,0.0,0.006918123021366,636800.0,0.005,0.0,63680.0,0.008,31840.0,0.003,72
0.0,0.0049433178923011,0.0,0.0049921517824099,0.0,0.0070255228419643,636800.0,0.005,0.0,63680.0,0.008,31840.0,0.003,52
0.0,0.0049433178923011,0.0,0.0047662135346134,0.0,0.0068668175483171,636800.0,0.005,0.0,63680.0,0.008,31840.0,0.0015,88
0.0,0.0049433178923011,0.0,0.0049995921459554,0.0,0.0070308117177352,636800.0,0.005,0.0,63680.0,0.008,31840.0,0.0015,44
0.0,0.0049433178923011,0.0,0.0048227887067711,0.0,0.006906206099915,636800.0,0.005,0.0,63680.0,0.008,31840.0,0.0015,72
0.0,0.0049433178923011,0.0,0.0049736098092816,0.0,0.0070123595400783,636800.0,0.005,0.0,63680.0,0.008,31840.0,0.0015,52
-0.1793734218116331,0.0049433178923011,-0.1848713415209658,0.006722633564209,-0.0054979197093326,0.0083444708533839,636800.0,0.005,5.0,63680.0,0.16,31840.0,0.03,88
-0.1793734218116331,0.0049433178923011,-0.1938962572041435,0.011016310182915,-0.0145228353925103,0.0120745799856782,636800.0,0.005,5.0,63680.0,0.16,31840.0,0.03,44
-0.1793734218116331,0.0049433178923011,-0.1870764971427323,0.0071328942415588,-0.0077030753310991,0.0086783968591905,636800.0,0.005,5.0,63680.0,0.16,31840.0,0.03,72
-0.1793734218116331,0.0049433178923011,-0.1929955287491068,0.0091740731372222,-0.0136221069374736,0.0104211328420401,636800.0,0.005,5.0,63680.0,0.16,31840.0,0.03,52
-0.1793734218116331,0.0049433178923011,-0.1848713415209658,0.0049147114946379,-0.0054979197093326,0.0069707087774393,636800.0,0.005,5.0,63680.0,0.16,31840.0,0.003,88
-0.1793734218116331,0.0049433178923011,-0.1938962572041435,0.009732455095482,-0.0145228353925103,0.0109159092140745,636800.0,0.005,5.0,63680.0,0.16,31840.0,0.003,44
-0.1793734218116331,0.0049433178923011,-0.1870764971427323,0.0053974110108478,-0.0077030753310991,0.0073190462086508,636800.0,0.005,5.0,63680.0,0.16,31840.0,0.003,72
-0.1793734218116331,0.0049433178923011,-0.1929955287491068,0.0077312362069149,-0.0136221069374736,0.0091765137754736,636800.0,0.005,5.0,63680.0,0.16,31840.0,0.003,52
-0.1793734218116331,0.0049433178923011,-0.1848713415209658,0.0048984691060964,-0.0054979197093326,0.0069592665826023,636800.0,0.005,5.0,63680.0,0.16,31840.0,0.0015,88
-0.1793734218116331,0.0049433178923011,-0.1938962572041435,0.0097220818791767,-0.0145228353925103,0.0109066616271782,636800.0,0.005,5.0,63680.0,0.16,31840.0,0.0015,44
-0.1793734218116331,0.0049433178923011,-0.1870764971427323,0.0053821280341301,-0.0077030753310991,0.0073077831084477,636800.0,0.005,5.0,63680.0,0.16,31840.0,0.0015,72
-0.1793734218116331,0.0049433178923011,-0.1929955287491068,0.0077192764170922,-0.0136221069374736,0.0091664398862274,636800.0,0.005,5.0,63680.0,0.16,31840.0,0.0015,52
-0.1793734218116331,0.0049433178923011,-0.1848713415209658,0.0066507701281422,-0.0054979197093326,0.0082866842030895,636800.0,0.005,5.0,63680.0,0.08,31840.0,0.03,88
-0.1793734218116331,0.0049433178923011,-0.1938962572041435,0.0083118103907254,-0.0145228353925103,0.0096707075106072,636800.0,0.005,5.0,63680.0,0.08,31840.0,0.03,44
-0.1793734218116331,0.0049433178923011,-0.1870764971427323,0.0068254261747946,-0.0077030753310991,0.0084275046278193,636800.0,0.005,5.0,63680.0,0.08,31840.0,0.03,72
-0.1793734218116331,0.0049433178923011,-0.1929955287491068,0.007613165188763,-0.0136221069374736,0.0090772614799694,636800.0,0.005,5.0,63680.0,0.08,31840.0,0.03,52
-0.1793734218116331,0.0049433178923011,-0.1848713415209658,0.004815945424762,-0.0054979197093326,0.006901428991059,636800.0,0.005,5.0,63680.0,0.08,31840.0,0.003,88
-0.1793734218116331,0.0049433178923011,-0.1938962572041435,0.0065151963984785,-0.0145228353925103,0.0081782746282508,636800.0,0.005,5.0,63680.0,0.08,31840.0,0.003,44
-0.1793734218116331,0.0049433178923011,-0.1870764971427323,0.0049840051992679,-0.0077030753310991,0.0070197364345589,636800.0,0.005,5.0,63680.0,0.08,31840.0,0.003,72
-0.1793734218116331,0.0049433178923011,-0.1929955287491068,0.0057938484232333,-0.0136221069374736,0.0076161060480896,636800.0,0.005,5.0,63680.0,0.08,31840.0,0.003,52
-0.1793734218116331,0.0049433178923011,-0.1848713415209658,0.0047993687962211,-0.0054979197093326,0.0068898717423828,636800.0,0.005,5.0,63680.0,0.08,31840.0,0.0015,88
-0.1793734218116331,0.0049433178923011,-0.1938962572041435,0.0064996906072975,-0.0145228353925103,0.0081659273677235,636800.0,0.005,5.0,63680.0,0.08,31840.0,0.0015,44
-0.1793734218116331,0.0049433178923011,-0.1870764971427323,0.0049674504911551,-0.0077030753310991,0.00700799230639,636800.0,0.005,5.0,63680.0,0.08,31840.0,0.0015,72
-0.1793734218116331,0.0049433178923011,-0.1929955287491068,0.0057778797726992,-0.0136221069374736,0.0076039651795698,636800.0,0.005,5.0,63680.0,0.08,31840.0,0.0015,52
-0.1793734218116331,0.0049433178923011,-0.1848713415209658,0.0066268841783134,-0.0054979197093326,0.0082675259719655,636800.0,0.005,5.0,63680.0,0.008,31840.0,0.03,88
-0.1793734218116331,0.0049433178923011,-0.1938962572041435,0.0071997316343512,-0.0145228353925103,0.0087334144176847,636800.0,0.005,5.0,63680.0,0.008,31840.0,0.03,44
-0.1793734218116331,0.0049433178923011,-0.1870764971427323,0.0067208756122735,-0.0077030753310991,0.0083430546432345,636800.0,0.005,5.0,63680.0,0.008,31840.0,0.03,72
-0.1793734218116331,0.0049433178923011,-0.1929955287491068,0.0070223346586878,-0.0136221069374736,0.0085877573232453,636800.0,0.005,5.0,63680.0,0.008,31840.0,0.03,52
-0.1793734218116331,0.0049433178923011,-0.1848713415209658,0.0047829050742908,-0.0054979197093326,0.0068784135332227,636800.0,0.005,5.0,63680.0,0.008,31840.0,0.003,88
-0.1793734218116331,0.0049433178923011,-0.1938962572041435,0.0050197338321922,-0.0145228353925103,0.0070451486521151,636800.0,0.005,5.0,63680.0,0.008,31840.0,0.003,44
-0.1793734218116331,0.0049433178923011,-0.1870764971427323,0.0048398382570506,-0.0077030753310991,0.006918123021366,636800.0,0.005,5.0,63680.0,0.008,31840.0,0.003,72
-0.1793734218116331,0.0049433178923011,-0.1929955287491068,0.0049921517824099,-0.0136221069374736,0.0070255228419643,636800.0,0.005,5.0,63680.0,0.008,31840.0,0.003,52
-0.1793734218116331,0.0049433178923011,-0.1848713415209658,0.0047662135346134,-0.0054979197093326,0.0068668175483171,636800.0,0.005,5.0,63680.0,0.008,31840.0,0.0015,88
-0.1793734218116331,0.0049433178923011,-0.1938962572041435,0.0049995921459554,-0.0145228353925103,0.0070308117177352,636800.0,0.005,5.0,63680.0,0.008,31840.0,0.0015,44
-0.1793734218116331,0.0049433178923011,-0.1870764971427323,0.0048227887067711,-0.0077030753310991,0.006906206099915,636800.0,0.005,5.0,63680.0,0.008,31840.0,0.0015,72
-0.1793734218116331,0.0049433178923011,-0.1929955287491068,0.0049736098092816,-0.0136221069374736,0.0070123595400783,636800.0,0.005,5.0,63680.0,0.008,31840.0,0.0015,52
-0.5381202654348995,0.0049433178923011,-0.5546140245628977,0.006722633564209,-0.0164937591279981,0.0083444708533839,636800.0,0.005,15.0,63680.0,0.16,31840.0,0.03,88
-0.5381202654348995,0.0049433178923011,-0.5816887716124309,0.011016310182915,-0.0435685061775313,0.0120745799856782,636800.0,0.005,15.0,63680.0,0.16,31840.0,0.03,44
-0.5381202654348995,0.0049433178923011,-0.5612294914281968,0.0071328942415588,-0.0231092259932972,0.0086783968591905,636800.0,0.005,15.0,63680.0,0.16,31840.0,0.03,72
-0.5381202654348995,0.0049433178923011,-0.5789865862473206,0.0091740731372222,-0.040866320812421,0.0104211328420401,636800.0,0.005,15.0,63680.0,0.16,31840.0,0.03,52
-0.5381202654348995,0.0049433178923011,-0.5546140245628977,0.0049147114946379,-0.0164937591279981,0.0069707087774393,636800.0,0.005,15.0,63680.0,0.16,31840.0,0.003,88
-0.5381202654348995,0.0049433178923011,-0.5816887716124309,0.0097324550954819,-0.0435685061775313,0.0109159092140745,636800.0,0.005,15.0,63680.0,0.16,31840.0,0.003,44
-0.5381202654348995,0.0049433178923011,-0.5612294914281968,0.0053974110108478,-0.0231092259932972,0.0073190462086508,636800.0,0.005,15.0,63680.0,0.16,31840.0,0.003,72
-0.5381202654348995,0.0049433178923011,-0.5789865862473206,0.0077312362069149,-0.040866320812421,0.0091765137754735,636800.0,0.005,15.0,63680.0,0.16,31840.0,0.003,52
-0.5381202654348995,0.0049433178923011,-0.5546140245628977,0.0048984691060964,-0.0164937591279981,0.0069592665826023,636800.0,0.005,15.0,63680.0,0.16,31840.0,0.0015,88
-0.5381202654348995,0.0049433178923011,-0.5816887716124309,0.0097220818791767,-0.0435685061775313,0.0109066616271781,636800.0,0.005,15.0,63680.0,0.16,31840.0,0.0015,44
-0.5381202654348995,0.0049433178923011,-0.5612294914281968,0.0053821280341301,-0.0231092259932972,0.0073077831084477,636800.0,0.005,15.0,63680.0,0.16,31840.0,0.0015,72
-0.5381202654348995,0.0049433178923011,-0.5789865862473206,0.0077192764170922,-0.040866320812421,0.0091664398862274,636800.0,0.005,15.0,63680.0,0.16,31840.0,0.0015,52
-0.5381202654348995,0.0049433178923011,-0.5546140245628977,0.0066507701281423,-0.0164937591279981,0.0082866842030895,636800.0,0.005,15.0,63680.0,0.08,31840.0,0.03,88
-0.5381202654348995,0.0049433178923011,-0.5816887716124309,0.0083118103907254,-0.0435685061775313,0.0096707075106072,636800.0,0.005,15.0,63680.0,0.08,31840.0,0.03,44
-0.5381202654348995,0.0049433178923011,-0.5612294914281968,0.0068254261747946,-0.0231092259932972,0.0084275046278193,636800.0,0.005,15.0,63680.0,0.08,31840.0,0.03,72
-0.5381202654348995,0.0049433178923011,-0.5789865862473206,0.0076131651887629,-0.040866320812421,0.0090772614799694,636800.0,0.005,15.0,63680.0,0.08,31840.0,0.03,52
-0.5381202654348995,0.0049433178923011,-0.5546140245628977,0.004815945424762,-0.0164937591279981,0.006901428991059,636800.0,0.005,15.0,63680.0,0.08,31840.0,0.003,88
-0.5381202654348995,0.0049433178923011,-0.5816887716124309,0.0065151963984785,-0.0435685061775313,0.0081782746282508,636800.0,0.005,15.0,63680.0,0.08,31840.0,0.003,44
-0.5381202654348995,0.0049433178923011,-0.5612294914281968,0.0049840051992679,-0.0231092259932972,0.0070197364345589,636800.0,0.005,15.0,63680.0,0.08,31840.0,0.003,72
-0.5381202654348995,0.0049433178923011,-0.5789865862473206,0.0057938484232333,-0.040866320812421,0.0076161060480896,636800.0,0.005,15.0,63680.0,0.08,31840.0,0.003,52
-0.5381202654348995,0.0049433178923011,-0.5546140245628977,0.0047993687962211,-0.0164937591279981,0.0068898717423828,636800.0,0.005,15.0,63680.0,0.08,31840.0,0.0015,88
-0.5381202654348995,0.0049433178923011,-0.5816887716124309,0.0064996906072975,-0.0435685061775313,0.0081659273677235,636800.0,0.005,15.0,63680.0,0.08,31840.0,0.0015,44
-0.5381202654348995,0.0049433178923011,-0.5612294914281968,0.0049674504911551,-0.0231092259932972,0.00700799230639,636800.0,0.005,15.0,63680.0,0.08,31840.0,0.0015,72
-0.5381202654348995,0.0049433178923011,-0.5789865862473206,0.0057778797726992,-0.040866320812421,0.0076039651795698,636800.0,0.005,15.0,63680.0,0.08,31840.0,0.0015,52
-0.5381202654348995,0.0049433178923011,-0.5546140245628977,0.0066268841783134,-0.0164937591279981,0.0082675259719655,636800.0,0.005,15.0,63680.0,0.008,31840.0,0.03,88
-0.5381202654348995,0.0049433178923011,-0.5816887716124309,0.0071997316343513,-0.0435685061775313,0.0087334144176847,636800.0,0.005,15.0,63680.0,0.008,31840.0,0.03,44
-0.5381202654348995,0.0049433178923011,-0.5612294914281968,0.0067208756122735,-0.0231092259932972,0.0083430546432345,636800.0,0.005,15.0,63680.0,0.008,31840.0,0.03,72
-0.5381202654348995,0.0049433178923011,-0.5789865862473206,0.0070223346586878,-0.040866320812421,0.0085877573232452,636800.0,0.005,15.0,63680.0,0.008,31840.0,0.03,52
-0.5381202654348995,0.0049433178923011,-0.5546140245628977,0.0047829050742908,-0.0164937591279981,0.0068784135332227,636800.0,0.005,15.0,63680.0,0.008,31840.0,0.003,88
-0.5381202654348995,0.0049433178923011,-0.5816887716124309,0.0050197338321922,-0.0435685061775313,0.0070451486521151,636800.0,0.005,15.0,63680.0,0.008,31840.0,0.003,44
-0.5381202654348995,0.0049433178923011,-0.5612294914281968,0.0048398382570506,-0.0231092259932972,0.006918123021366,636800.0,0.005,15.0,63680.0,0.008,31840.0,0.003,72
-0.5381202654348995,0.0049433178923011,-0.5789865862473206,0.0049921517824099,-0.040866320812421,0.0070255228419643,636800.0,0.005,15.0,63680.0,0.008,31840.0,0.003,52
-0.5381202654348995,0.0049433178923011,-0.5546140245628977,0.0047662135346134,-0.0164937591279981,0.0068668175483171,636800.0,0.005,15.0,63680.0,0.008,31840.0,0.0015,88
-0.5381202654348995,0.0049433178923011,-0.5816887716124309,0.0049995921459554,-0.0435685061775313,0.0070308117177352,636800.0,0.005,15.0,63680.0,0.008,31840.0,0.0015,44
-0.5381202654348995,0.0049433178923011,-0.5612294914281968,0.0048227887067711,-0.0231092259932972,0.006906206099915,636800.0,0.005,15.0,63680.0,0.008,31840.0,0.0015,72
-0.5381202654348995,0.0049433178923011,-0.5789865862473206,0.0049736098092816,-0.040866320812421,0.0070123595400783,636800.0,0.005,15.0,63680.0,0.008,31840.0,0.0015,52
0.5381202654348995,0.0494331789230112,0.5546140245628977,0.0478390964976238,0.0164937591279981,0.0687911210269422,636800.0,0.05,-15.0,63680.0,0.16,31840.0,0.03,88
0.5381202654348995,0.0494331789230112,0.5816887716124309,0.050715339619097,0.0435685061775313,0.0708214999213854,636800.0,0.05,-15.0,63680.0,0.16,31840.0,0.03,44
0.5381202654348995,0.0494331789230112,0.5612294914281968,0.0484426998962154,0.0231092259932972,0.0692122413426211,636800.0,0.05,-15.0,63680.0,0.16,31840.0,0.03,72
0.5381202654348995,0.0494331789230112,0.5789865862473206,0.0501832768519315,0.040866320812421,0.0704414682841865,636800.0,0.05,-15.0,63680.0,0.16,31840.0,0.03,52
0.5381202654348995,0.0494331789230112,0.5546140245628977,0.0476186910860206,0.0164937591279981,0.0686380282291115,636800.0,0.05,-15.0,63680.0,0.16,31840.0,0.003,88
0.5381202654348995,0.0494331789230112,0.5816887716124309,0.0504520293429286,0.0435685061775313,0.0706331823101166,636800.0,0.05,-15.0,63680.0,0.16,31840.0,0.003,44
0.5381202654348995,0.0494331789230112,0.5612294914281968,0.0482177253569012,0.0231092259932972,0.0690549651873636,636800.0,0.05,-15.0,63680.0,0.16,31840.0,0.003,72
0.5381202654348995,0.0494331789230112,0.5789865862473206,0.0499396603007831,0.040866320812421,0.0702681211460223,636800.0,0.05,-15.0,63680.0,0.16,31840.0,0.003,52
0.5381202654348995,0.0494331789230112,0.5546140245628977,0.0476170174544113,0.0164937591279981,0.0686368671319442,636800.0,0.05,-15.0,63680.0,0.16,31840.0,0.0015,88
0.5381202654348995,0.0494331789230112,0.5816887716124309,0.0504500293230794,0.0435685061775313,0.070631753745281,636800.0,0.05,-15.0,63680.0,0.16,31840.0,0.0015,44
0.5381202654348995,0.0494331789230112,0.5612294914281968,0.0482160169979779,0.0231092259932972,0.0690537723342016,636800.0,0.05,-15.0,63680.0,0.16,31840.0,0.0015,72
0.5381202654348995,0.0494331789230112,0.5789865862473206,0.0499378101850089,0.040866320812421,0.0702668062779889,636800.0,0.05,-15.0,63680.0,0.16,31840.0,0.0015,52
0.5381202654348995,0.0494331789230112,0.5546140245628977,0.0478290507429086,0.0164937591279981,0.0687841353322274,636800.0,0.05,-15.0,63680.0,0.08,31840.0,0.03,88
0.5381202654348995,0.0494331789230112,0.5816887716124309,0.0501973383219222,0.0435685061775313,0.0704514865211513,636800.0,0.05,-15.0,63680.0,0.08,31840.0,0.03,44
0.5381202654348995,0.0494331789230112,0.5612294914281968,0.0483983825705064,0.0231092259932972,0.0691812302136609,636800.0,0.05,-15.0,63680.0,0.08,31840.0,0.03,72
0.5381202654348995,0.0494331789230112,0.5789865862473206,0.0499215178240996,0.040866320812421,0.0702552284196439,636800.0,0.05,-15.0,63680.0,0.08,31840.0,0.03,52
0.5381202654348995,0.0494331789230112,0.5546140245628977,0.0476085988242105,0.0164937591279981,0.068631026951657,636800.0,0.05,-15.0,63680.0,0.08,31840.0,0.003,88
0.5381202654348995,0.0494331789230112,0.5816887716124309,0.0499312964656927,0.0435685061775313,0.0702621772021003,636800.0,0.05,-15.0,63680.0,0.08,31840.0,0.003,44
0.5381202654348995,0.0494331789230112,0.5612294914281968,0.0481732010644908,0.0231092259932972,0.0690238833972293,636800.0,0.05,-15.0,63680.0,0.08,31840.0,0.003,72
0.5381202654348995,0.0494331789230112,0.5789865862473206,0.0496766176105208,0.040866320812421,0.0700814206167109,636800.0,0.05,-15.0,63680.0,0.08,31840.0,0.003,52
0.5381202654348995,0.0494331789230112,0.5546140245628977,0.0476069248378056,0.0164937591279981,0.0686298657360403,636800.0,0.05,-15.0,63680.0,0.08,31840.0,0.0015,88
0.5381202654348995,0.0494331789230112,0.5816887716124309,0.0499292755868212,0.0435685061775313,0.0702607410938654,636800.0,0.05,-15.0,63680.0,0.08,31840.0,0.0015,44
0.5381202654348995,0.0494331789230112,0.5612294914281968,0.0481714911265533,0.0231092259932972,0.0690226900069104,636800.0,0.05,-15.0,63680.0,0.08,31840.0,0.0015,72
0.5381202654348995,0.0494331789230112,0.5789865862473206,0.0496747576978315,0.040866320812421,0.0700801022457353,636800.0,0.05,-15.0,63680.0,0.08,31840.0,0.0015,52
0.5381202654348995,0.0494331789230112,0.5546140245628977,0.0478257351807906,0.0164937591279981,0.0687818298972742,636800.0,0.05,-15.0,63680.0,0.008,31840.0,0.03,88
0.5381202654348995,0.0494331789230112,0.5816887716124309,0.0500252208215099,0.0435685061775313,0.0703289548953721,636800.0,0.05,-15.0,63680.0,0.008,31840.0,0.03,44
0.5381202654348995,0.0494331789230112,0.5612294914281968,0.0483837489449627,0.0231092259932972,0.0691709934900723,636800.0,0.05,-15.0,63680.0,0.008,31840.0,0.03,72
0.5381202654348995,0.0494331789230112,0.5789865862473206,0.049834835624582,0.040866320812421,0.0701936608260572,636800.0,0.05,-15.0,63680.0,0.008,31840.0,0.03,52
0.5381202654348995,0.0494331789230112,0.5546140245628977,0.0476052679082894,0.0164937591279981,0.0686287163733554,636800.0,0.05,-15.0,63680.0,0.008,31840.0,0.003,88
0.5381202654348995,0.0494331789230112,0.5816887716124309,0.0497582587153148,0.0435685061775313,0.0701393148584633,636800.0,0.05,-15.0,63680.0,0.008,31840.0,0.003,44
0.5381202654348995,0.0494331789230112,0.5612294914281968,0.0481584990144828,0.0231092259932972,0.0690136233345445,636800.0,0.05,-15.0,63680.0,0.008,31840.0,0.003,72
0.5381202654348995,0.0494331789230112,0.5789865862473206,0.0495895073285581,0.040866320812421,0.0700197001958989,636800.0,0.05,-15.0,63680.0,0.008,31840.0,0.003,52
0.5381202654348995,0.0494331789230112,0.5546140245628977,0.0476035938047524,0.0164937591279981,0.0686275551186425,636800.0,0.05,-15.0,63680.0,0.008,31840.0,0.0015,88
0.5381202654348995,0.0494331789230112,0.5816887716124309,0.0497562308084128,0.0435685061775313,0.0701378762345603,636800.0,0.05,-15.0,63680.0,0.008,31840.0,0.0015,44
0.5381202654348995,0.0494331789230112,0.5612294914281968,0.048156788554509,0.0231092259932972,0.0690124297668046,636800.0,0.05,-15.0,63680.0,0.008,31840.0,0.0015,72
0.5381202654348995,0.0494331789230112,0.5789865862473206,0.0495876441485728,0.040866320812421,0.0700183806627941,636800.0,0.05,-15.0,63680.0,0.008,31840.0,0.0015,52
0.1793734218116331,0.0494331789230112,0.1848713415209658,0.0478390964976238,0.0054979197093326,0.0687911210269422,636800.0,0.05,-5.0,63680.0,0.16,31840.0,0.03,88
0.1793734218116331,0.0494331789230112,0.1938962572041435,0.050715339619097,0.0145228353925103,0.0708214999213854,636800.0,0.05,-5.0,63680.0,0.16,31840.0,0.03,44
0.1793734218116331,0.0494331789230112,0.1870764971427323,0.0484426998962154,0.0077030753310991,0.0692122413426211,636800.0,0.05,-5.0,63680.0,0.16,31840.0,0.03,72
0.1793734218116331,0.0494331789230112,0.1929955287491068,0.0501832768519315,0.0136221069374736,0.0704414682841865,636800.0,0.05,-5.0,63680.0,0.16,31840.0,0.03,52
0.1793734218116331,0.0494331789230112,0.1848713415209658,0.0476186910860206,0.0054979197093326,0.0686380282291115,636800.0,0.05,-5.0,63680.0,0.16,31840.0,0.003,88
0.1793734218116331,0.0494331789230112,0.1938962572041435,0.0504520293429286,0.0145228353925103,0.0706331823101166,636800.0,0.05,-5.0,63680.0,0.16,31840.0,0.003,44
0.1793734218116331,0.0494331789230112,0.1870764971427323,0.0482177253569011,0.0077030753310991,0.0690549651873636,636800.0,0.05,-5.0,63680.0,0.16,31840.0,0.003,72
0.1793734218116331,0.0494331789230112,0.1929955287491068,0.0499396603007831,0.0136221069374736,0.0702681211460223,636800.0,0.05,-5.0,63680.0,0.16,31840.0,0.003,52
0.1793734218116331,0.0494331789230112,0.1848713415209658,0.0476170174544113,0.0054979197093326,0.0686368671319442,636800.0,0.05,-5.0,63680.0,0.16,31840.0,0.0015,88
0.1793734218116331,0.0494331789230112,0.1938962572041435,0.0504500293230794,0.0145228353925103,0.070631753745281,636800.0,0.05,-5.0,63680.0,0.16,31840.0,0.0015,44
0.1793734218116331,0.0494331789230112,0.1870764971427323,0.0482160169979779,0.0077030753310991,0.0690537723342016,636800.0,0.05,-5.0,63680.0,0.16,31840.0,0.0015,72
0.1793734218116331,0.0494331789230112,0.1929955287491068,0.0499378101850089,0.0136221069374736,0.0702668062779889,636800.0,0.05,-5.0,63680.0,0.16,31840.0,0.0015,52
0.1793734218116331,0.0494331789230112,0.1848713415209658,0.0478290507429086,0.0054979197093326,0.0687841353322274,636800.0,0.05,-5.0,63680.0,0.08,31840.0,0.03,88
0.1793734218116331,0.0494331789230112,0.1938962572041435,0.0501973383219222,0.0145228353925103,0.0704514865211513,636800.0,0.05,-5.0,63680.0,0.08,31840.0,0.03,44
0.1793734218116331,0.0494331789230112,0.1870764971427323,0.0483983825705064,0.0077030753310991,0.0691812302136609,636800.0,0.05,-5.0,63680.0,0.08,31840.0,0.03,72
0.1793734218116331,0.0494331789230112,0.1929955287491068,0.0499215178240996,0.0136221069374736,0.0702552284196439,636800.0,0.05,-5.0,63680.0,0.08,31840.0,0.03,52
0.1793734218116331,0.0494331789230112,0.1848713415209658,0.0476085988242105,0.0054979197093326,0.068631026951657,636800.0,0.05,-5.0,63680.0,0.08,31840.0,0.003,88
0.1793734218116331,0.0494331789230112,0.1938962572041435,0.0499312964656927,0.0145228353925103,0.0702621772021003,636800.0,0.05,-5.0,63680.0,0.08,31840.0,0.003,44
0.1793734218116331,0.0494331789230112,0.1870764971427323,0.0481732010644908,0.0077030753310991,0.0690238833972293,636800.0,0.05,-5.0,63680.0,0.08,31840.0,0.003,72
0.1793734218116331,0.0494331789230112,0.1929955287491068,0.0496766176105208,0.0136221069374736,0.0700814206167109,636800.0,0.05,-5.0,63680.0,0.08,31840.0,0.003,52
0.1793734218116331,0.0494331789230112,0.1848713415209658,0.0476069248378056,0.0054979197093326,0.0686298657360403,636800.0,0.05,-5.0,63680.0,0.08,31840.0,0.0015,88
0.1793734218116331,0.0494331789230112,0.1938962572041435,0.0499292755868212,0.0145228353925103,0.0702607410938654,636800.0,0.05,-5.0,63680.0,0.08,31840.0,0.0015,44
0.1793734218116331,0.0494331789230112,0.1870764971427323,0.0481714911265533,0.0077030753310991,0.0690226900069104,636800.0,0.05,-5.0,63680.0,0.08,31840.0,0.0015,72
0.1793734218116331,0.0494331789230112,0.1929955287491068,0.0496747576978315,0.0136221069374736,0.0700801022457353,636800.0,0.05,-5.0,63680.0,0.08,31840.0,0.0015,52
0.1793734218116331,0.0494331789230112,0.1848713415209658,0.0478257351807906,0.0054979197093326,0.0687818298972742,636800.0,0.05,-5.0,63680.0,0.008,31840.0,0.03,88
0.1793734218116331,0.0494331789230112,0.1938962572041435,0.0500252208215099,0.0145228353925103,0.0703289548953721,636800.0,0.05,-5.0,63680.0,0.008,31840.0,0.03,44
0.1793734218116331,0.0494331789230112,0.1870764971427323,0.0483837489449627,0.0077030753310991,0.0691709934900723,636800.0,0.05,-5.0,63680.0,0.008,31840.0,0.03,72
0.1793734218116331,0.0494331789230112,0.1929955287491068,0.049834835624582,0.0136221069374736,0.0701936608260572,636800.0,0.05,-5.0,63680.0,0.008,31840.0,0.03,52
0.1793734218116331,0.0494331789230112,0.1848713415209658,0.0476052679082894,0.0054979197093326,0.0686287163733554,636800.0,0.05,-5.0,63680.0,0.008,31840.0,0.003,88
0.1793734218116331,0.0494331789230112,0.1938962572041435,0.0497582587153148,0.0145228353925103,0.0701393148584633,636800.0,0.05,-5.0,63680.0,0.008,31840.0,0.003,44
0.1793734218116331,0.0494331789230112,0.1870764971427323,0.0481584990144828,0.0077030753310991,0.0690136233345445,636800.0,0.05,-5.0,63680.0,0.008,31840.0,0.003,72
0.1793734218116331,0.0494331789230112,0.1929955287491068,0.0495895073285581,0.0136221069374736,0.0700197001958989,636800.0,0.05,-5.0,63680.0,0.008,31840.0,0.003,52
0.1793734218116331,0.0494331789230112,0.1848713415209658,0.0476035938047524,0.0054979197093326,0.0686275551186425,636800.0,0.05,-5.0,63680.0,0.008,31840.0,0.0015,88
0.1793734218116331,0.0494331789230112,0.1938962572041435,0.0497562308084128,0.0145228353925103,0.0701378762345603,636800.0,0.05,-5.0,63680.0,0.008,31840.0,0.0015,44
0.1793734218116331,0.0494331789230112,0.1870764971427323,0.048156788554509,0.0077030753310991,0.0690124297668046,636800.0,0.05,-5.0,63680.0,0.008,31840.0,0.0015,72
0.1793734218116331,0.0494331789230112,0.1929955287491068,0.0495876441485728,0.0136221069374736,0.0700183806627941,636800.0,0.05,-5.0,63680.0,0.008,31840.0,0.0015,52
0.0,0.0494331789230112,0.0,0.0478390964976238,0.0,0.0687911210269422,636800.0,0.05,0.0,63680.0,0.16,31840.0,0.03,88
0.0,0.0494331789230112,0.0,0.050715339619097,0.0,0.0708214999213854,636800.0,0.05,0.0,63680.0,0.16,31840.0,0.03,44
0.0,0.0494331789230112,0.0,0.0484426998962154,0.0,0.0692122413426211,636800.0,0.05,0.0,63680.0,0.16,31840.0,0.03,72
0.0,0.0494331789230112,0.0,0.0501832768519315,0.0,0.0704414682841865,636800.0,0.05,0.0,63680.0,0.16,31840.0,0.03,52
0.0,0.0494331789230112,0.0,0.0476186910860206,0.0,0.0686380282291115,636800.0,0.05,0.0,63680.0,0.16,31840.0,0.003,88
0.0,0.0494331789230112,0.0,0.0504520293429285,0.0,0.0706331823101166,636800.0,0.05,0.0,63680.0,0.16,31840.0,0.003,44
0.0,0.0494331789230112,0.0,0.0482177253569012,0.0,0.0690549651873636,636800.0,0.05,0.0,63680.0,0.16,31840.0,0.003,72
0.0,0.0494331789230112,0.0,0.0499396603007831,0.0,0.0702681211460223,636800.0,0.05,0.0,63680.0,0.16,31840.0,0.003,52
0.0,0.0494331789230112,0.0,0.0476170174544113,0.0,0.0686368671319442,636800.0,0.05,0.0,63680.0,0.16,31840.0,0.0015,88
0.0,0.0494331789230112,0.0,0.0504500293230794,0.0,0.070631753745281,636800.0,0.05,0.0,63680.0,0.16,31840.0,0.0015,44
0.0,0.0494331789230112,0.0,0.0482160169979779,0.0,0.0690537723342016,636800.0,0.05,0.0,63680.0,0.16,31840.0,0.0015,72
0.0,0.0494331789230112,0.0,0.0499378101850089,0.0,0.0702668062779889,636800.0,0.05,0.0,63680.0,0.16,31840.0,0.0015,52
0.0,0.0494331789230112,0.0,0.0478290507429086,0.0,0.0687841353322274,636800.0,0.05,0.0,63680.0,0.08,31840.0,0.03,88
0.0,0.0494331789230112,0.0,0.0501973383219222,0.0,0.0704514865211513,636800.0,0.05,0.0,63680.0,0.08,31840.0,0.03,44
0.0,0.0494331789230112,0.0,0.0483983825705064,0.0,0.0691812302136609,636800.0,0.05,0.0,63680.0,0.08,31840.0,0.03,72
0.0,0.0494331789230112,0.0,0.0499215178240996,0.0,0.0702552284196439,636800.0,0.05,0.0,63680.0,0.08,31840.0,0.03,52
0.0,0.0494331789230112,0.0,0.0476085988242105,0.0,0.068631026951657,636800.0,0.05,0.0,63680.0,0.08,31840.0,0.003,88
0.0,0.0494331789230112,0.0,0.0499312964656927,0.0,0.0702621772021003,636800.0,0.05,0.0,63680.0,0.08,31840.0,0.003,44
0.0,0.0494331789230112,0.0,0.0481732010644908,0.0,0.0690238833972293,636800.0,0.05,0.0,63680.0,0.08,31840.0,0.003,72
0.0,0.0494331789230112,0.0,0.0496766176105208,0.0,0.0700814206167109,636800.0,0.05,0.0,63680.0,0.08,31840.0,0.003,52
0.0,0.0494331789230112,0.0,0.0476069248378056,0.0,0.0686298657360403,636800.0,0.05,0.0,63680.0,0.08,31840.0,0.0015,88
0.0,0.0494331789230112,0.0,0.0499292755868212,0.0,0.0702607410938654,636800.0,0.05,0.0,63680.0,0.08,31840.0,0.0015,44
0.0,0.0494331789230112,0.0,0.0481714911265533,0.0,0.0690226900069104,636800.0,0.05,0.0,63680.0,0.08,31840.0,0.0015,72
0.0,0.0494331789230112,0.0,0.0496747576978315,0.0,0.0700801022457353,636800.0,0.05,0.0,63680.0,0.08,31840.0,0.0015,52
0.0,0.0494331789230112,0.0,0.0478257351807906,0.0,0.0687818298972742,636800.0,0.05,0.0,63680.0,0.008,31840.0,0.03,88
0.0,0.0494331789230112,0.0,0.0500252208215099,0.0,0.0703289548953721,636800.0,0.05,0.0,63680.0,0.008,31840.0,0.03,44
0.0,0.0494331789230112,0.0,0.0483837489449627,0.0,0.0691709934900723,636800.0,0.05,0.0,63680.0,0.008,31840.0,0.03,72
0.0,0.0494331789230112,0.0,0.049834835624582,0.0,0.0701936608260572,636800.0,0.05,0.0,63680.0,0.008,31840.0,0.03,52
0.0,0.0494331789230112,0.0,0.0476052679082894,0.0,0.0686287163733554,636800.0,0.05,0.0,63680.0,0.008,31840.0,0.003,88
0.0,0.0494331789230112,0.0,0.0497582587153148,0.0,0.0701393148584633,636800.0,0.05,0.0,63680.0,0.008,31840.0,0.003,44
0.0,0.0494331789230112,0.0,0.0481584990144828,0.0,0.0690136233345445,636800.0,0.05,0.0,63680.0,0.008,31840.0,0.003,72
0.0,0.0494331789230112,0.0,0.0495895073285581,0.0,0.0700197001958989,636800.0,0.05,0.0,63680.0,0.008,31840.0,0.003,52
0.0,0.0494331789230112,0.0,0.0476035938047524,0.0,0.0686275551186425,636800.0,0.05,0.0,63680.0,0.008,31840.0,0.0015,88
0.0,0.0494331789230112,0.0,0.0497562308084128,0.0,0.0701378762345603,636800.0,0.05,0.0,63680.0,0.008,31840.0,0.0015,44
0.0,0.0494331789230112,0.0,0.048156788554509,0.0,0.0690124297668046,636800.0,0.05,0.0,63680.0,0.008,31840.0,0.0015,72
0.0,0.0494331789230112,0.0,0.0495876441485728,0.0,0.0700183806627941,636800.0,0.05,0.0,63680.0,0.008,31840.0,0.0015,52
-0.1793734218116331,0.0494331789230112,-0.1848713415209658,0.0478390964976238,-0.0054979197093326,0.0687911210269422,636800.0,0.05,5.0,63680.0,0.16,31840.0,0.03,88
-0.1793734218116331,0.0494331789230112,-0.1938962572041435,0.050715339619097,-0.0145228353925103,0.0708214999213854,636800.0,0.05,5.0,63680.0,0.16,31840.0,0.03,44
-0.1793734218116331,0.0494331789230112,-0.1870764971427323,0.0484426998962154,-0.0077030753310991,0.0692122413426211,636800.0,0.05,5.0,63680.0,0.16,31840.0,0.03,72
-0.1793734218116331,0.0494331789230112,-0.1929955287491068,0.0501832768519315,-0.0136221069374736,0.0704414682841865,636800.0,0.05,5.0,63680.0,0.16,31840.0,0.03,52
-0.1793734218116331,0.0494331789230112,-0.1848713415209658,0.0476186910860206,-0.0054979197093326,0.0686380282291115,636800.0,0.05,5.0,63680.0,0.16,31840.0,0.003,88
-0.1793734218116331,0.0494331789230112,-0.1938962572041435,0.0504520293429285,-0.0145228353925103,0.0706331823101166,636800.0,0.05,5.0,63680.0,0.16,31840.0,0.003,44
-0.1793734218116331,0.0494331789230112,-0.1870764971427323,0.0482177253569012,-0.0077030753310991,0.0690549651873636,636800.0,0.05,5.0,63680.0,0.16,31840.0,0.003,72
-0.1793734218116331,0.0494331789230112,-0.1929955287491068,0.0499396603007831,-0.0136221069374736,0.0702681211460223,636800.0,0.05,5.0,63680.0,0.16,31840.0,0.003,52
-0.1793734218116331,0.0494331789230112,-0.1848713415209658,0.0476170174544113,-0.0054979197093326,0.0686368671319442,636800.0,0.05,5.0,63680.0,0.16,31840.0,0.0015,88
-0.1793734218116331,0.0494331789230112,-0.1938962572041435,0.0504500293230794,-0.0145228353925103,0.070631753745281,636800.0,0.05,5.0,63680.0,0.16,31840.0,0.0015,44
-0.1793734218116331,0.0494331789230112,-0.1870764971427323,0.0482160169979779,-0.0077030753310991,0.0690537723342016,636800.0,0.05,5.0,63680.0,0.16,31840.0,0.0015,72
-0.1793734218116331,0.0494331789230112,-0.1929955287491068,0.0499378101850089,-0.0136221069374736,0.0702668062779889,636800.0,0.05,5.0,63680.0,0.16,31840.0,0.0015,52
-0.1793734218116331,0.0494331789230112,-0.1848713415209658,0.0478290507429086,-0.0054979197093326,0.0687841353322274,636800.0,0.05,5.0,63680.0,0.08,31840.0,0.03,88
-0.1793734218116331,0.0494331789230112,-0.1938962572041435,0.0501973383219222,-0.0145228353925103,0.0704514865211513,636800.0,0.05,5.0,63680.0,0.08,31840.0,0.03,44
-0.1793734218116331,0.0494331789230112,-0.1870764971427323,0.0483983825705064,-0.0077030753310991,0.0691812302136609,636800.0,0.05,5.0,63680.0,0.08,31840.0,0.03,72
-0.1793734218116331,0.0494331789230112,-0.1929955287491068,0.0499215178240996,-0.0136221069374736,0.0702552284196439,636800.0,0.05,5.0,63680.0,0.08,31840.0,0.03,52
-0.1793734218116331,0.0494331789230112,-0.1848713415209658,0.0476085988242105,-0.0054979197093326,0.068631026951657,636800.0,0.05,5.0,63680.0,0.08,31840.0,0.003,88
-0.1793734218116331,0.0494331789230112,-0.1938962572041435,0.0499312964656927,-0.0145228353925103,0.0702621772021003,636800.0,0.05,5.0,63680.0,0.08,31840.0,0.003,44
-0.1793734218116331,0.0494331789230112,-0.1870764971427323,0.0481732010644908,-0.0077030753310991,0.0690238833972293,636800.0,0.05,5.0,63680.0,0.08,31840.0,0.003,72
-0.1793734218116331,0.0494331789230112,-0.1929955287491068,0.0496766176105208,-0.0136221069374736,0.0700814206167109,636800.0,0.05,5.0,63680.0,0.08,31840.0,0.003,52
-0.1793734218116331,0.0494331789230112,-0.1848713415209658,0.0476069248378056,-0.0054979197093326,0.0686298657360403,636800.0,0.05,5.0,63680.0,0.08,31840.0,0.0015,88
-0.1793734218116331,0.0494331789230112,-0.1938962572041435,0.0499292755868212,-0.0145228353925103,0.0702607410938654,636800.0,0.05,5.0,63680.0,0.08,31840.0,0.0015,44
-0.1793734218116331,0.0494331789230112,-0.1870764971427323,0.0481714911265533,-0.0077030753310991,0.0690226900069104,636800.0,0.05,5.0,63680.0,0.08,31840.0,0.0015,72
-0.1793734218116331,0.0494331789230112,-0.1929955287491068,0.0496747576978315,-0.0136221069374736,0.0700801022457353,636800.0,0.05,5.0,63680.0,0.08,31840.0,0.0015,52
-0.1793734218116331,0.0494331789230112,-0.1848713415209658,0.0478257351807906,-0.0054979197093326,0.0687818298972742,636800.0,0.05,5.0,63680.0,0.008,31840.0,0.03,88
-0.1793734218116331,0.0494331789230112,-0.1938962572041435,0.0500252208215099,-0.0145228353925103,0.0703289548953721,636800.0,0.05,5.0,63680.0,0.008,31840.0,0.03,44
-0.1793734218116331,0.0494331789230112,-0.1870764971427323,0.0483837489449627,-0.0077030753310991,0.0691709934900723,636800.0,0.05,5.0,63680.0,0.008,31840.0,0.03,72
-0.1793734218116331,0.0494331789230112,-0.1929955287491068,0.049834835624582,-0.0136221069374736,0.0701936608260572,636800.0,0.05,5.0,63680.0,0.008,31840.0,0.03,52
-0.1793734218116331,0.0494331789230112,-0.1848713415209658,0.0476052679082894,-0.0054979197093326,0.0686287163733554,636800.0,0.05,5.0,63680.0,0.008,31840.0,0.003,88
-0.1793734218116331,0.0494331789230112,-0.1938962572041435,0.0497582587153148,-0.0145228353925103,0.0701393148584633,636800.0,0.05,5.0,63680.0,0.008,31840.0,0.003,44
-0.1793734218116331,0.0494331789230112,-0.1870764971427323,0.0481584990144828,-0.0077030753310991,0.0690136233345445,636800.0,0.05,5.0,63680.0,0.008,31840.0,0.003,72
-0.1793734218116331,0.0494331789230112,-0.1929955287491068,0.0495895073285581,-0.0136221069374736,0.0700197001958989,636800.0,0.05,5.0,63680.0,0.008,31840.0,0.003,52
-0.1793734218116331,0.0494331789230112,-0.1848713415209658,0.0476035938047524,-0.0054979197093326,0.0686275551186425,636800.0,0.05,5.0,63680.0,0.008,31840.0,0.0015,88
-0.1793734218116331,0.0494331789230112,-0.1938962572041435,0.0497562308084128,-0.0145228353925103,0.0701378762345603,636800.0,0.05,5.0,63680.0,0.008,31840.0,0.0015,44
-0.1793734218116331,0.0494331789230112,-0.1870764971427323,0.048156788554509,-0.0077030753310991,0.0690124297668046,636800.0,0.05,5.0,63680.0,0.008,31840.0,0.0015,72
-0.1793734218116331,0.0494331789230112,-0.1929955287491068,0.0495876441485728,-0.0136221069374736,0.0700183806627941,636800.0,0.05,5.0,63680.0,0.008,31840.0,0.0015,52
-0.5381202654348995,0.0494331789230112,-0.5546140245628977,0.0478390964976238,-0.0164937591279981,0.0687911210269422,636800.0,0.05,15.0,63680.0,0.16,31840.0,0.03,88
-0.5381202654348995,0.0494331789230112,-0.5816887716124309,0.050715339619097,-0.0435685061775313,0.0708214999213854,636800.0,0.05,15.0,63680.0,0.16,31840.0,0.03,44
-0.5381202654348995,0.0494331789230112,-0.5612294914281968,0.0484426998962154,-0.0231092259932972,0.0692122413426211,636800.0,0.05,15.0,63680.0,0.16,31840.0,0.03,72
-0.5381202654348995,0.0494331789230112,-0.5789865862473206,0.0501832768519315,-0.040866320812421,0.0704414682841865,636800.0,0.05,15.0,63680.0,0.16,31840.0,0.03,52
-0.5381202654348995,0.0494331789230112,-0.5546140245628977,0.0476186910860206,-0.0164937591279981,0.0686380282291115,636800.0,0.05,15.0,63680.0,0.16,31840.0,0.003,88
-0.5381202654348995,0.0494331789230112,-0.5816887716124309,0.0504520293429286,-0.0435685061775313,0.0706331823101166,636800.0,0.05,15.0,63680.0,0.16,31840.0,0.003,44
-0.5381202654348995,0.0494331789230112,-0.5612294914281968,0.0482177253569012,-0.0231092259932972,0.0690549651873636,636800.0,0.05,15.0,63680.0,0.16,31840.0,0.003,72
-0.5381202654348995,0.0494331789230112,-0.5789865862473206,0.0499396603007831,-0.040866320812421,0.0702681211460223,636800.0,0.05,15.0,63680.0,0.16,31840.0,0.003,52
-0.5381202654348995,0.0494331789230112,-0.5546140245628977,0.0476170174544113,-0.0164937591279981,0.0686368671319442,636800.0,0.05,15.0,63680.0,0.16,31840.0,0.0015,88
-0.5381202654348995,0.0494331789230112,-0.5816887716124309,0.0504500293230794,-0.0435685061775313,0.070631753745281,636800.0,0.05,15.0,63680.0,0.16,31840.0,0.0015,44
-0.5381202654348995,0.0494331789230112,-0.5612294914281968,0.0482160169979779,-0.0231092259932972,0.0690537723342016,636800.0,0.05,15.0,63680.0,0.16,31840.0,0.0015,72
-0.5381202654348995,0.0494331789230112,-0.5789865862473206,0.0499378101850089,-0.040866320812421,0.0702668062779889,636800.0,0.05,15.0,63680.0,0.16,31840.0,0.0015,52
-0.5381202654348995,0.0494331789230112,-0.5546140245628977,0.0478290507429086,-0.0164937591279981,0.0687841353322274,636800.0,0.05,15.0,63680.0,0.08,31840.0,0.03,88
-0.5381202654348995,0.0494331789230112,-0.5816887716124309,0.0501973383219222,-0.0435685061775313,0.0704514865211513,636800.0,0.05,15.0,63680.0,0.08,31840.0,0.03,44
-0.5381202654348995,0.0494331789230112,-0.5612294914281968,0.0483983825705064,-0.0231092259932972,0.0691812302136609,636800.0,0.05,15.0,63680.0,0.08,31840.0,0.03,72
-0.5381202654348995,0.0494331789230112,-0.5789865862473206,0.0499215178240996,-0.040866320812421,0.0702552284196439,636800.0,0.05,15.0,63680.0,0.08,31840.0,0.03,52
-0.5381202654348995,0.0494331789230112,-0.5546140245628977,0.0476085988242105,-0.0164937591279981,0.068631026951657,636800.0,0.05,15.0,63680.0,0.08,31840.0,0.003,88
-0.5381202654348995,0.0494331789230112,-0.5816887716124309,0.0499312964656927,-0.0435685061775313,0.0702621772021003,636800.0,0.05,15.0,63680.0,0.08,31840.0,0.003,44
-0.5381202654348995,0.0494331789230112,-0.5612294914281968,0.0481732010644908,-0.0231092259932972,0.0690238833972293,636800.0,0.05,15.0,63680.0,0.08,31840.0,0.003,72
-0.5381202654348995,0.0494331789230112,-0.5789865862473206,0.0496766176105208,-0.040866320812421,0.0700814206167109,636800.0,0.05,15.0,63680.0,0.08,31840.0,0.003,52
-0.5381202654348995,0.0494331789230112,-0.5546140245628977,0.0476069248378056,-0.0164937591279981,0.0686298657360403,636800.0,0.05,15.0,63680.0,0.08,31840.0,0.0015,88
-0.5381202654348995,0.0494331789230112,-0.5816887716124309,0.0499292755868212,-0.0435685061775313,0.0702607410938654,636800.0,0.05,15.0,63680.0,0.08,31840.0,0.0015,44
-0.5381202654348995,0.0494331789230112,-0.5612294914281968,0.0481714911265533,-0.0231092259932972,0.0690226900069104,636800.0,0.05,15.0,63680.0,0.08,31840.0,0.0015,72
-0.5381202654348995,0.0494331789230112,-0.5789865862473206,0.0496747576978315,-0.040866320812421,0.0700801022457353,636800.0,0.05,15.0,63680.0,0.08,31840.0,0.0015,52
-0.5381202654348995,0.0494331789230112,-0.5546140245628977,0.0478257351807906,-0.0164937591279981,0.0687818298972742,636800.0,0.05,15.0,63680.0,0.008,31840.0,0.03,88
-0.5381202654348995,0.0494331789230112,-0.5816887716124309,0.0500252208215099,-0.0435685061775313,0.0703289548953721,636800.0,0.05,15.0,63680.0,0.008,31840.0,0.03,44
-0.5381202654348995,0.0494331789230112,-0.5612294914281968,0.0483837489449627,-0.0231092259932972,0.0691709934900723,636800.0,0.05,15.0,63680.0,0.008,31840.0,0.03,72
-0.5381202654348995,0.0494331789230112,-0.5789865862473206,0.049834835624582,-0.040866320812421,0.0701936608260572,636800.0,0.05,15.0,63680.0,0.008,31840.0,0.03,52
-0.5381202654348995,0.0494331789230112,-0.5546140245628977,0.0476052679082894,-0.0164937591279981,0.0686287163733554,636800.0,0.05,15.0,63680.0,0.008,31840.0,0.003,88
-0.5381202654348995,0.0494331789230112,-0.5816887716124309,0.0497582587153148,-0.0435685061775313,0.0701393148584633,636800.0,0.05,15.0,63680.0,0.008,31840.0,0.003,44
-0.5381202654348995,0.0494331789230112,-0.5612294914281968,0.0481584990144828,-0.0231092259932972,0.0690136233345445,636800.0,0.05,15.0,63680.0,0.008,31840.0,0.003,72
-0.5381202654348995,0.0494331789230112,-0.5789865862473206,0.0495895073285581,-0.040866320812421,0.0700197001958989,636800.0,0.05,15.0,63680.0,0.008,31840.0,0.003,52
-0.5381202654348995,0.0494331789230112,-0.5546140245628977,0.0476035938047524,-0.0164937591279981,0.0686275551186425,636800.0,0.05,15.0,63680.0,0.008,31840.0,0.0015,88
-0.5381202654348995,0.0494331789230112,-0.5816887716124309,0.0497562308084128,-0.0435685061775313,0.0701378762345603,636800.0,0.05,15.0,63680.0,0.008,31840.0,0.0015,44
-0.5381202654348995,0.0494331789230112,-0.5612294914281968,0.048156788554509,-0.0231092259932972,0.0690124297668046,636800.0,0.05,15.0,63680.0,0.008,31840.0,0.0015,72
-0.5381202654348995,0.0494331789230112,-0.5789865862473206,0.0495876441485728,-0.040866320812421,0.0700183806627941,636800.0,0.05,15.0,63680.0,0.008,31840.0,0.0015,52
0.5381202654348995,0.4943317892301129,0.5546140245628977,0.4760536884855977,0.0164937591279981,0.6862878639202264,636800.0,0.5,-15.0,63680.0,0.16,31840.0,0.03,88
0.5381202654348995,0.4943317892301129,0.5816887716124309,0.4976351112372355,0.0435685061775313,0.7014304112166371,636800.0,0.5,-15.0,63680.0,0.16,31840.0,0.03,44
0.5381202654348995,0.4943317892301129,0.5612294914281968,0.4815894459709305,0.0231092259932972,0.6901393426794568,636800.0,0.5,-15.0,63680.0,0.16,31840.0,0.03,72
0.5381202654348995,0.4943317892301129,0.5789865862473206,0.495921492821846,0.040866320812421,0.7002157131099623,636800.0,0.5,-15.0,63680.0,0.16,31840.0,0.03,52
0.5381202654348995,0.4943317892301129,0.5546140245628977,0.4760315902414244,0.0164937591279981,0.6862725353321552,636800.0,0.5,-15.0,63680.0,0.16,31840.0,0.003,88
0.5381202654348995,0.4943317892301129,0.5816887716124309,0.4976083455170693,0.0435685061775313,0.7014114223276378,636800.0,0.5,-15.0,63680.0,0.16,31840.0,0.003,44
0.5381202654348995,0.4943317892301129,0.5612294914281968,0.4815668679798752,0.0231092259932972,0.6901235876126763,636800.0,0.5,-15.0,63680.0,0.16,31840.0,0.003,72
0.5381202654348995,0.4943317892301129,0.5789865862473206,0.4958969000084677,0.040866320812421,0.70019829568591,636800.0,0.5,-15.0,63680.0,0.16,31840.0,0.003,52
0.5381202654348995,0.4943317892301129,0.5546140245628977,0.4760314228265685,0.0164937591279981,0.6862724192051812,636800.0,0.5,-15.0,63680.0,0.16,31840.0,0.0015,88
0.5381202654348995,0.4943317892301129,0.5816887716124309,0.4976081427409674,0.0435685061775313,0.7014112784704561,636800.0,0.5,-15.0,63680.0,0.16,31840.0,0.0015,44
0.5381202654348995,0.4943317892301129,0.5612294914281968,0.4815666969304483,0.0231092259932972,0.690123468254737,636800.0,0.5,-15.0,63680.0,0.16,31840.0,0.0015,72
0.5381202654348995,0.4943317892301129,0.5789865862473206,0.4958967136946207,0.040866320812421,0.7001981637340742,636800.0,0.5,-15.0,63680.0,0.16,31840.0,0.0015,52
0.5381202654348995,0.4943317892301129,0.5546140245628977,0.4760526790828944,0.0164937591279981,0.686287163733554,636800.0,0.5,-15.0,63680.0,0.08,31840.0,0.03,88
0.5381202654348995,0.4943317892301129,0.5816887716124309,0.4975825871531488,0.0435685061775313,0.7013931485846334,636800.0,0.5,-15.0,63680.0,0.08,31840.0,0.03,44
0.5381202654348995,0.4943317892301129,0.5612294914281968,0.481584990144828,0.0231092259932972,0.6901362333454453,636800.0,0.5,-15.0,63680.0,0.08,31840.0,0.03,72
0.5381202654348995,0.4943317892301129,0.5789865862473206,0.4958950732855818,0.040866320812421,0.7001970019589897,636800.0,0.5,-15.0,63680.0,0.08,31840.0,0.03,52
0.5381202654348995,0.4943317892301129,0.5546140245628977,0.4760305807918628,0.0164937591279981,0.6862718351298434,636800.0,0.5,-15.0,63680.0,0.08,31840.0,0.003,88
0.5381202654348995,0.4943317892301129,0.5816887716124309,0.4975558186074807,0.0435685061775313,0.7013741586867918,636800.0,0.5,-15.0,63680.0,0.08,31840.0,0.003,44
0.5381202654348995,0.4943317892301129,0.5612294914281968,0.4815624119448619,0.0231092259932972,0.6901204782076805,636800.0,0.5,-15.0,63680.0,0.08,31840.0,0.003,72
0.5381202654348995,0.4943317892301129,0.5789865862473206,0.4958704791619204,0.040866320812421,0.7001795840694852,636800.0,0.5,-15.0,63680.0,0.08,31840.0,0.003,52
0.5381202654348995,0.4943317892301129,0.5546140245628977,0.4760304133766518,0.0164937591279981,0.686271719002751,636800.0,0.5,-15.0,63680.0,0.08,31840.0,0.0015,88
0.5381202654348995,0.4943317892301129,0.5816887716124309,0.4975556158099716,0.0435685061775313,0.701374014821967,636800.0,0.5,-15.0,63680.0,0.08,31840.0,0.0015,44
0.5381202654348995,0.4943317892301129,0.5612294914281968,0.4815622408938522,0.0231092259932972,0.6901203588492034,636800.0,0.5,-15.0,63680.0,0.08,31840.0,0.0015,72
0.5381202654348995,0.4943317892301129,0.5789865862473206,0.4958702928381462,0.040866320812421,0.7001794521141231,636800.0,0.5,-15.0,63680.0,0.08,31840.0,0.0015,52
0.5381202654348995,0.4943317892301129,0.5546140245628977,0.4760523459795326,0.0164937591279981,0.6862869326717954,636800.0,0.5,-15.0,63680.0,0.008,31840.0,0.03,88
0.5381202654348995,0.4943317892301129,0.5816887716124309,0.4975652529886469,0.0435685061775313,0.7013808514816333,636800.0,0.5,-15.0,63680.0,0.008,31840.0,0.03,44
0.5381202654348995,0.4943317892301129,0.5612294914281968,0.4815835197131669,0.0231092259932972,0.6901352072621473,636800.0,0.5,-15.0,63680.0,0.008,31840.0,0.03,72
0.5381202654348995,0.4943317892301129,0.5789865862473206,0.4958863545297247,0.040866320812421,0.7001908271694399,636800.0,0.5,-15.0,63680.0,0.008,31840.0,0.03,52
0.5381202654348995,0.4943317892301129,0.5546140245628977,0.4760302476730376,0.0164937591279981,0.6862716040629236,636800.0,0.5,-15.0,63680.0,0.008,31840.0,0.003,88
0.5381202654348995,0.4943317892301129,0.5816887716124309,0.4975384835103668,0.0435685061775313,0.7013618612508384,636800.0,0.5,-15.0,63680.0,0.008,31840.0,0.003,44
0.5381202654348995,0.4943317892301129,0.5612294914281968,0.4815609414442588,0.0231092259932972,0.6901194521009575,636800.0,0.5,-15.0,63680.0,0.008,31840.0,0.003,72
0.5381202654348995,0.4943317892301129,0.5789865862473206,0.4958617599736239,0.040866320812421,0.7001734091263282,636800.0,0.5,-15.0,63680.0,0.008,31840.0,0.003,52
0.5381202654348995,0.4943317892301129,0.5546140245628977,0.4760300802577095,0.0164937591279981,0.6862714879357922,636800.0,0.5,-15.0,63680.0,0.008,31840.0,0.0015,88
0.5381202654348995,0.4943317892301129,0.5816887716124309,0.4975382807057919,0.0435685061775313,0.7013617173834912,636800.0,0.5,-15.0,63680.0,0.008,31840.0,0.0015,44
0.5381202654348995,0.4943317892301129,0.5612294914281968,0.4815607703927269,0.0231092259932972,0.690119332742303,636800.0,0.5,-15.0,63680.0,0.008,31840.0,0.0015,72
0.5381202654348995,0.4943317892301129,0.5789865862473206,0.4958615736465734,0.040866320812421,0.7001732771698024,636800.0,0.5,-15.0,63680.0,0.008,31840.0,0.0015,52
0.1793734218116331,0.4943317892301129,0.1848713415209658,0.4760536884855977,0.0054979197093326,0.6862878639202264,636800.0,0.5,-5.0,63680.0,0.16,31840.0,0.03,88
0.1793734218116331,0.4943317892301129,0.1938962572041435,0.4976351112372355,0.0145228353925103,0.7014304112166371,636800.0,0.5,-5.0,63680.0,0.16,31840.0,0.03,44
0.1793734218116331,0.4943317892301129,0.1870764971427323,0.4815894459709305,0.0077030753310991,0.6901393426794568,636800.0,0.5,-5.0,63680.0,0.16,31840.0,0.03,72
0.1793734218116331,0.4943317892301129,0.1929955287491068,0.495921492821846,0.0136221069374736,0.7002157131099623,636800.0,0.5,-5.0,63680.0,0.16,31840.0,0.03,52
0.1793734218116331,0.4943317892301129,0.1848713415209658,0.4760315902414244,0.0054979197093326,0.6862725353321552,636800.0,0.5,-5.0,63680.0,0.16,31840.0,0.003,88
0.1793734218116331,0.4943317892301129,0.1938962572041435,0.4976083455170693,0.0145228353925103,0.7014114223276378,636800.0,0.5,-5.0,63680.0,0.16,31840.0,0.003,44
0.1793734218116331,0.4943317892301129,0.1870764971427323,0.4815668679798752,0.0077030753310991,0.6901235876126763,636800.0,0.5,-5.0,63680.0,0.16,31840.0,0.003,72
0.1793734218116331,0.4943317892301129,0.1929955287491068,0.4958969000084677,0.0136221069374736,0.70019829568591,636800.0,0.5,-5.0,63680.0,0.16,31840.0,0.003,52
0.1793734218116331,0.4943317892301129,0.1848713415209658,0.4760314228265685,0.0054979197093326,0.6862724192051812,636800.0,0.5,-5.0,63680.0,0.16,31840.0,0.0015,88
0.1793734218116331,0.4943317892301129,0.1938962572041435,0.4976081427409674,0.0145228353925103,0.7014112784704561,636800.0,0.5,-5.0,63680.0,0.16,31840.0,0.0015,44
0.1793734218116331,0.4943317892301129,0.1870764971427323,0.4815666969304483,0.0077030753310991,0.690123468254737,636800.0,0.5,-5.0,63680.0,0.16,31840.0,0.0015,72
0.1793734218116331,0.4943317892301129,0.1929955287491068,0.4958967136946207,0.0136221069374736,0.7001981637340742,636800.0,0.5,-5.0,63680.0,0.16,31840.0,0.0015,52
0.1793734218116331,0.4943317892301129,0.1848713415209658,0.4760526790828944,0.0054979197093326,0.686287163733554,636800.0,0.5,-5.0,63680.0,0.08,31840.0,0.03,88
0.1793734218116331,0.4943317892301129,0.1938962572041435,0.4975825871531488,0.0145228353925103,0.7013931485846334,636800.0,0.5,-5.0,63680.0,0.08,31840.0,0.03,44
0.1793734218116331,0.4943317892301129,0.1870764971427323,0.481584990144828,0.0077030753310991,0.6901362333454453,636800.0,0.5,-5.0,63680.0,0.08,31840.0,0.03,72
0.1793734218116331,0.4943317892301129,0.1929955287491068,0.4958950732855818,0.0136221069374736,0.7001970019589897,636800.0,0.5,-5.0,63680.0,0.08,31840.0,0.03,52
0.1793734218116331,0.4943317892301129,0.1848713415209658,0.4760305807918628,0.0054979197093326,0.6862718351298434,636800.0,0.5,-5.0,63680.0,0.08,31840.0,0.003,88
0.1793734218116331,0.4943317892301129,0.1938962572041435,0.4975558186074807,0.0145228353925103,0.7013741586867918,636800.0,0.5,-5.0,63680.0,0.08,31840.0,0.003,44
0.1793734218116331,0.4943317892301129,0.1870764971427323,0.4815624119448619,0.0077030753310991,0.6901204782076805,636800.0,0.5,-5.0,63680.0,0.08,31840.0,0.003,72
0.1793734218116331,0.4943317892301129,0.1929955287491068,0.4958704791619204,0.0136221069374736,0.7001795840694852,636800.0,0.5,-5.0,63680.0,0.08,31840.0,0.003,52
0.1793734218116331,0.4943317892301129,0.1848713415209658,0.4760304133766518,0.0054979197093326,0.686271719002751,636800.0,0.5,-5.0,63680.0,0.08,31840.0,0.0015,88
0.1793734218116331,0.4943317892301129,0.1938962572041435,0.4975556158099716,0.0145228353925103,0.701374014821967,636800.0,0.5,-5.0,63680.0,0.08,31840.0,0.0015,44
0.1793734218116331,0.4943317892301129,0.1870764971427323,0.4815622408938522,0.0077030753310991,0.6901203588492034,636800.0,0.5,-5.0,63680.0,0.08,31840.0,0.0015,72
0.1793734218116331,0.4943317892301129,0.1929955287491068,0.4958702928381462,0.0136221069374736,0.7001794521141231,636800.0,0.5,-5.0,63680.0,0.08,31840.0,0.0015,52
0.1793734218116331,0.4943317892301129,0.1848713415209658,0.4760523459795326,0.0054979197093326,0.6862869326717954,636800.0,0.5,-5.0,63680.0,0.008,31840.0,0.03,88
0.1793734218116331,0.4943317892301129,0.1938962572041435,0.4975652529886469,0.0145228353925103,0.7013808514816333,636800.0,0.5,-5.0,63680.0,0.008,31840.0,0.03,44
0.1793734218116331,0.4943317892301129,0.1870764971427323,0.4815835197131669,0.0077030753310991,0.6901352072621473,636800.0,0.5,-5.0,63680.0,0.008,31840.0,0.03,72
0.1793734218116331,0.4943317892301129,0.1929955287491068,0.4958863545297247,0.0136221069374736,0.7001908271694399,636800.0,0.5,-5.0,63680.0,0.008,31840.0,0.03,52
0.1793734218116331,0.4943317892301129,0.1848713415209658,0.4760302476730376,0.0054979197093326,0.6862716040629236,636800.0,0.5,-5.0,63680.0,0.008,31840.0,0.003,88
0.1793734218116331,0.4943317892301129,0.1938962572041435,0.4975384835103668,0.0145228353925103,0.7013618612508384,636800.0,0.5,-5.0,63680.0,0.008,31840.0,0.003,44
0.1793734218116331,0.4943317892301129,0.1870764971427323,0.4815609414442588,0.0077030753310991,0.6901194521009575,636800.0,0.5,-5.0,63680.0,0.008,31840.0,0.003,72
0.1793734218116331,0.4943317892301129,0.1929955287491068,0.4958617599736239,0.0136221069374736,0.7001734091263282,636800.0,0.5,-5.0,63680.0,0.008,31840.0,0.003,52
0.1793734218116331,0.4943317892301129,0.1848713415209658,0.4760300802577095,0.0054979197093326,0.6862714879357922,636800.0,0.5,-5.0,63680.0,0.008,31840.0,0.0015,88
0.1793734218116331,0.4943317892301129,0.1938962572041435,0.4975382807057919,0.0145228353925103,0.7013617173834912,636800.0,0.5,-5.0,63680.0,0.008,31840.0,0.0015,44
0.1793734218116331,0.4943317892301129,0.1870764971427323,0.4815607703927269,0.0077030753310991,0.690119332742303,636800.0,0.5,-5.0,63680.0,0.008,31840.0,0.0015,72
0.1793734218116331,0.4943317892301129,0.1929955287491068,0.4958615736465734,0.0136221069374736,0.7001732771698024,636800.0,0.5,-5.0,63680.0,0.008,31840.0,0.0015,52
0.0,0.4943317892301129,0.0,0.4760536884855977,0.0,0.6862878639202264,636800.0,0.5,0.0,63680.0,0.16,31840.0,0.03,88
0.0,0.4943317892301129,0.0,0.4976351112372355,0.0,0.7014304112166371,636800.0,0.5,0.0,63680.0,0.16,31840.0,0.03,44
0.0,0.4943317892301129,0.0,0.4815894459709305,0.0,0.6901393426794568,636800.0,0.5,0.0,63680.0,0.16,31840.0,0.03,72
0.0,0.4943317892301129,0.0,0.495921492821846,0.0,0.7002157131099623,636800.0,0.5,0.0,63680.0,0.16,31840.0,0.03,52
0.0,0.4943317892301129,0.0,0.4760315902414244,0.0,0.6862725353321552,636800.0,0.5,0.0,63680.0,0.16,31840.0,0.003,88
0.0,0.4943317892301129,0.0,0.4976083455170693,0.0,0.7014114223276378,636800.0,0.5,0.0,63680.0,0.16,31840.0,0.003,44
0.0,0.4943317892301129,0.0,0.4815668679798752,0.0,0.6901235876126763,636800.0,0.5,0.0,63680.0,0.16,31840.0,0.003,72
0.0,0.4943317892301129,0.0,0.4958969000084677,0.0,0.70019829568591,636800.0,0.5,0.0,63680.0,0.16,31840.0,0.003,52
0.0,0.4943317892301129,0.0,0.4760314228265685,0.0,0.6862724192051812,636800.0,0.5,0.0,63680.0,0.16,31840.0,0.0015,88
0.0,0.4943317892301129,0.0,0.4976081427409674,0.0,0.7014112784704561,636800.0,0.5,0.0,63680.0,0.16,31840.0,0.0015,44
0.0,0.4943317892301129,0.0,0.4815666969304483,0.0,0.690123468254737,636800.0,0.5,0.0,63680.0,0.16,31840.0,0.0015,72
0.0,0.4943317892301129,0.0,0.4958967136946207,0.0,0.7001981637340742,636800.0,0.5,0.0,63680.0,0.16,31840.0,0.0015,52
0.0,0.4943317892301129,0.0,0.4760526790828944,0.0,0.686287163733554,636800.0,0.5,0.0,63680.0,0.08,31840.0,0.03,88
0.0,0.4943317892301129,0.0,0.4975825871531488,0.0,0.7013931485846334,636800.0,0.5,0.0,63680.0,0.08,31840.0,0.03,44
0.0,0.4943317892301129,0.0,0.481584990144828,0.0,0.6901362333454453,636800.0,0.5,0.0,63680.0,0.08,31840.0,0.03,72
0.0,0.4943317892301129,0.0,0.4958950732855818,0.0,0.7001970019589897,636800.0,0.5,0.0,63680.0,0.08,31840.0,0.03,52
0.0,0.4943317892301129,0.0,0.4760305807918628,0.0,0.6862718351298434,636800.0,0.5,0.0,63680.0,0.08,31840.0,0.003,88
0.0,0.4943317892301129,0.0,0.4975558186074807,0.0,0.7013741586867918,636800.0,0.5,0.0,63680.0,0.08,31840.0,0.003,44
0.0,0.4943317892301129,0.0,0.4815624119448619,0.0,0.6901204782076805,636800.0,0.5,0.0,63680.0,0.08,31840.0,0.003,72
0.0,0.4943317892301129,0.0,0.4958704791619204,0.0,0.7001795840694852,636800.0,0.5,0.0,63680.0,0.08,31840.0,0.003,52
0.0,0.4943317892301129,0.0,0.4760304133766518,0.0,0.686271719002751,636800.0,0.5,0.0,63680.0,0.08,31840.0,0.0015,88
0.0,0.4943317892301129,0.0,0.4975556158099716,0.0,0.701374014821967,636800.0,0.5,0.0,63680.0,0.08,31840.0,0.0015,44
0.0,0.4943317892301129,0.0,0.4815622408938522,0.0,0.6901203588492034,636800.0,0.5,0.0,63680.0,0.08,31840.0,0.0015,72
0.0,0.4943317892301129,0.0,0.4958702928381462,0.0,0.7001794521141231,636800.0,0.5,0.0,63680.0,0.08,31840.0,0.0015,52
0.0,0.4943317892301129,0.0,0.4760523459795326,0.0,0.6862869326717954,636800.0,0.5,0.0,63680.0,0.008,31840.0,0.03,88
0.0,0.4943317892301129,0.0,0.4975652529886469,0.0,0.7013808514816333,636800.0,0.5,0.0,63680.0,0.008,31840.0,0.03,44
0.0,0.4943317892301129,0.0,0.4815835197131669,0.0,0.6901352072621473,636800.0,0.5,0.0,63680.0,0.008,31840.0,0.03,72
0.0,0.4943317892301129,0.0,0.4958863545297247,0.0,0.7001908271694399,636800.0,0.5,0.0,63680.0,0.008,31840.0,0.03,52
0.0,0.4943317892301129,0.0,0.4760302476730376,0.0,0.6862716040629236,636800.0,0.5,0.0,63680.0,0.008,31840.0,0.003,88
0.0,0.4943317892301129,0.0,0.4975384835103668,0.0,0.7013618612508384,636800.0,0.5,0.0,63680.0,0.008,31840.0,0.003,44
0.0,0.4943317892301129,0.0,0.4815609414442588,0.0,0.6901194521009575,636800.0,0.5,0.0,63680.0,0.008,31840.0,0.003,72
0.0,0.4943317892301129,0.0,0.4958617599736239,0.0,0.7001734091263282,636800.0,0.5,0.0,63680.0,0.008,31840.0,0.003,52
0.0,0.4943317892301129,0.0,0.4760300802577095,0.0,0.6862714879357922,636800.0,0.5,0.0,63680.0,0.008,31840.0,0.0015,88
0.0,0.4943317892301129,0.0,0.4975382807057919,0.0,0.7013617173834912,636800.0,0.5,0.0,63680.0,0.008,31840.0,0.0015,44
0.0,0.4943317892301129,0.0,0.4815607703927269,0.0,0.690119332742303,636800.0,0.5,0.0,63680.0,0.008,31840.0,0.0015,72
0.0,0.4943317892301129,0.0,0.4958615736465734,0.0,0.7001732771698024,636800.0,0.5,0.0,63680.0,0.008,31840.0,0.0015,52
-0.1793734218116331,0.4943317892301129,-0.1848713415209658,0.4760536884855977,-0.0054979197093326,0.6862878639202264,636800.0,0.5,5.0,63680.0,0.16,31840.0,0.03,88
-0.1793734218116331,0.4943317892301129,-0.1938962572041435,0.4976351112372355,-0.0145228353925103,0.7014304112166371,636800.0,0.5,5.0,63680.0,0.16,31840.0,0.03,44
-0.1793734218116331,0.4943317892301129,-0.1870764971427323,0.4815894459709305,-0.0077030753310991,0.6901393426794568,636800.0,0.5,5.0,63680.0,0.16,31840.0,0.03,72
-0.1793734218116331,0.4943317892301129,-0.1929955287491068,0.495921492821846,-0.0136221069374736,0.7002157131099623,636800.0,0.5,5.0,63680.0,0.16,31840.0,0.03,52
-0.1793734218116331,0.4943317892301129,-0.1848713415209658,0.4760315902414244,-0.0054979197093326,0.6862725353321552,636800.0,0.5,5.0,63680.0,0.16,31840.0,0.003,88
-0.1793734218116331,0.4943317892301129,-0.1938962572041435,0.4976083455170693,-0.0145228353925103,0.7014114223276378,636800.0,0.5,5.0,63680.0,0.16,31840.0,0.003,44
-0.1793734218116331,0.4943317892301129,-0.1870764971427323,0.4815668679798752,-0.0077030753310991,0.6901235876126763,636800.0,0.5,5.0,63680.0,0.16,31840.0,0.003,72
-0.1793734218116331,0.4943317892301129,-0.1929955287491068,0.4958969000084677,-0.0136221069374736,0.70019829568591,636800.0,0.5,5.0,63680.0,0.16,31840.0,0.003,52
-0.1793734218116331,0.4943317892301129,-0.1848713415209658,0.4760314228265685,-0.0054979197093326,0.6862724192051812,636800.0,0.5,5.0,63680.0,0.16,31840.0,0.0015,88
-0.1793734218116331,0.4943317892301129,-0.1938962572041435,0.4976081427409674,-0.0145228353925103,0.7014112784704561,636800.0,0.5,5.0,63680.0,0.16,31840.0,0.0015,44
-0.1793734218116331,0.4943317892301129,-0.1870764971427323,0.4815666969304483,-0.0077030753310991,0.690123468254737,636800.0,0.5,5.0,63680.0,0.16,31840.0,0.0015,72
-0.1793734218116331,0.4943317892301129,-0.1929955287491068,0.4958967136946207,-0.0136221069374736,0.7001981637340742,636800.0,0.5,5.0,63680.0,0.16,31840.0,0.0015,52
-0.1793734218116331,0.4943317892301129,-0.1848713415209658,0.4760526790828944,-0.0054979197093326,0.686287163733554,636800.0,0.5,5.0,63680.0,0.08,31840.0,0.03,88
-0.1793734218116331,0.4943317892301129,-0.1938962572041435,0.4975825871531488,-0.0145228353925103,0.7013931485846334,636800.0,0.5,5.0,63680.0,0.08,31840.0,0.03,44
-0.1793734218116331,0.4943317892301129,-0.1870764971427323,0.481584990144828,-0.0077030753310991,0.6901362333454453,636800.0,0.5,5.0,63680.0,0.08,31840.0,0.03,72
-0.1793734218116331,0.4943317892301129,-0.1929955287491068,0.4958950732855818,-0.0136221069374736,0.7001970019589897,636800.0,0.5,5.0,63680.0,0.08,31840.0,0.03,52
-0.1793734218116331,0.4943317892301129,-0.1848713415209658,0.4760305807918628,-0.0054979197093326,0.6862718351298434,636800.0,0.5,5.0,63680.0,0.08,31840.0,0.003,88
-0.1793734218116331,0.4943317892301129,-0.1938962572041435,0.4975558186074807,-0.0145228353925103,0.7013741586867918,636800.0,0.5,5.0,63680.0,0.08,31840.0,0.003,44
-0.1793734218116331,0.4943317892301129,-0.1870764971427323,0.4815624119448619,-0.0077030753310991,0.6901204782076805,636800.0,0.5,5.0,63680.0,0.08,31840.0,0.003,72
-0.1793734218116331,0.4943317892301129,-0.1929955287491068,0.4958704791619204,-0.0136221069374736,0.7001795840694852,636800.0,0.5,5.0,63680.0,0.08,31840.0,0.003,52
-0.1793734218116331,0.4943317892301129,-0.1848713415209658,0.4760304133766518,-0.0054979197093326,0.686271719002751,636800.0,0.5,5.0,63680.0,0.08,31840.0,0.0015,88
-0.1793734218116331,0.4943317892301129,-0.1938962572041435,0.4975556158099716,-0.0145228353925103,0.701374014821967,636800.0,0.5,5.0,63680.0,0.08,31840.0,0.0015,44
-0.1793734218116331,0.4943317892301129,-0.1870764971427323,0.4815622408938522,-0.0077030753310991,0.6901203588492034,636800.0,0.5,5.0,63680.0,0.08,31840.0,0.0015,72
-0.1793734218116331,0.4943317892301129,-0.1929955287491068,0.4958702928381462,-0.0136221069374736,0.7001794521141231,636800.0,0.5,5.0,63680.0,0.08,31840.0,0.0015,52
-0.1793734218116331,0.4943317892301129,-0.1848713415209658,0.4760523459795326,-0.0054979197093326,0.6862869326717954,636800.0,0.5,5.0,63680.0,0.008,31840.0,0.03,88
-0.1793734218116331,0.4943317892301129,-0.1938962572041435,0.4975652529886469,-0.0145228353925103,0.7013808514816333,636800.0,0.5,5.0,63680.0,0.008,31840.0,0.03,44
-0.1793734218116331,0.4943317892301129,-0.1870764971427323,0.4815835197131669,-0.0077030753310991,0.6901352072621473,636800.0,0.5,5.0,63680.0,0.008,31840.0,0.03,72
-0.1793734218116331,0.4943317892301129,-0.1929955287491068,0.4958863545297247,-0.0136221069374736,0.7001908271694399,636800.0,0.5,5.0,63680.0,0.008,31840.0,0.03,52
-0.1793734218116331,0.4943317892301129,-0.1848713415209658,0.4760302476730376,-0.0054979197093326,0.6862716040629236,636800.0,0.5,5.0,63680.0,0.008,31840.0,0.003,88
-0.1793734218116331,0.4943317892301129,-0.1938962572041435,0.4975384835103668,-0.0145228353925103,0.7013618612508384,636800.0,0.5,5.0,63680.0,0.008,31840.0,0.003,44
-0.1793734218116331,0.4943317892301129,-0.1870764971427323,0.4815609414442588,-0.0077030753310991,0.6901194521009575,636800.0,0.5,5.0,63680.0,0.008,31840.0,0.003,72
-0.1793734218116331,0.4943317892301129,-0.1929955287491068,0.4958617599736239,-0.0136221069374736,0.7001734091263282,636800.0,0.5,5.0,63680.0,0.008,31840.0,0.003,52
-0.1793734218116331,0.4943317892301129,-0.1848713415209658,0.4760300802577095,-0.0054979197093326,0.6862714879357922,636800.0,0.5,5.0,63680.0,0.008,31840.0,0.0015,88
-0.1793734218116331,0.4943317892301129,-0.1938962572041435,0.4975382807057919,-0.0145228353925103,0.7013617173834912,636800.0,0.5,5.0,63680.0,0.008,31840.0,0.0015,44
-0.1793734218116331,0.4943317892301129,-0.1870764971427323,0.4815607703927269,-0.0077030753310991,0.690119332742303,636800.0,0.5,5.0,63680.0,0.008,31840.0,0.0015,72
-0.1793734218116331,0.4943317892301129,-0.1929955287491068,0.4958615736465734,-0.0136221069374736,0.7001732771698024,636800.0,0.5,5.0,63680.0,0.008,31840.0,0.0015,52
-0.5381202654348995,0.4943317892301129,-0.5546140245628977,0.4760536884855977,-0.0164937591279981,0.6862878639202264,636800.0,0.5,15.0,63680.0,0.16,31840.0,0.03,88
-0.5381202654348995,0.4943317892301129,-0.5816887716124309,0.4976351112372355,-0.0435685061775313,0.7014304112166371,636800.0,0.5,15.0,63680.0,0.16,31840.0,0.03,44
-0.5381202654348995,0.4943317892301129,-0.5612294914281968,0.4815894459709305,-0.0231092259932972,0.6901393426794568,636800.0,0.5,15.0,63680.0,0.16,31840.0,0.03,72
-0.5381202654348995,0.4943317892301129,-0.5789865862473206,0.495921492821846,-0.040866320812421,0.7002157131099623,636800.0,0.5,15.0,63680.0,0.16,31840.0,0.03,52
-0.5381202654348995,0.4943317892301129,-0.5546140245628977,0.4760315902414244,-0.0164937591279981,0.6862725353321552,636800.0,0.5,15.0,63680.0,0.16,31840.0,0.003,88
-0.5381202654348995,0.4943317892301129,-0.5816887716124309,0.4976083455170693,-0.0435685061775313,0.7014114223276378,636800.0,0.5,15.0,63680.0,0.16,31840.0,0.003,44
-0.5381202654348995,0.4943317892301129,-0.5612294914281968,0.4815668679798752,-0.0231092259932972,0.6901235876126763,636800.0,0.5,15.0,63680.0,0.16,31840.0,0.003,72
-0.5381202654348995,0.4943317892301129,-0.5789865862473206,0.4958969000084677,-0.040866320812421,0.70019829568591,636800.0,0.5,15.0,63680.0,0.16,31840.0,0.003,52
-0.5381202654348995,0.4943317892301129,-0.5546140245628977,0.4760314228265685,-0.0164937591279981,0.6862724192051812,636800.0,0.5,15.0,63680.0,0.16,31840.0,0.0015,88
-0.5381202654348995,0.4943317892301129,-0.5816887716124309,0.4976081427409674,-0.0435685061775313,0.7014112784704561,636800.0,0.5,15.0,63680.0,0.16,31840.0,0.0015,44
-0.5381202654348995,0.4943317892301129,-0.5612294914281968,0.4815666969304483,-0.0231092259932972,0.690123468254737,636800.0,0.5,15.0,63680.0,0.16,31840.0,0.0015,72
-0.5381202654348995,0.4943317892301129,-0.5789865862473206,0.4958967136946207,-0.040866320812421,0.7001981637340742,636800.0,0.5,15.0,63680.0,0.16,31840.0,0.0015,52
-0.5381202654348995,0.4943317892301129,-0.5546140245628977,0.4760526790828944,-0.0164937591279981,0.686287163733554,636800.0,0.5,15.0,63680.0,0.08,31840.0,0.03,88
-0.5381202654348995,0.4943317892301129,-0.5816887716124309,0.4975825871531488,-0.0435685061775313,0.7013931485846334,636800.0,0.5,15.0,63680.0,0.08,31840.0,0.03,44
-0.5381202654348995,0.4943317892301129,-0.5612294914281968,0.481584990144828,-0.0231092259932972,0.6901362333454453,636800.0,0.5,15.0,63680.0,0.08,31840.0,0.03,72
-0.5381202654348995,0.4943317892301129,-0.5789865862473206,0.4958950732855818,-0.040866320812421,0.7001970019589897,636800.0,0.5,15.0,63680.0,0.08,31840.0,0.03,52
-0.5381202654348995,0.4943317892301129,-0.5546140245628977,0.4760305807918628,-0.0164937591279981,0.6862718351298434,636800.0,0.5,15.0,63680.0,0.08,31840.0,0.003,88
-0.5381202654348995,0.4943317892301129,-0.5816887716124309,0.4975558186074807,-0.0435685061775313,0.7013741586867918,636800.0,0.5,15.0,63680.0,0.08,31840.0,0.003,44
-0.5381202654348995,0.4943317892301129,-0.5612294914281968,0.4815624119448619,-0.0231092259932972,0.6901204782076805,636800.0,0.5,15.0,63680.0,0.08,31840.0,0.003,72
-0.5381202654348995,0.4943317892301129,-0.5789865862473206,0.4958704791619204,-0.040866320812421,0.7001795840694852,636800.0,0.5,15.0,63680.0,0.08,31840.0,0.003,52
-0.5381202654348995,0.4943317892301129,-0.5546140245628977,0.4760304133766518,-0.0164937591279981,0.686271719002751,636800.0,0.5,15.0,63680.0,0.08,31840.0,0.0015,88
-0.5381202654348995,0.4943317892301129,-0.5816887716124309,0.4975556158099716,-0.0435685061775313,0.701374014821967,636800.0,0.5,15.0,63680.0,0.08,31840.0,0.0015,44
-0.5381202654348995,0.4943317892301129,-0.5612294914281968,0.4815622408938522,-0.0231092259932972,0.6901203588492034,636800.0,0.5,15.0,63680.0,0.08,31840.0,0.0015,72
-0.5381202654348995,0.4943317892301129,-0.5789865862473206,0.4958702928381462,-0.040866320812421,0.7001794521141231,636800.0,0.5,15.0,63680.0,0.08,31840.0,0.0015,52
-0.5381202654348995,0.4943317892301129,-0.5546140245628977,0.4760523459795326,-0.0164937591279981,0.6862869326717954,636800.0,0.5,15.0,63680.0,0.008,31840.0,0.03,88
-0.5381202654348995,0.4943317892301129,-0.5816887716124309,0.4975652529886469,-0.0435685061775313,0.7013808514816333,636800.0,0.5,15.0,63680.0,0.008,31840.0,0.03,44
-0.5381202654348995,0.4943317892301129,-0.5612294914281968,0.4815835197131669,-0.0231092259932972,0.6901352072621473,636800.0,0.5,15.0,63680.0,0.008,31840.0,0.03,72
-0.5381202654348995,0.4943317892301129,-0.5789865862473206,0.4958863545297247,-0.040866320812421,0.7001908271694399,636800.0,0.5,15.0,63680.0,0.008,31840.0,0.03,52
-0.5381202654348995,0.4943317892301129,-0.5546140245628977,0.4760302476730376,-0.0164937591279981,0.6862716040629236,636800.0,0.5,15.0,63680.0,0.008,31840.0,0.003,88
-0.5381202654348995,0.4943317892301129,-0.5816887716124309,0.4975384835103668,-0.0435685061775313,0.7013618612508384,636800.0,0.5,15.0,63680.0,0.008,31840.0,0.003,44
-0.5381202654348995,0.4943317892301129,-0.5612294914281968,0.4815609414442588,-0.0231092259932972,0.6901194521009575,636800.0,0.5,15.0,63680.0,0.008,31840.0,0.003,72
-0.5381202654348995,0.4943317892301129,-0.5789865862473206,0.4958617599736239,-0.040866320812421,0.7001734091263282,636800.0,0.5,15.0,63680.0,0.008,31840.0,0.003,52
-0.5381202654348995,0.4943317892301129,-0.5546140245628977,0.4760300802577095,-0.0164937591279981,0.6862714879357922,636800.0,0.5,15.0,63680.0,0.008,31840.0,0.0015,88
-0.5381202654348995,0.4943317892301129,-0.5816887716124309,0.4975382807057919,-0.0435685061775313,0.7013617173834912,636800.0,0.5,15.0,63680.0,0.008,31840.0,0.0015,44
-0.5381202654348995,0.4943317892301129,-0.5612294914281968,0.4815607703927269,-0.0231092259932972,0.690119332742303,636800.0,0.5,15.0,63680.0,0.008,31840.0,0.0015,72
-0.5381202654348995,0.4943317892301129,-0.5789865862473206,0.4958615736465734,-0.040866320812421,0.7001732771698024,636800.0,0.5,15.0,63680.0,0.008,31840.0,0.0015,52
2.511227905362865,0.000494331789230113,2.5881987812935243,0.00477073878156474,0.07697087593065932,0.004796281105165675,636800.0,0.0005,-70.0,63680.0,0.16,31840.0,0.03,88
2.511227905362865,0.000494331789230113,2.7145476008580123,0.009841352763713727,0.20331969549514728,0.00985376010148914,636800.0,0.0005,-70.0,63680.0,0.16,31840.0,0.03,44
2.511227905362865,0.000494331789230113,2.6190709599982522,0.0052839389030844295,0.10784305463538724,0.005307011800379996,636800.0,0.0005,-70.0,63680.0,0.16,31840.0,0.03,72
2.511227905362865,0.000494331789230113,2.701937402487497,0.007734445122334093,0.19070949712463214,0.007750226143038736,636800.0,0.0005,-70.0,63680.0,0.16,31840.0,0.03,52
2.511227905362865,0.000494331789230113,2.6012847640797,0.004988250161476945,0.09005685871683511,0.005012684270061123,636800.0,0.0005,-70.0,63680.0,0.16,31840.0,0.03,77
2.511227905362865,0.000494331789230113,2.644114980424812,0.005599297269113884,0.13288707506194708,0.005621075860166775,636800.0,0.0005,-70.0,63680.0,0.16,31840.0,0.03,66
2.511227905362865,0.000494331789230113,2.6932629319140813,0.007125668752943829,0.18203502655121628,0.007142794907774092,636800.0,0.0005,-70.0,63680.0,0.16,31840.0,0.03,55
2.511227905362865,0.000494331789230113,2.5881987812935243,0.0013116918688558968,0.07697087593065932,0.0014017487209432794,636800.0,0.0005,-70.0,63680.0,0.16,31840.0,0.003,88
2.511227905362865,0.000494331789230113,2.7145476008580123,0.008379368494059167,0.20331969549514728,0.008393937114195867,636800.0,0.0005,-70.0,63680.0,0.16,31840.0,0.003,44
2.511227905362865,0.0004943317892301131,2.6190709599982513,0.002484728494279926,0.10784305463538635,0.0025334244824209845,636800.0,0.0005,-70.0,63680.0,0.16,31840.0,0.003,72
2.511227905362865,0.000494331789230113,2.701937402487497,0.005952313559483194,0.19070949712463214,0.00597280508875444,636800.0,0.0005,-70.0,63680.0,0.16,31840.0,0.003,52
2.5112279053628646,0.0004943317892301131,2.6012847640797,0.0018858785591439225,0.09005685871683555,0.0019495901768531256,636800.0,0.0005,-70.0,63680.0,0.16,31840.0,0.003,77
2.511227905362865,0.000494331789230113,2.644114980424812,0.0030265192347334845,0.13288707506194708,0.00306662397369733,636800.0,0.0005,-70.0,63680.0,0.16,31840.0,0.003,66
2.511227905362865,0.000494331789230113,2.6932629319140813,0.005196891769600914,0.18203502655121628,0.005220349411944488,636800.0,0.0005,-70.0,63680.0,0.16,31840.0,0.003,55
2.511227905362865,0.000494331789230113,2.5881987812935243,0.0012494583092996596,0.07697087593065932,0.0013436926674360505,636800.0,0.0005,-70.0,63680.0,0.16,31840.0,0.0015,88
2.511227905362865,0.000494331789230113,2.7145476008580123,0.00836731798362397,0.20331969549514728,0.008381907548817305,636800.0,0.0005,-70.0,63680.0,0.16,31840.0,0.0015,44
2.511227905362865,0.000494331789230113,2.6190709599982522,0.002451353145924624,0.10784305463538724,0.0025006991350176445,636800.0,0.0005,-70.0,63680.0,0.16,31840.0,0.0015,72
2.511227905362865,0.000494331789230113,2.701937402487497,0.005936771161731879,0.19070949712463214,0.005957316152817033,636800.0,0.0005,-70.0,63680.0,0.16,31840.0,0.0015,52
2.511227905362865,0.000494331789230113,2.6012847640797,0.0018425462173494514,0.09005685871683511,0.001907705554039254,636800.0,0.0005,-70.0,63680.0,0.16,31840.0,0.0015,77
2.511227905362865,0.000494331789230113,2.644114980424812,0.0029986155319230113,0.13288707506194708,0.0030390885189696872,636800.0,0.0005,-70.0,63680.0,0.16,31840.0,0.0015,66
2.511227905362865,0.000494331789230113,2.6932629319140813,0.00517953931017174,0.18203502655121628,0.005203075185258982,636800.0,0.0005,-70.0,63680.0,0.16,31840.0,0.0015,55
2.511227905362865,0.000494331789230113,2.5881987812935243,0.004668928119031891,0.07697087593065932,0.004695024355477841,636800.0,0.0005,-70.0,63680.0,0.08,31840.0,0.03,88
2.5112279053628646,0.0004943317892301131,2.7145476008580123,0.006676775130632378,0.20331969549514772,0.006695049668439694,636800.0,0.0005,-70.0,63680.0,0.08,31840.0,0.03,44
2.511227905362865,0.000494331789230113,2.6190709599982522,0.004860892154516105,0.10784305463538724,0.004885963206541742,636800.0,0.0005,-70.0,63680.0,0.08,31840.0,0.03,72
2.511227905362865,0.0004943317892301131,2.7019374024874963,0.005798129665218594,0.19070949712463126,0.005819164160988357,636800.0,0.0005,-70.0,63680.0,0.08,31840.0,0.03,52
2.511227905362865,0.000494331789230113,2.6012847640797,0.004748515774915969,0.09005685871683511,0.004774176995301835,636800.0,0.0005,-70.0,63680.0,0.08,31840.0,0.03,77
2.511227905362865,0.000494331789230113,2.644114980424812,0.004982725400258742,0.13288707506194708,0.005007186468689487,636800.0,0.0005,-70.0,63680.0,0.08,31840.0,0.03,66
2.511227905362865,0.000494331789230113,2.6932629319140813,0.0055572315131833284,0.18203502655121628,0.005579174312473245,636800.0,0.0005,-70.0,63680.0,0.08,31840.0,0.03,55
2.511227905362865,0.000494331789230113,2.5881987812935243,0.0008714796713538358,0.07697087593065932,0.0010019185273396408,636800.0,0.0005,-70.0,63680.0,0.08,31840.0,0.003,88
2.511227905362865,0.000494331789230113,2.7145476008580123,0.004235672117197711,0.20331969549514728,0.004264420500167588,636800.0,0.0005,-70.0,63680.0,0.08,31840.0,0.003,44
2.511227905362865,0.000494331789230113,2.6190709599982522,0.0013719103092382403,0.10784305463538724,0.0014582530008327118,636800.0,0.0005,-70.0,63680.0,0.08,31840.0,0.003,72
2.511227905362865,0.000494331789230113,2.701937402487497,0.0030375488431789955,0.19070949712463214,0.003077509852549866,636800.0,0.0005,-70.0,63680.0,0.08,31840.0,0.003,52
2.511227905362865,0.000494331789230113,2.6012847640797,0.0011055769222401278,0.09005685871683511,0.0012110591434085285,636800.0,0.0005,-70.0,63680.0,0.08,31840.0,0.003,77
2.511227905362865,0.000494331789230113,2.644114980424812,0.0016233425962159282,0.13288707506194708,0.0016969399230769824,636800.0,0.0005,-70.0,63680.0,0.08,31840.0,0.003,66
2.511227905362865,0.000494331789230113,2.6932629319140813,0.002667461523505673,0.18203502655121628,0.0027128794476029804,636800.0,0.0005,-70.0,63680.0,0.08,31840.0,0.003,55
2.5112279053628646,0.0004943317892301131,2.5881987812935243,0.0007746530355186589,0.07697087593065977,0.000918940282761463,636800.0,0.0005,-70.0,63680.0,0.08,31840.0,0.0015,88
2.511227905362865,0.000494331789230113,2.7145476008580123,0.004211782540000127,0.20331969549514728,0.004240692877595991,636800.0,0.0005,-70.0,63680.0,0.08,31840.0,0.0015,44
2.511227905362865,0.000494331789230113,2.6190709599982522,0.0013104939726463177,0.10784305463538724,0.0014006278485685524,636800.0,0.0005,-70.0,63680.0,0.08,31840.0,0.0015,72
2.511227905362865,0.000494331789230113,2.701937402487497,0.0030069782325554037,0.19070949712463214,0.003047340153134445,636800.0,0.0005,-70.0,63680.0,0.08,31840.0,0.0015,52
2.511227905362865,0.0004943317892301131,2.601284764079699,0.0010299218194698024,0.09005685871683422,0.0011424109908712509,636800.0,0.0005,-70.0,63680.0,0.08,31840.0,0.0015,77
2.511227905362865,0.000494331789230113,2.644114980424812,0.0015707060879639584,0.13288707506194708,0.001646657685316073,636800.0,0.0005,-70.0,63680.0,0.08,31840.0,0.0015,66
2.511227905362865,0.000494331789230113,2.6932629319140813,0.002633494708567287,0.18203502655121628,0.0026794884395897932,636800.0,0.0005,-70.0,63680.0,0.08,31840.0,0.0015,55
2.511227905362865,0.000494331789230113,2.5881987812935243,0.004634839845785115,0.07697087593065932,0.004661126936044633,636800.0,0.0005,-70.0,63680.0,0.008,31840.0,0.03,88
2.511227905362865,0.000494331789230113,2.7145476008580123,0.005227740408660101,0.20331969549514728,0.0052510602451487,636800.0,0.0005,-70.0,63680.0,0.008,31840.0,0.03,44
2.511227905362865,0.000494331789230113,2.6190709599982522,0.004712960753700139,0.10784305463538724,0.004738814512487403,636800.0,0.0005,-70.0,63680.0,0.008,31840.0,0.03,72
2.511227905362865,0.000494331789230113,2.701937402487497,0.004997119918703542,0.19070949712463214,0.005021510868229514,636800.0,0.0005,-70.0,63680.0,0.008,31840.0,0.03,52
2.511227905362865,0.000494331789230113,2.6012847640797,0.0046667015818140515,0.09005685871683511,0.004692810199821555,636800.0,0.0005,-70.0,63680.0,0.008,31840.0,0.03,77
2.511227905362865,0.000494331789230113,2.644114980424812,0.004761768772370352,0.13288707506194708,0.004787358954513949,636800.0,0.0005,-70.0,63680.0,0.008,31840.0,0.03,66
2.511227905362865,0.000494331789230113,2.6932629319140813,0.004931364129009569,0.18203502655121628,0.004956078701022186,636800.0,0.0005,-70.0,63680.0,0.008,31840.0,0.03,55
2.511227905362865,0.000494331789230113,2.5881987812935243,0.0006650770128142289,0.07697087593065932,0.0008286684203089574,636800.0,0.0005,-70.0,63680.0,0.008,31840.0,0.003,88
2.511227905362865,0.000494331789230113,2.7145476008580123,0.0008311810390725452,0.20331969549514728,0.0009670707510607281,636800.0,0.0005,-70.0,63680.0,0.008,31840.0,0.003,44
2.5112279053628646,0.0004943317892301131,2.6190709599982522,0.0006825426174794613,0.10784305463538768,0.0008427504627819311,636800.0,0.0005,-70.0,63680.0,0.008,31840.0,0.003,72
2.511227905362865,0.000494331789230113,2.701937402487497,0.0007613165188762996,0.19070949712463214,0.0009077261479969451,636800.0,0.0005,-70.0,63680.0,0.008,31840.0,0.003,52
2.511227905362865,0.000494331789230113,2.6012847640797,0.0006723108805231829,0.09005685871683511,0.0008344853730972774,636800.0,0.0005,-70.0,63680.0,0.008,31840.0,0.003,77
2.511227905362865,0.0004943317892301131,2.6441149804248116,0.0006943562571379278,0.13288707506194664,0.0008523464845179084,636800.0,0.0005,-70.0,63680.0,0.008,31840.0,0.003,66
2.511227905362865,0.000494331789230113,2.6932629319140813,0.0007422136223134835,0.18203502655121628,0.0008917650918213537,636800.0,0.0005,-70.0,63680.0,0.008,31840.0,0.003,55
2.511227905362865,0.000494331789230113,2.5881987812935243,0.0005319191111712144,0.07697087593065932,0.0007261555333897964,636800.0,0.0005,-70.0,63680.0,0.008,31840.0,0.0015,88
2.511227905362865,0.000494331789230113,2.7145476008580123,0.0006993252459031301,0.20331969549514728,0.0008563992745214805,636800.0,0.0005,-70.0,63680.0,0.008,31840.0,0.0015,44
2.511227905362865,0.000494331789230113,2.6190709599982522,0.000548744913802287,0.10784305463538724,0.0007385694945415254,636800.0,0.0005,-70.0,63680.0,0.008,31840.0,0.0015,72
2.511227905362865,0.000494331789230113,2.701937402487497,0.0006283454131905834,0.19070949712463214,0.0007994885090613185,636800.0,0.0005,-70.0,63680.0,0.008,31840.0,0.0015,52
2.511227905362865,0.000494331789230113,2.6012847640797,0.0005389253596741285,0.09005685871683511,0.0007313032620899032,636800.0,0.0005,-70.0,63680.0,0.008,31840.0,0.0015,77
2.511227905362865,0.000494331789230113,2.644114980424812,0.0005603633124185239,0.13288707506194708,0.0007472422363250789,636800.0,0.0005,-70.0,63680.0,0.008,31840.0,0.0015,66
2.511227905362865,0.000494331789230113,2.6932629319140813,0.0006089535793608372,0.18203502655121628,0.0007843394543562247,636800.0,0.0005,-70.0,63680.0,0.008,31840.0,0.0015,55
1.076240530869799,0.000494331789230113,1.1092280491257953,0.004770738781564699,0.03298751825599622,0.0047962811051656335,636800.0,0.0005,-30.0,63680.0,0.16,31840.0,0.03,88
1.076240530869799,0.000494331789230113,1.1633775432248619,0.009841352763713755,0.08713701235506277,0.009853760101489167,636800.0,0.0005,-30.0,63680.0,0.16,31840.0,0.03,44
1.076240530869799,0.000494331789230113,1.1224589828563936,0.005283938903084342,0.046218451986594467,0.005307011800379909,636800.0,0.0005,-30.0,63680.0,0.16,31840.0,0.03,72
1.076240530869799,0.000494331789230113,1.1579731724946412,0.007734445122334113,0.08173264162484206,0.007750226143038757,636800.0,0.0005,-30.0,63680.0,0.16,31840.0,0.03,52
1.076240530869799,0.0004943317892301131,1.1148363274627282,0.004988250161476867,0.03859579659292911,0.005012684270061045,636800.0,0.0005,-30.0,63680.0,0.16,31840.0,0.03,77
1.076240530869799,0.000494331789230113,1.1331921344677762,0.005599297269113888,0.05695160359797713,0.005621075860166779,636800.0,0.0005,-30.0,63680.0,0.16,31840.0,0.03,66
1.076240530869799,0.000494331789230113,1.1542555422488914,0.007125668752943851,0.07801501137909228,0.0071427949077741155,636800.0,0.0005,-30.0,63680.0,0.16,31840.0,0.03,55
1.076240530869799,0.0004943317892301131,1.1092280491257953,0.0013116918688559018,0.03298751825599622,0.0014017487209432842,636800.0,0.0005,-30.0,63680.0,0.16,31840.0,0.003,88
1.076240530869799,0.000494331789230113,1.1633775432248619,0.00837936849405918,0.08713701235506277,0.00839393711419588,636800.0,0.0005,-30.0,63680.0,0.16,31840.0,0.003,44
1.076240530869799,0.000494331789230113,1.1224589828563936,0.0024847284942798816,0.046218451986594467,0.0025334244824209407,636800.0,0.0005,-30.0,63680.0,0.16,31840.0,0.003,72
1.076240530869799,0.000494331789230113,1.1579731724946412,0.005952313559483236,0.08173264162484206,0.0059728050887544815,636800.0,0.0005,-30.0,63680.0,0.16,31840.0,0.003,52
1.076240530869799,0.000494331789230113,1.1148363274627284,0.0018858785591439385,0.03859579659292933,0.0019495901768531412,636800.0,0.0005,-30.0,63680.0,0.16,31840.0,0.003,77
1.076240530869799,0.000494331789230113,1.1331921344677762,0.0030265192347334858,0.05695160359797713,0.003066623973697331,636800.0,0.0005,-30.0,63680.0,0.16,31840.0,0.003,66
1.076240530869799,0.000494331789230113,1.1542555422488914,0.005196891769600911,0.07801501137909228,0.0052203494119444855,636800.0,0.0005,-30.0,63680.0,0.16,31840.0,0.003,55
1.076240530869799,0.000494331789230113,1.1092280491257953,0.001249458309299654,0.03298751825599622,0.0013436926674360453,636800.0,0.0005,-30.0,63680.0,0.16,31840.0,0.0015,88
1.076240530869799,0.000494331789230113,1.1633775432248619,0.008367317983623826,0.08713701235506277,0.008381907548817163,636800.0,0.0005,-30.0,63680.0,0.16,31840.0,0.0015,44
1.076240530869799,0.000494331789230113,1.1224589828563936,0.002451353145924642,0.046218451986594467,0.0025006991350176623,636800.0,0.0005,-30.0,63680.0,0.16,31840.0,0.0015,72
1.076240530869799,0.000494331789230113,1.1579731724946412,0.00593677116173186,0.08173264162484206,0.005957316152817013,636800.0,0.0005,-30.0,63680.0,0.16,31840.0,0.0015,52
1.076240530869799,0.000494331789230113,1.1148363274627284,0.0018425462173494568,0.03859579659292933,0.0019077055540392591,636800.0,0.0005,-30.0,63680.0,0.16,31840.0,0.0015,77
1.076240530869799,0.000494331789230113,1.1331921344677762,0.0029986155319231705,0.05695160359797713,0.0030390885189698446,636800.0,0.0005,-30.0,63680.0,0.16,31840.0,0.0015,66
1.076240530869799,0.0004943317892301131,1.1542555422488914,0.005179539310171745,0.07801501137909228,0.0052030751852589876,636800.0,0.0005,-30.0,63680.0,0.16,31840.0,0.0015,55
1.076240530869799,0.000494331789230113,1.1092280491257953,0.00466892811903185,0.03298751825599622,0.0046950243554778,636800.0,0.0005,-30.0,63680.0,0.08,31840.0,0.03,88
1.076240530869799,0.000494331789230113,1.1633775432248619,0.006676775130632317,0.08713701235506277,0.006695049668439632,636800.0,0.0005,-30.0,63680.0,0.08,31840.0,0.03,44
1.076240530869799,0.000494331789230113,1.1224589828563936,0.0048608921545161025,0.046218451986594467,0.0048859632065417396,636800.0,0.0005,-30.0,63680.0,0.08,31840.0,0.03,72
1.076240530869799,0.0004943317892301131,1.157973172494641,0.005798129665218568,0.08173264162484184,0.005819164160988331,636800.0,0.0005,-30.0,63680.0,0.08,31840.0,0.03,52
1.076240530869799,0.000494331789230113,1.1148363274627284,0.0047485157749158685,0.03859579659292933,0.004774176995301734,636800.0,0.0005,-30.0,63680.0,0.08,31840.0,0.03,77
1.076240530869799,0.000494331789230113,1.1331921344677762,0.0049827254002587675,0.05695160359797713,0.005007186468689511,636800.0,0.0005,-30.0,63680.0,0.08,31840.0,0.03,66
1.076240530869799,0.000494331789230113,1.1542555422488914,0.005557231513183377,0.07801501137909228,0.005579174312473294,636800.0,0.0005,-30.0,63680.0,0.08,31840.0,0.03,55
1.076240530869799,0.000494331789230113,1.1092280491257953,0.0008714796713538403,0.03298751825599622,0.0010019185273396447,636800.0,0.0005,-30.0,63680.0,0.08,31840.0,0.003,88
1.076240530869799,0.000494331789230113,1.1633775432248619,0.004235672117197693,0.08713701235506277,0.00426442050016757,636800.0,0.0005,-30.0,63680.0,0.08,31840.0,0.003,44
1.076240530869799,0.000494331789230113,1.1224589828563936,0.0013719103092382373,0.046218451986594467,0.001458253000832709,636800.0,0.0005,-30.0,63680.0,0.08,31840.0,0.003,72
1.076240530869799,0.000494331789230113,1.1579731724946412,0.003037548843179004,0.08173264162484206,0.0030775098525498744,636800.0,0.0005,-30.0,63680.0,0.08,31840.0,0.003,52
1.076240530869799,0.000494331789230113,1.1148363274627284,0.0011055769222401387,0.03859579659292933,0.0012110591434085383,636800.0,0.0005,-30.0,63680.0,0.08,31840.0,0.003,77
1.076240530869799,0.000494331789230113,1.1331921344677762,0.0016233425962159309,0.05695160359797713,0.001696939923076985,636800.0,0.0005,-30.0,63680.0,0.08,31840.0,0.003,66
1.076240530869799,0.000494331789230113,1.1542555422488914,0.002667461523505685,0.07801501137909228,0.002712879447602992,636800.0,0.0005,-30.0,63680.0,0.08,31840.0,0.003,55
1.076240530869799,0.000494331789230113,1.1092280491257953,0.0007746530355186577,0.03298751825599622,0.000918940282761462,636800.0,0.0005,-30.0,63680.0,0.08,31840.0,0.0015,88
1.076240530869799,0.0004943317892301131,1.1633775432248619,0.004211782540000137,0.08713701235506277,0.004240692877596001,636800.0,0.0005,-30.0,63680.0,0.08,31840.0,0.0015,44
1.076240530869799,0.000494331789230113,1.1224589828563936,0.0013104939726463146,0.046218451986594467,0.0014006278485685498,636800.0,0.0005,-30.0,63680.0,0.08,31840.0,0.0015,72
1.076240530869799,0.000494331789230113,1.1579731724946412,0.0030069782325553482,0.08173264162484206,0.0030473401531343905,636800.0,0.0005,-30.0,63680.0,0.08,31840.0,0.0015,52
1.076240530869799,0.000494331789230113,1.1148363274627284,0.0010299218194698098,0.03859579659292933,0.0011424109908712574,636800.0,0.0005,-30.0,63680.0,0.08,31840.0,0.0015,77
1.076240530869799,0.000494331789230113,1.1331921344677762,0.0015707060879639918,0.05695160359797713,0.0016466576853161048,636800.0,0.0005,-30.0,63680.0,0.08,31840.0,0.0015,66
1.076240530869799,0.000494331789230113,1.1542555422488914,0.0026334947085672983,0.07801501137909228,0.002679488439589804,636800.0,0.0005,-30.0,63680.0,0.08,31840.0,0.0015,55
1.076240530869799,0.0004943317892301131,1.1092280491257953,0.004634839845785121,0.03298751825599622,0.004661126936044639,636800.0,0.0005,-30.0,63680.0,0.008,31840.0,0.03,88
1.076240530869799,0.000494331789230113,1.1633775432248619,0.005227740408660119,0.08713701235506277,0.005251060245148717,636800.0,0.0005,-30.0,63680.0,0.008,31840.0,0.03,44
1.076240530869799,0.000494331789230113,1.1224589828563936,0.0047129607537001435,0.046218451986594467,0.004738814512487408,636800.0,0.0005,-30.0,63680.0,0.008,31840.0,0.03,72
1.076240530869799,0.000494331789230113,1.1579731724946412,0.004997119918703547,0.08173264162484206,0.005021510868229519,636800.0,0.0005,-30.0,63680.0,0.008,31840.0,0.03,52
1.076240530869799,0.000494331789230113,1.1148363274627284,0.004666701581814086,0.03859579659292933,0.0046928101998215885,636800.0,0.0005,-30.0,63680.0,0.008,31840.0,0.03,77
1.076240530869799,0.000494331789230113,1.1331921344677762,0.0047617687723703304,0.05695160359797713,0.004787358954513927,636800.0,0.0005,-30.0,63680.0,0.008,31840.0,0.03,66
1.076240530869799,0.000494331789230113,1.1542555422488914,0.004931364129009595,0.07801501137909228,0.004956078701022211,636800.0,0.0005,-30.0,63680.0,0.008,31840.0,0.03,55
1.076240530869799,0.000494331789230113,1.1092280491257953,0.0006650770128142288,0.03298751825599622,0.0008286684203089573,636800.0,0.0005,-30.0,63680.0,0.008,31840.0,0.003,88
1.076240530869799,0.000494331789230113,1.1633775432248619,0.0008311810390725439,0.08713701235506277,0.000967070751060727,636800.0,0.0005,-30.0,63680.0,0.008,31840.0,0.003,44
1.076240530869799,0.000494331789230113,1.1224589828563936,0.0006825426174794619,0.046218451986594467,0.0008427504627819317,636800.0,0.0005,-30.0,63680.0,0.008,31840.0,0.003,72
1.076240530869799,0.0004943317892301131,1.1579731724946412,0.0007613165188763011,0.08173264162484206,0.0009077261479969465,636800.0,0.0005,-30.0,63680.0,0.008,31840.0,0.003,52
1.076240530869799,0.000494331789230113,1.1148363274627284,0.0006723108805231776,0.03859579659292933,0.0008344853730972732,636800.0,0.0005,-30.0,63680.0,0.008,31840.0,0.003,77
1.076240530869799,0.000494331789230113,1.1331921344677762,0.0006943562571379271,0.05695160359797713,0.0008523464845179078,636800.0,0.0005,-30.0,63680.0,0.008,31840.0,0.003,66
1.076240530869799,0.000494331789230113,1.1542555422488914,0.0007422136223134804,0.07801501137909228,0.000891765091821351,636800.0,0.0005,-30.0,63680.0,0.008,31840.0,0.003,55
1.076240530869799,0.000494331789230113,1.1092280491257953,0.0005319191111712149,0.03298751825599622,0.0007261555333897967,636800.0,0.0005,-30.0,63680.0,0.008,31840.0,0.0015,88
1.076240530869799,0.0004943317892301131,1.1633775432248616,0.0006993252459031312,0.08713701235506255,0.0008563992745214815,636800.0,0.0005,-30.0,63680.0,0.008,31840.0,0.0015,44
1.076240530869799,0.000494331789230113,1.1224589828563936,0.0005487449138022882,0.046218451986594467,0.0007385694945415262,636800.0,0.0005,-30.0,63680.0,0.008,31840.0,0.0015,72
1.076240530869799,0.000494331789230113,1.1579731724946412,0.0006283454131905813,0.08173264162484206,0.0007994885090613169,636800.0,0.0005,-30.0,63680.0,0.008,31840.0,0.0015,52
1.076240530869799,0.000494331789230113,1.1148363274627284,0.0005389253596741287,0.03859579659292933,0.0007313032620899033,636800.0,0.0005,-30.0,63680.0,0.008,31840.0,0.0015,77
1.076240530869799,0.000494331789230113,1.1331921344677762,0.0005603633124185255,0.05695160359797713,0.0007472422363250801,636800.0,0.0005,-30.0,63680.0,0.008,31840.0,0.0015,66
1.076240530869799,0.000494331789230113,1.1542555422488914,0.0006089535793608376,0.07801501137909228,0.0007843394543562251,636800.0,0.0005,-30.0,63680.0,0.008,31840.0,0.0015,55
0.0,0.000494331789230113,0.0,0.00477073878156477,0.0,0.004796281105165705,636800.0,0.0005,0.0,63680.0,0.16,31840.0,0.03,88
0.0,0.000494331789230113,0.0,0.009841352763713734,0.0,0.009853760101489147,636800.0,0.0005,0.0,63680.0,0.16,31840.0,0.03,44
0.0,0.000494331789230113,0.0,0.005283938903084379,0.0,0.005307011800379946,636800.0,0.0005,0.0,63680.0,0.16,31840.0,0.03,72
0.0,0.000494331789230113,0.0,0.007734445122334066,0.0,0.007750226143038709,636800.0,0.0005,0.0,63680.0,0.16,31840.0,0.03,52
0.0,0.000494331789230113,0.0,0.004988250161476944,0.0,0.005012684270061123,636800.0,0.0005,0.0,63680.0,0.16,31840.0,0.03,77
0.0,0.0004943317892301131,0.0,0.005599297269113925,0.0,0.005621075860166816,636800.0,0.0005,0.0,63680.0,0.16,31840.0,0.03,66
0.0,0.000494331789230113,0.0,0.007125668752943851,0.0,0.007142794907774115,636800.0,0.0005,0.0,63680.0,0.16,31840.0,0.03,55
0.0,0.000494331789230113,0.0,0.0013116918688558998,0.0,0.0014017487209432825,636800.0,0.0005,0.0,63680.0,0.16,31840.0,0.003,88
0.0,0.000494331789230113,0.0,0.008379368494059167,0.0,0.008393937114195867,636800.0,0.0005,0.0,63680.0,0.16,31840.0,0.003,44
0.0,0.0004943317892301131,0.0,0.0024847284942798877,0.0,0.002533424482420947,636800.0,0.0005,0.0,63680.0,0.16,31840.0,0.003,72
0.0,0.000494331789230113,0.0,0.005952313559483202,0.0,0.005972805088754448,636800.0,0.0005,0.0,63680.0,0.16,31840.0,0.003,52
0.0,0.000494331789230113,0.0,0.001885878559143923,0.0,0.0019495901768531263,636800.0,0.0005,0.0,63680.0,0.16,31840.0,0.003,77
0.0,0.000494331789230113,0.0,0.003026519234733481,0.0,0.0030666239736973264,636800.0,0.0005,0.0,63680.0,0.16,31840.0,0.003,66
0.0,0.000494331789230113,0.0,0.0051968917696008764,0.0,0.005220349411944451,636800.0,0.0005,0.0,63680.0,0.16,31840.0,0.003,55
0.0,0.000494331789230113,0.0,0.0012494583092996546,0.0,0.001343692667436046,636800.0,0.0005,0.0,63680.0,0.16,31840.0,0.0015,88
0.0,0.000494331789230113,0.0,0.008367317983623909,0.0,0.008381907548817246,636800.0,0.0005,0.0,63680.0,0.16,31840.0,0.0015,44
0.0,0.000494331789230113,0.0,0.0024513531459246394,0.0,0.0025006991350176597,636800.0,0.0005,0.0,63680.0,0.16,31840.0,0.0015,72
0.0,0.000494331789230113,0.0,0.005936771161731872,0.0,0.005957316152817025,636800.0,0.0005,0.0,63680.0,0.16,31840.0,0.0015,52
0.0,0.000494331789230113,0.0,0.0018425462173494573,0.0,0.0019077055540392596,636800.0,0.0005,0.0,63680.0,0.16,31840.0,0.0015,77
0.0,0.000494331789230113,0.0,0.002998615531922992,0.0,0.003039088518969668,636800.0,0.0005,0.0,63680.0,0.16,31840.0,0.0015,66
0.0,0.0004943317892301131,0.0,0.005179539310171799,0.0,0.005203075185259041,636800.0,0.0005,0.0,63680.0,0.16,31840.0,0.0015,55
0.0,0.000494331789230113,0.0,0.0046689281190318765,0.0,0.004695024355477827,636800.0,0.0005,0.0,63680.0,0.08,31840.0,0.03,88
0.0,0.000494331789230113,0.0,0.00667677513063231,0.0,0.0066950496684396255,636800.0,0.0005,0.0,63680.0,0.08,31840.0,0.03,44
0.0,0.000494331789230113,0.0,0.004860892154516094,0.0,0.004885963206541732,636800.0,0.0005,0.0,63680.0,0.08,31840.0,0.03,72
0.0,0.000494331789230113,0.0,0.005798129665218649,0.0,0.005819164160988412,636800.0,0.0005,0.0,63680.0,0.08,31840.0,0.03,52
0.0,0.0004943317892301131,0.0,0.004748515774915991,0.0,0.004774176995301856,636800.0,0.0005,0.0,63680.0,0.08,31840.0,0.03,77
0.0,0.000494331789230113,0.0,0.004982725400258731,0.0,0.0050071864686894755,636800.0,0.0005,0.0,63680.0,0.08,31840.0,0.03,66
0.0,0.000494331789230113,0.0,0.005557231513183345,0.0,0.005579174312473262,636800.0,0.0005,0.0,63680.0,0.08,31840.0,0.03,55
0.0,0.000494331789230113,0.0,0.0008714796713538378,0.0,0.0010019185273396425,636800.0,0.0005,0.0,63680.0,0.08,31840.0,0.003,88
0.0,0.000494331789230113,0.0,0.004235672117197708,0.0,0.004264420500167586,636800.0,0.0005,0.0,63680.0,0.08,31840.0,0.003,44
0.0,0.000494331789230113,0.0,0.0013719103092382399,0.0,0.0014582530008327116,636800.0,0.0005,0.0,63680.0,0.08,31840.0,0.003,72
0.0,0.000494331789230113,0.0,0.003037548843178986,0.0,0.0030775098525498566,636800.0,0.0005,0.0,63680.0,0.08,31840.0,0.003,52
0.0,0.000494331789230113,0.0,0.0011055769222401317,0.0,0.001211059143408532,636800.0,0.0005,0.0,63680.0,0.08,31840.0,0.003,77
0.0,0.000494331789230113,0.0,0.0016233425962159304,0.0,0.0016969399230769844,636800.0,0.0005,0.0,63680.0,0.08,31840.0,0.003,66
0.0,0.000494331789230113,0.0,0.0026674615235056697,0.0,0.002712879447602977,636800.0,0.0005,0.0,63680.0,0.08,31840.0,0.003,55
0.0,0.000494331789230113,0.0,0.0007746530355186587,0.0,0.0009189402827614628,636800.0,0.0005,0.0,63680.0,0.08,31840.0,0.0015,88
0.0,0.0004943317892301131,0.0,0.004211782540000125,0.0,0.004240692877595989,636800.0,0.0005,0.0,63680.0,0.08,31840.0,0.0015,44
0.0,0.000494331789230113,0.0,0.0013104939726463227,0.0,0.0014006278485685572,636800.0,0.0005,0.0,63680.0,0.08,31840.0,0.0015,72
0.0,0.000494331789230113,0.0,0.003006978232555359,0.0,0.0030473401531344014,636800.0,0.0005,0.0,63680.0,0.08,31840.0,0.0015,52
0.0,0.000494331789230113,0.0,0.0010299218194698052,0.0,0.0011424109908712535,636800.0,0.0005,0.0,63680.0,0.08,31840.0,0.0015,77
0.0,0.0004943317892301131,0.0,0.0015707060879639942,0.0,0.0016466576853161072,636800.0,0.0005,0.0,63680.0,0.08,31840.0,0.0015,66
0.0,0.000494331789230113,0.0,0.002633494708567301,0.0,0.002679488439589807,636800.0,0.0005,0.0,63680.0,0.08,31840.0,0.0015,55
0.0,0.000494331789230113,0.0,0.0046348398457850895,0.0,0.004661126936044608,636800.0,0.0005,0.0,63680.0,0.008,31840.0,0.03,88
0.0,0.000494331789230113,0.0,0.005227740408660114,0.0,0.005251060245148713,636800.0,0.0005,0.0,63680.0,0.008,31840.0,0.03,44
0.0,0.000494331789230113,0.0,0.0047129607537001,0.0,0.004738814512487365,636800.0,0.0005,0.0,63680.0,0.008,31840.0,0.03,72
0.0,0.000494331789230113,0.0,0.004997119918703578,0.0,0.005021510868229551,636800.0,0.0005,0.0,63680.0,0.008,31840.0,0.03,52
0.0,0.000494331789230113,0.0,0.004666701581814025,0.0,0.004692810199821527,636800.0,0.0005,0.0,63680.0,0.008,31840.0,0.03,77
0.0,0.000494331789230113,0.0,0.004761768772370352,0.0,0.004787358954513949,636800.0,0.0005,0.0,63680.0,0.008,31840.0,0.03,66
0.0,0.000494331789230113,0.0,0.004931364129009573,0.0,0.004956078701022189,636800.0,0.0005,0.0,63680.0,0.008,31840.0,0.03,55
0.0,0.000494331789230113,0.0,0.0006650770128142266,0.0,0.0008286684203089556,636800.0,0.0005,0.0,63680.0,0.008,31840.0,0.003,88
0.0,0.000494331789230113,0.0,0.0008311810390725476,0.0,0.0009670707510607301,636800.0,0.0005,0.0,63680.0,0.008,31840.0,0.003,44
0.0,0.000494331789230113,0.0,0.0006825426174794614,0.0,0.0008427504627819312,636800.0,0.0005,0.0,63680.0,0.008,31840.0,0.003,72
0.0,0.000494331789230113,0.0,0.0007613165188763038,0.0,0.0009077261479969487,636800.0,0.0005,0.0,63680.0,0.008,31840.0,0.003,52
0.0,0.0004943317892301131,0.0,0.0006723108805231799,0.0,0.0008344853730972751,636800.0,0.0005,0.0,63680.0,0.008,31840.0,0.003,77
0.0,0.000494331789230113,0.0,0.0006943562571379271,0.0,0.0008523464845179078,636800.0,0.0005,0.0,63680.0,0.008,31840.0,0.003,66
0.0,0.000494331789230113,0.0,0.0007422136223134817,0.0,0.000891765091821352,636800.0,0.0005,0.0,63680.0,0.008,31840.0,0.003,55
0.0,0.0004943317892301131,0.0,0.0005319191111712152,0.0,0.0007261555333897969,636800.0,0.0005,0.0,63680.0,0.008,31840.0,0.0015,88
0.0,0.000494331789230113,0.0,0.0006993252459031344,0.0,0.0008563992745214841,636800.0,0.0005,0.0,63680.0,0.008,31840.0,0.0015,44
0.0,0.000494331789230113,0.0,0.0005487449138022887,0.0,0.0007385694945415267,636800.0,0.0005,0.0,63680.0,0.008,31840.0,0.0015,72
0.0,0.000494331789230113,0.0,0.0006283454131905793,0.0,0.0007994885090613152,636800.0,0.0005,0.0,63680.0,0.008,31840.0,0.0015,52
0.0,0.000494331789230113,0.0,0.0005389253596741284,0.0,0.0007313032620899032,636800.0,0.0005,0.0,63680.0,0.008,31840.0,0.0015,77
0.0,0.000494331789230113,0.0,0.0005603633124185247,0.0,0.0007472422363250795,636800.0,0.0005,0.0,63680.0,0.008,31840.0,0.0015,66
0.0,0.000494331789230113,0.0,0.0006089535793608391,0.0,0.0007843394543562263,636800.0,0.0005,0.0,63680.0,0.008,31840.0,0.0015,55
-1.076240530869799,0.000494331789230113,-1.1092280491257953,0.004770738781564762,-0.03298751825599622,0.004796281105165696,636800.0,0.0005,30.0,63680.0,0.16,31840.0,0.03,88
-1.076240530869799,0.000494331789230113,-1.1633775432248619,0.009841352763713706,-0.08713701235506277,0.009853760101489119,636800.0,0.0005,30.0,63680.0,0.16,31840.0,0.03,44
-1.076240530869799,0.000494331789230113,-1.1224589828563936,0.005283938903084371,-0.046218451986594467,0.005307011800379938,636800.0,0.0005,30.0,63680.0,0.16,31840.0,0.03,72
-1.076240530869799,0.000494331789230113,-1.1579731724946412,0.007734445122334086,-0.08173264162484206,0.007750226143038729,636800.0,0.0005,30.0,63680.0,0.16,31840.0,0.03,52
-1.076240530869799,0.000494331789230113,-1.1148363274627284,0.004988250161476952,-0.03859579659292933,0.00501268427006113,636800.0,0.0005,30.0,63680.0,0.16,31840.0,0.03,77
-1.076240530869799,0.000494331789230113,-1.1331921344677762,0.005599297269113887,-0.05695160359797713,0.005621075860166778,636800.0,0.0005,30.0,63680.0,0.16,31840.0,0.03,66
-1.076240530869799,0.000494331789230113,-1.1542555422488914,0.007125668752943833,-0.07801501137909228,0.007142794907774097,636800.0,0.0005,30.0,63680.0,0.16,31840.0,0.03,55
-1.076240530869799,0.0004943317892301131,-1.1092280491257953,0.0013116918688558864,-0.03298751825599622,0.0014017487209432697,636800.0,0.0005,30.0,63680.0,0.16,31840.0,0.003,88
-1.076240530869799,0.000494331789230113,-1.1633775432248619,0.008379368494059177,-0.08713701235506277,0.008393937114195877,636800.0,0.0005,30.0,63680.0,0.16,31840.0,0.003,44
-1.076240530869799,0.0004943317892301131,-1.1224589828563936,0.0024847284942799124,-0.046218451986594467,0.002533424482420971,636800.0,0.0005,30.0,63680.0,0.16,31840.0,0.003,72
-1.076240530869799,0.000494331789230113,-1.1579731724946412,0.005952313559483184,-0.08173264162484206,0.0059728050887544295,636800.0,0.0005,30.0,63680.0,0.16,31840.0,0.003,52
-1.076240530869799,0.000494331789230113,-1.1148363274627284,0.0018858785591439186,-0.03859579659292933,0.001949590176853122,636800.0,0.0005,30.0,63680.0,0.16,31840.0,0.003,77
-1.076240530869799,0.000494331789230113,-1.1331921344677762,0.003026519234733492,-0.05695160359797713,0.003066623973697337,636800.0,0.0005,30.0,63680.0,0.16,31840.0,0.003,66
-1.076240530869799,0.000494331789230113,-1.1542555422488914,0.005196891769600898,-0.07801501137909228,0.0052203494119444725,636800.0,0.0005,30.0,63680.0,0.16,31840.0,0.003,55
-1.076240530869799,0.000494331789230113,-1.1092280491257953,0.0012494583092996614,-0.03298751825599622,0.0013436926674360522,636800.0,0.0005,30.0,63680.0,0.16,31840.0,0.0015,88
-1.076240530869799,0.000494331789230113,-1.1633775432248619,0.00836731798362394,-0.08713701235506277,0.008381907548817277,636800.0,0.0005,30.0,63680.0,0.16,31840.0,0.0015,44
-1.076240530869799,0.000494331789230113,-1.1224589828563936,0.002451353145924633,-0.046218451986594467,0.002500699135017653,636800.0,0.0005,30.0,63680.0,0.16,31840.0,0.0015,72
-1.076240530869799,0.000494331789230113,-1.1579731724946412,0.005936771161731899,-0.08173264162484206,0.005957316152817052,636800.0,0.0005,30.0,63680.0,0.16,31840.0,0.0015,52
-1.076240530869799,0.000494331789230113,-1.1148363274627284,0.0018425462173494588,-0.03859579659292933,0.001907705554039261,636800.0,0.0005,30.0,63680.0,0.16,31840.0,0.0015,77
-1.076240530869799,0.000494331789230113,-1.1331921344677762,0.002998615531923002,-0.05695160359797713,0.003039088518969678,636800.0,0.0005,30.0,63680.0,0.16,31840.0,0.0015,66
-1.076240530869799,0.000494331789230113,-1.1542555422488914,0.0051795393101717446,-0.07801501137909228,0.005203075185258987,636800.0,0.0005,30.0,63680.0,0.16,31840.0,0.0015,55
-1.076240530869799,0.000494331789230113,-1.1092280491257953,0.004668928119031854,-0.03298751825599622,0.004695024355477804,636800.0,0.0005,30.0,63680.0,0.08,31840.0,0.03,88
-1.076240530869799,0.0004943317892301131,-1.1633775432248619,0.006676775130632346,-0.08713701235506277,0.006695049668439662,636800.0,0.0005,30.0,63680.0,0.08,31840.0,0.03,44
-1.076240530869799,0.000494331789230113,-1.1224589828563936,0.004860892154516067,-0.046218451986594467,0.004885963206541705,636800.0,0.0005,30.0,63680.0,0.08,31840.0,0.03,72
-1.076240530869799,0.0004943317892301131,-1.157973172494641,0.00579812966521862,-0.08173264162484184,0.005819164160988383,636800.0,0.0005,30.0,63680.0,0.08,31840.0,0.03,52
-1.076240530869799,0.000494331789230113,-1.1148363274627284,0.004748515774916007,-0.03859579659292933,0.004774176995301872,636800.0,0.0005,30.0,63680.0,0.08,31840.0,0.03,77
-1.076240530869799,0.000494331789230113,-1.1331921344677762,0.004982725400258748,-0.05695160359797713,0.005007186468689492,636800.0,0.0005,30.0,63680.0,0.08,31840.0,0.03,66
-1.076240530869799,0.000494331789230113,-1.1542555422488914,0.0055572315131833475,-0.07801501137909228,0.005579174312473264,636800.0,0.0005,30.0,63680.0,0.08,31840.0,0.03,55
-1.076240530869799,0.000494331789230113,-1.1092280491257953,0.0008714796713538363,-0.03298751825599622,0.0010019185273396412,636800.0,0.0005,30.0,63680.0,0.08,31840.0,0.003,88
-1.076240530869799,0.000494331789230113,-1.1633775432248619,0.0042356721171976815,-0.08713701235506277,0.004264420500167559,636800.0,0.0005,30.0,63680.0,0.08,31840.0,0.003,44
-1.076240530869799,0.000494331789230113,-1.1224589828563936,0.001371910309238244,-0.046218451986594467,0.0014582530008327153,636800.0,0.0005,30.0,63680.0,0.08,31840.0,0.003,72
-1.076240530869799,0.000494331789230113,-1.1579731724946412,0.0030375488431790007,-0.08173264162484206,0.0030775098525498714,636800.0,0.0005,30.0,63680.0,0.08,31840.0,0.003,52
-1.076240530869799,0.000494331789230113,-1.1148363274627284,0.0011055769222401259,-0.03859579659292933,0.0012110591434085266,636800.0,0.0005,30.0,63680.0,0.08,31840.0,0.003,77
-1.076240530869799,0.000494331789230113,-1.1331921344677762,0.0016233425962159246,-0.05695160359797713,0.001696939923076979,636800.0,0.0005,30.0,63680.0,0.08,31840.0,0.003,66
-1.076240530869799,0.000494331789230113,-1.1542555422488914,0.0026674615235056905,-0.07801501137909228,0.0027128794476029973,636800.0,0.0005,30.0,63680.0,0.08,31840.0,0.003,55
-1.076240530869799,0.000494331789230113,-1.1092280491257953,0.000774653035518656,-0.03298751825599622,0.0009189402827614605,636800.0,0.0005,30.0,63680.0,0.08,31840.0,0.0015,88
-1.076240530869799,0.000494331789230113,-1.1633775432248619,0.004211782540000108,-0.08713701235506277,0.004240692877595972,636800.0,0.0005,30.0,63680.0,0.08,31840.0,0.0015,44
-1.076240530869799,0.0004943317892301131,-1.1224589828563936,0.00131049397264633,-0.046218451986594467,0.0014006278485685644,636800.0,0.0005,30.0,63680.0,0.08,31840.0,0.0015,72
-1.076240530869799,0.000494331789230113,-1.1579731724946412,0.0030069782325553634,-0.08173264162484206,0.0030473401531344053,636800.0,0.0005,30.0,63680.0,0.08,31840.0,0.0015,52
-1.076240530869799,0.000494331789230113,-1.1148363274627284,0.0010299218194697978,-0.03859579659292933,0.0011424109908712468,636800.0,0.0005,30.0,63680.0,0.08,31840.0,0.0015,77
-1.076240530869799,0.0004943317892301131,-1.1331921344677762,0.001570706087963993,-0.05695160359797713,0.0016466576853161059,636800.0,0.0005,30.0,63680.0,0.08,31840.0,0.0015,66
-1.076240530869799,0.000494331789230113,-1.1542555422488914,0.0026334947085672918,-0.07801501137909228,0.0026794884395897976,636800.0,0.0005,30.0,63680.0,0.08,31840.0,0.0015,55
-1.076240530869799,0.000494331789230113,-1.1092280491257953,0.004634839845785094,-0.03298751825599622,0.004661126936044612,636800.0,0.0005,30.0,63680.0,0.008,31840.0,0.03,88
-1.076240530869799,0.000494331789230113,-1.1633775432248619,0.0052277404086601125,-0.08713701235506277,0.005251060245148711,636800.0,0.0005,30.0,63680.0,0.008,31840.0,0.03,44
-1.076240530869799,0.000494331789230113,-1.1224589828563936,0.0047129607537001236,-0.046218451986594467,0.004738814512487388,636800.0,0.0005,30.0,63680.0,0.008,31840.0,0.03,72
-1.076240530869799,0.000494331789230113,-1.1579731724946412,0.0049971199187034574,-0.08173264162484206,0.005021510868229431,636800.0,0.0005,30.0,63680.0,0.008,31840.0,0.03,52
-1.076240530869799,0.000494331789230113,-1.1148363274627284,0.004666701581814119,-0.03859579659292933,0.0046928101998216214,636800.0,0.0005,30.0,63680.0,0.008,31840.0,0.03,77
-1.076240530869799,0.000494331789230113,-1.1331921344677762,0.004761768772370391,-0.05695160359797713,0.004787358954513988,636800.0,0.0005,30.0,63680.0,0.008,31840.0,0.03,66
-1.076240530869799,0.000494331789230113,-1.1542555422488914,0.004931364129009552,-0.07801501137909228,0.004956078701022168,636800.0,0.0005,30.0,63680.0,0.008,31840.0,0.03,55
-1.076240530869799,0.000494331789230113,-1.1092280491257953,0.0006650770128142298,-0.03298751825599622,0.0008286684203089582,636800.0,0.0005,30.0,63680.0,0.008,31840.0,0.003,88
-1.076240530869799,0.000494331789230113,-1.1633775432248619,0.0008311810390725501,-0.08713701235506277,0.0009670707510607324,636800.0,0.0005,30.0,63680.0,0.008,31840.0,0.003,44
-1.076240530869799,0.000494331789230113,-1.1224589828563936,0.0006825426174794614,-0.046218451986594467,0.0008427504627819312,636800.0,0.0005,30.0,63680.0,0.008,31840.0,0.003,72
-1.076240530869799,0.000494331789230113,-1.1579731724946412,0.0007613165188762998,-0.08173264162484206,0.0009077261479969453,636800.0,0.0005,30.0,63680.0,0.008,31840.0,0.003,52
-1.076240530869799,0.0004943317892301131,-1.1148363274627282,0.0006723108805231844,-0.03859579659292911,0.0008344853730972787,636800.0,0.0005,30.0,63680.0,0.008,31840.0,0.003,77
-1.076240530869799,0.000494331789230113,-1.1331921344677762,0.000694356257137927,-0.05695160359797713,0.0008523464845179077,636800.0,0.0005,30.0,63680.0,0.008,31840.0,0.003,66
-1.076240530869799,0.000494331789230113,-1.1542555422488914,0.0007422136223134812,-0.07801501137909228,0.0008917650918213516,636800.0,0.0005,30.0,63680.0,0.008,31840.0,0.003,55
-1.076240530869799,0.0004943317892301131,-1.1092280491257953,0.0005319191111712152,-0.03298751825599622,0.000726155533389797,636800.0,0.0005,30.0,63680.0,0.008,31840.0,0.0015,88
-1.076240530869799,0.000494331789230113,-1.1633775432248619,0.0006993252459031296,-0.08713701235506277,0.0008563992745214802,636800.0,0.0005,30.0,63680.0,0.008,31840.0,0.0015,44
-1.076240530869799,0.000494331789230113,-1.1224589828563936,0.0005487449138022876,-0.046218451986594467,0.0007385694945415259,636800.0,0.0005,30.0,63680.0,0.008,31840.0,0.0015,72
-1.076240530869799,0.000494331789230113,-1.1579731724946412,0.0006283454131905816,-0.08173264162484206,0.000799488509061317,636800.0,0.0005,30.0,63680.0,0.008,31840.0,0.0015,52
-1.076240530869799,0.000494331789230113,-1.1148363274627284,0.0005389253596741266,-0.03859579659292933,0.0007313032620899019,636800.0,0.0005,30.0,63680.0,0.008,31840.0,0.0015,77
-1.076240530869799,0.000494331789230113,-1.1331921344677762,0.000560363312418524,-0.05695160359797713,0.000747242236325079,636800.0,0.0005,30.0,63680.0,0.008,31840.0,0.0015,66
-1.076240530869799,0.000494331789230113,-1.1542555422488914,0.0006089535793608363,-0.07801501137909228,0.000784339454356224,636800.0,0.0005,30.0,63680.0,0.008,31840.0,0.0015,55
-2.511227905362865,0.000494331789230113,-2.5881987812935243,0.004770738781564675,-0.07697087593065932,0.00479628110516561,636800.0,0.0005,70.0,63680.0,0.16,31840.0,0.03,88
-2.511227905362865,0.000494331789230113,-2.7145476008580123,0.009841352763713698,-0.20331969549514728,0.00985376010148911,636800.0,0.0005,70.0,63680.0,0.16,31840.0,0.03,44
-2.511227905362865,0.000494331789230113,-2.6190709599982522,0.005283938903084359,-0.10784305463538724,0.005307011800379926,636800.0,0.0005,70.0,63680.0,0.16,31840.0,0.03,72
-2.511227905362865,0.000494331789230113,-2.701937402487497,0.007734445122334055,-0.19070949712463214,0.007750226143038698,636800.0,0.0005,70.0,63680.0,0.16,31840.0,0.03,52
-2.511227905362865,0.000494331789230113,-2.6012847640797,0.004988250161476939,-0.09005685871683511,0.005012684270061117,636800.0,0.0005,70.0,63680.0,0.16,31840.0,0.03,77
-2.511227905362865,0.000494331789230113,-2.644114980424812,0.005599297269113906,-0.13288707506194708,0.005621075860166797,636800.0,0.0005,70.0,63680.0,0.16,31840.0,0.03,66
-2.5112279053628646,0.0004943317892301131,-2.6932629319140813,0.007125668752943823,-0.18203502655121673,0.007142794907774086,636800.0,0.0005,70.0,63680.0,0.16,31840.0,0.03,55
-2.511227905362865,0.000494331789230113,-2.5881987812935243,0.0013116918688558922,-0.07697087593065932,0.0014017487209432753,636800.0,0.0005,70.0,63680.0,0.16,31840.0,0.003,88
-2.511227905362865,0.000494331789230113,-2.7145476008580123,0.008379368494059201,-0.20331969549514728,0.008393937114195902,636800.0,0.0005,70.0,63680.0,0.16,31840.0,0.003,44
-2.511227905362865,0.000494331789230113,-2.6190709599982522,0.0024847284942799107,-0.10784305463538724,0.0025334244824209693,636800.0,0.0005,70.0,63680.0,0.16,31840.0,0.003,72
-2.511227905362865,0.0004943317892301131,-2.7019374024874963,0.005952313559483109,-0.19070949712463126,0.005972805088754356,636800.0,0.0005,70.0,63680.0,0.16,31840.0,0.003,52
-2.511227905362865,0.000494331789230113,-2.6012847640797,0.0018858785591439262,-0.09005685871683511,0.0019495901768531293,636800.0,0.0005,70.0,63680.0,0.16,31840.0,0.003,77
-2.511227905362865,0.000494331789230113,-2.644114980424812,0.0030265192347334897,-0.13288707506194708,0.003066623973697335,636800.0,0.0005,70.0,63680.0,0.16,31840.0,0.003,66
-2.511227905362865,0.000494331789230113,-2.6932629319140813,0.0051968917696009285,-0.18203502655121628,0.005220349411944502,636800.0,0.0005,70.0,63680.0,0.16,31840.0,0.003,55
-2.511227905362865,0.000494331789230113,-2.5881987812935243,0.0012494583092996548,-0.07697087593065932,0.0013436926674360462,636800.0,0.0005,70.0,63680.0,0.16,31840.0,0.0015,88
-2.511227905362865,0.000494331789230113,-2.7145476008580123,0.008367317983623893,-0.20331969549514728,0.008381907548817229,636800.0,0.0005,70.0,63680.0,0.16,31840.0,0.0015,44
-2.511227905362865,0.000494331789230113,-2.6190709599982522,0.0024513531459246438,-0.10784305463538724,0.002500699135017664,636800.0,0.0005,70.0,63680.0,0.16,31840.0,0.0015,72
-2.511227905362865,0.000494331789230113,-2.701937402487497,0.005936771161731893,-0.19070949712463214,0.005957316152817046,636800.0,0.0005,70.0,63680.0,0.16,31840.0,0.0015,52
-2.511227905362865,0.000494331789230113,-2.6012847640797,0.0018425462173494599,-0.09005685871683511,0.001907705554039262,636800.0,0.0005,70.0,63680.0,0.16,31840.0,0.0015,77
-2.511227905362865,0.000494331789230113,-2.644114980424812,0.0029986155319230204,-0.13288707506194708,0.0030390885189696963,636800.0,0.0005,70.0,63680.0,0.16,31840.0,0.0015,66
-2.511227905362865,0.000494331789230113,-2.6932629319140813,0.005179539310171638,-0.18203502655121628,0.00520307518525888,636800.0,0.0005,70.0,63680.0,0.16,31840.0,0.0015,55
-2.5112279053628646,0.0004943317892301131,-2.5881987812935243,0.004668928119031883,-0.07697087593065977,0.004695024355477832,636800.0,0.0005,70.0,63680.0,0.08,31840.0,0.03,88
-2.511227905362865,0.000494331789230113,-2.7145476008580123,0.00667677513063232,-0.20331969549514728,0.006695049668439637,636800.0,0.0005,70.0,63680.0,0.08,31840.0,0.03,44
-2.511227905362865,0.000494331789230113,-2.6190709599982522,0.004860892154516106,-0.10784305463538724,0.004885963206541744,636800.0,0.0005,70.0,63680.0,0.08,31840.0,0.03,72
-2.511227905362865,0.000494331789230113,-2.701937402487497,0.005798129665218593,-0.19070949712463214,0.005819164160988356,636800.0,0.0005,70.0,63680.0,0.08,31840.0,0.03,52
-2.511227905362865,0.000494331789230113,-2.6012847640797,0.004748515774915977,-0.09005685871683511,0.004774176995301842,636800.0,0.0005,70.0,63680.0,0.08,31840.0,0.03,77
-2.511227905362865,0.000494331789230113,-2.644114980424812,0.004982725400258739,-0.13288707506194708,0.005007186468689483,636800.0,0.0005,70.0,63680.0,0.08,31840.0,0.03,66
-2.511227905362865,0.0004943317892301131,-2.69326293191408,0.005557231513183318,-0.18203502655121495,0.005579174312473235,636800.0,0.0005,70.0,63680.0,0.08,31840.0,0.03,55
-2.511227905362865,0.000494331789230113,-2.5881987812935243,0.0008714796713538362,-0.07697087593065932,0.0010019185273396412,636800.0,0.0005,70.0,63680.0,0.08,31840.0,0.003,88
-2.511227905362865,0.000494331789230113,-2.7145476008580123,0.004235672117197751,-0.20331969549514728,0.0042644205001676275,636800.0,0.0005,70.0,63680.0,0.08,31840.0,0.003,44
-2.511227905362865,0.000494331789230113,-2.6190709599982522,0.0013719103092382438,-0.10784305463538724,0.001458253000832715,636800.0,0.0005,70.0,63680.0,0.08,31840.0,0.003,72
-2.511227905362865,0.000494331789230113,-2.701937402487497,0.0030375488431790107,-0.19070949712463214,0.003077509852549881,636800.0,0.0005,70.0,63680.0,0.08,31840.0,0.003,52
-2.511227905362865,0.000494331789230113,-2.6012847640797,0.0011055769222401322,-0.09005685871683511,0.0012110591434085325,636800.0,0.0005,70.0,63680.0,0.08,31840.0,0.003,77
-2.511227905362865,0.000494331789230113,-2.644114980424812,0.0016233425962159287,-0.13288707506194708,0.0016969399230769829,636800.0,0.0005,70.0,63680.0,0.08,31840.0,0.003,66
-2.511227905362865,0.000494331789230113,-2.6932629319140813,0.002667461523505696,-0.18203502655121628,0.0027128794476030033,636800.0,0.0005,70.0,63680.0,0.08,31840.0,0.003,55
-2.511227905362865,0.000494331789230113,-2.5881987812935243,0.0007746530355186499,-0.07697087593065932,0.0009189402827614553,636800.0,0.0005,70.0,63680.0,0.08,31840.0,0.0015,88
-2.511227905362865,0.000494331789230113,-2.7145476008580123,0.004211782540000144,-0.20331969549514728,0.004240692877596009,636800.0,0.0005,70.0,63680.0,0.08,31840.0,0.0015,44
-2.511227905362865,0.000494331789230113,-2.6190709599982522,0.0013104939726463203,-0.10784305463538724,0.001400627848568555,636800.0,0.0005,70.0,63680.0,0.08,31840.0,0.0015,72
-2.5112279053628646,0.0004943317892301131,-2.701937402487497,0.003006978232555335,-0.1907094971246326,0.0030473401531343775,636800.0,0.0005,70.0,63680.0,0.08,31840.0,0.0015,52
-2.511227905362865,0.000494331789230113,-2.6012847640797,0.0010299218194697892,-0.09005685871683511,0.001142410990871239,636800.0,0.0005,70.0,63680.0,0.08,31840.0,0.0015,77
-2.511227905362865,0.000494331789230113,-2.644114980424812,0.0015707060879639858,-0.13288707506194708,0.0016466576853160992,636800.0,0.0005,70.0,63680.0,0.08,31840.0,0.0015,66
-2.511227905362865,0.000494331789230113,-2.6932629319140813,0.002633494708567302,-0.18203502655121628,0.002679488439589808,636800.0,0.0005,70.0,63680.0,0.08,31840.0,0.0015,55
-2.511227905362865,0.000494331789230113,-2.5881987812935243,0.004634839845785152,-0.07697087593065932,0.00466112693604467,636800.0,0.0005,70.0,63680.0,0.008,31840.0,0.03,88
-2.511227905362865,0.0004943317892301131,-2.7145476008580114,0.0052277404086601255,-0.2033196954951464,0.005251060245148724,636800.0,0.0005,70.0,63680.0,0.008,31840.0,0.03,44
-2.511227905362865,0.000494331789230113,-2.6190709599982522,0.004712960753700146,-0.10784305463538724,0.004738814512487411,636800.0,0.0005,70.0,63680.0,0.008,31840.0,0.03,72
-2.511227905362865,0.000494331789230113,-2.701937402487497,0.004997119918703552,-0.19070949712463214,0.005021510868229525,636800.0,0.0005,70.0,63680.0,0.008,31840.0,0.03,52
-2.511227905362865,0.000494331789230113,-2.6012847640797,0.004666701581814076,-0.09005685871683511,0.004692810199821579,636800.0,0.0005,70.0,63680.0,0.008,31840.0,0.03,77
-2.511227905362865,0.000494331789230113,-2.644114980424812,0.004761768772370348,-0.13288707506194708,0.004787358954513945,636800.0,0.0005,70.0,63680.0,0.008,31840.0,0.03,66
-2.511227905362865,0.000494331789230113,-2.6932629319140813,0.004931364129009551,-0.18203502655121628,0.0049560787010221674,636800.0,0.0005,70.0,63680.0,0.008,31840.0,0.03,55
-2.511227905362865,0.000494331789230113,-2.5881987812935243,0.000665077012814228,-0.07697087593065932,0.0008286684203089568,636800.0,0.0005,70.0,63680.0,0.008,31840.0,0.003,88
-2.511227905362865,0.000494331789230113,-2.7145476008580123,0.0008311810390725464,-0.20331969549514728,0.0009670707510607291,636800.0,0.0005,70.0,63680.0,0.008,31840.0,0.003,44
-2.511227905362865,0.000494331789230113,-2.6190709599982522,0.0006825426174794613,-0.10784305463538724,0.0008427504627819311,636800.0,0.0005,70.0,63680.0,0.008,31840.0,0.003,72
-2.511227905362865,0.000494331789230113,-2.701937402487497,0.0007613165188763012,-0.19070949712463214,0.0009077261479969465,636800.0,0.0005,70.0,63680.0,0.008,31840.0,0.003,52
-2.511227905362865,0.000494331789230113,-2.6012847640797,0.0006723108805231834,-0.09005685871683511,0.0008344853730972778,636800.0,0.0005,70.0,63680.0,0.008,31840.0,0.003,77
-2.5112279053628646,0.0004943317892301131,-2.644114980424813,0.000694356257137926,-0.1328870750619484,0.0008523464845179069,636800.0,0.0005,70.0,63680.0,0.008,31840.0,0.003,66
-2.511227905362865,0.000494331789230113,-2.6932629319140813,0.0007422136223134824,-0.18203502655121628,0.0008917650918213527,636800.0,0.0005,70.0,63680.0,0.008,31840.0,0.003,55
-2.511227905362865,0.000494331789230113,-2.5881987812935243,0.0005319191111712151,-0.07697087593065932,0.0007261555333897969,636800.0,0.0005,70.0,63680.0,0.008,31840.0,0.0015,88
-2.511227905362865,0.000494331789230113,-2.7145476008580123,0.0006993252459031311,-0.20331969549514728,0.0008563992745214814,636800.0,0.0005,70.0,63680.0,0.008,31840.0,0.0015,44
-2.511227905362865,0.000494331789230113,-2.6190709599982522,0.0005487449138022888,-0.10784305463538724,0.0007385694945415267,636800.0,0.0005,70.0,63680.0,0.008,31840.0,0.0015,72
-2.511227905362865,0.000494331789230113,-2.701937402487497,0.0006283454131905815,-0.19070949712463214,0.000799488509061317,636800.0,0.0005,70.0,63680.0,0.008,31840.0,0.0015,52
-2.511227905362865,0.0004943317892301131,-2.601284764079699,0.0005389253596741286,-0.09005685871683422,0.0007313032620899033,636800.0,0.0005,70.0,63680.0,0.008,31840.0,0.0015,77
-2.511227905362865,0.000494331789230113,-2.644114980424812,0.0005603633124185239,-0.13288707506194708,0.0007472422363250789,636800.0,0.0005,70.0,63680.0,0.008,31840.0,0.0015,66
-2.511227905362865,0.000494331789230113,-2.6932629319140813,0.0006089535793608374,-0.18203502655121628,0.000784339454356225,636800.0,0.0005,70.0,63680.0,0.008,31840.0,0.0015,55
2.511227905362865,0.0049433178923011314,2.5881987812935243,0.006722633564209002,0.07697087593065932,0.00834447085338393,636800.0,0.005,-70.0,63680.0,0.16,31840.0,0.03,88
2.511227905362865,0.0049433178923011314,2.7145476008580123,0.011016310182915077,0.20331969549514728,0.012074579985678298,636800.0,0.005,-70.0,63680.0,0.16,31840.0,0.03,44
2.511227905362865,0.0049433178923011314,2.6190709599982522,0.0071328942415589125,0.10784305463538724,0.008678396859190573,636800.0,0.005,-70.0,63680.0,0.16,31840.0,0.03,72
2.511227905362865,0.0049433178923011314,2.701937402487497,0.009174073137222228,0.19070949712463214,0.01042113284204011,636800.0,0.005,-70.0,63680.0,0.16,31840.0,0.03,52
2.511227905362865,0.0049433178923011314,2.6012847640797,0.0068945217104476875,0.09005685871683511,0.00848356183452322,636800.0,0.005,-70.0,63680.0,0.16,31840.0,0.03,77
2.511227905362865,0.0049433178923011314,2.644114980424812,0.007398488945465876,0.13288707506194708,0.008897979009894622,636800.0,0.005,-70.0,63680.0,0.16,31840.0,0.03,66
2.511227905362865,0.0049433178923011314,2.6932629319140813,0.008659124620903196,0.18203502655121628,0.009970798914062827,636800.0,0.005,-70.0,63680.0,0.16,31840.0,0.03,55
2.5112279053628646,0.0049433178923011314,2.5881987812935243,0.004914711494637914,0.07697087593065977,0.006970708777439389,636800.0,0.005,-70.0,63680.0,0.16,31840.0,0.003,88
2.511227905362865,0.0049433178923011314,2.7145476008580123,0.009732455095482019,0.20331969549514728,0.010915909214074584,636800.0,0.005,-70.0,63680.0,0.16,31840.0,0.003,44
2.511227905362865,0.0049433178923011314,2.6190709599982522,0.005397411010847869,0.10784305463538724,0.007319046208650846,636800.0,0.005,-70.0,63680.0,0.16,31840.0,0.003,72
2.511227905362865,0.0049433178923011314,2.701937402487497,0.007731236206914945,0.19070949712463214,0.009176513775473618,636800.0,0.005,-70.0,63680.0,0.16,31840.0,0.003,52
2.511227905362865,0.0049433178923011314,2.6012847640797,0.005119406985403546,0.09005685871683511,0.0071165103573692014,636800.0,0.005,-70.0,63680.0,0.16,31840.0,0.003,77
2.511227905362865,0.004943317892301131,2.6441149804248116,0.005704851220363855,0.13288707506194664,0.007548623664671027,636800.0,0.005,-70.0,63680.0,0.16,31840.0,0.003,66
2.511227905362865,0.0049433178923011314,2.6932629319140813,0.0071563236433659395,0.18203502655121628,0.00869766404691184,636800.0,0.005,-70.0,63680.0,0.16,31840.0,0.003,55
2.511227905362865,0.0049433178923011314,2.5881987812935243,0.004898469106096442,0.07697087593065932,0.006959266582602349,636800.0,0.005,-70.0,63680.0,0.16,31840.0,0.0015,88
2.511227905362865,0.0049433178923011314,2.7145476008580123,0.009722081879176725,0.20331969549514728,0.010906661627178177,636800.0,0.005,-70.0,63680.0,0.16,31840.0,0.0015,44
2.511227905362865,0.0049433178923011314,2.6190709599982522,0.005382128034130174,0.10784305463538724,0.007307783108447762,636800.0,0.005,-70.0,63680.0,0.16,31840.0,0.0015,72
2.511227905362865,0.0049433178923011314,2.701937402487497,0.007719276417092255,0.19070949712463214,0.00916643988622743,636800.0,0.005,-70.0,63680.0,0.16,31840.0,0.0015,52
2.511227905362865,0.0049433178923011314,2.6012847640797,0.005103603286446612,0.09005685871683511,0.007105150124365646,636800.0,0.005,-70.0,63680.0,0.16,31840.0,0.0015,77
2.511227905362865,0.0049433178923011314,2.644114980424812,0.005690097000628784,0.13288707506194708,0.007537479397047078,636800.0,0.005,-70.0,63680.0,0.16,31840.0,0.0015,66
2.511227905362865,0.0049433178923011314,2.6932629319140813,0.007143732322061498,0.18203502655121628,0.008687307020798255,636800.0,0.005,-70.0,63680.0,0.16,31840.0,0.0015,55
2.511227905362865,0.0049433178923011314,2.5881987812935243,0.006650770128142295,0.07697087593065932,0.008286684203089579,636800.0,0.005,-70.0,63680.0,0.08,31840.0,0.03,88
2.511227905362865,0.0049433178923011314,2.7145476008580123,0.008311810390725455,0.20331969549514728,0.009670707510607284,636800.0,0.005,-70.0,63680.0,0.08,31840.0,0.03,44
2.5112279053628646,0.0049433178923011314,2.6190709599982522,0.0068254261747946,0.10784305463538768,0.008427504627819302,636800.0,0.005,-70.0,63680.0,0.08,31840.0,0.03,72
2.511227905362865,0.0049433178923011314,2.701937402487497,0.007613165188763008,0.19070949712463214,0.009077261479969461,636800.0,0.005,-70.0,63680.0,0.08,31840.0,0.03,52
2.511227905362865,0.0049433178923011314,2.6012847640797,0.006723108805231821,0.09005685871683511,0.008344853730972768,636800.0,0.005,-70.0,63680.0,0.08,31840.0,0.03,77
2.511227905362865,0.0049433178923011314,2.644114980424812,0.00694356257137926,0.13288707506194708,0.00852346484517907,636800.0,0.005,-70.0,63680.0,0.08,31840.0,0.03,66
2.511227905362865,0.0049433178923011314,2.6932629319140813,0.007422136223134787,0.18203502655121628,0.008917650918213496,636800.0,0.005,-70.0,63680.0,0.08,31840.0,0.03,55
2.511227905362865,0.004943317892301131,2.5881987812935234,0.004815945424762033,0.07697087593065843,0.0069014289910590875,636800.0,0.005,-70.0,63680.0,0.08,31840.0,0.003,88
2.511227905362865,0.0049433178923011314,2.7145476008580123,0.00651519639847854,0.20331969549514728,0.00817827462825089,636800.0,0.005,-70.0,63680.0,0.08,31840.0,0.003,44
2.511227905362865,0.0049433178923011314,2.6190709599982522,0.004984005199267904,0.10784305463538724,0.007019736434558921,636800.0,0.005,-70.0,63680.0,0.08,31840.0,0.003,72
2.511227905362865,0.0049433178923011314,2.701937402487497,0.0057938484232333085,0.19070949712463214,0.00761610604808964,636800.0,0.005,-70.0,63680.0,0.08,31840.0,0.003,52
2.511227905362865,0.0049433178923011314,2.6012847640797,0.0048861119792069675,0.09005685871683511,0.0069505742250330895,636800.0,0.005,-70.0,63680.0,0.08,31840.0,0.003,77
2.511227905362865,0.0049433178923011314,2.644114980424812,0.0051010538080836125,0.13288707506194708,0.0071033190648674095,636800.0,0.005,-70.0,63680.0,0.08,31840.0,0.003,66
2.511227905362865,0.0049433178923011314,2.6932629319140813,0.005596484164458547,0.18203502655121628,0.007467062795194626,636800.0,0.005,-70.0,63680.0,0.08,31840.0,0.003,55
2.511227905362865,0.0049433178923011314,2.5881987812935243,0.00479936879622119,0.07697087593065932,0.006889871742382882,636800.0,0.005,-70.0,63680.0,0.08,31840.0,0.0015,88
2.511227905362865,0.0049433178923011314,2.7145476008580123,0.006499690607297521,0.20331969549514728,0.008165927367723529,636800.0,0.005,-70.0,63680.0,0.08,31840.0,0.0015,44
2.511227905362865,0.0049433178923011314,2.6190709599982522,0.0049674504911551625,0.10784305463538724,0.007007992306390052,636800.0,0.005,-70.0,63680.0,0.08,31840.0,0.0015,72
2.5112279053628646,0.0049433178923011314,2.701937402487497,0.005777879772699213,0.1907094971246326,0.0076039651795698805,636800.0,0.005,-70.0,63680.0,0.08,31840.0,0.0015,52
2.511227905362865,0.0049433178923011314,2.6012847640797,0.004869551200735019,0.09005685871683511,0.006938942331575063,636800.0,0.005,-70.0,63680.0,0.08,31840.0,0.0015,77
2.511227905362865,0.0049433178923011314,2.644114980424812,0.005084547805168352,0.13288707506194708,0.007091475034672745,636800.0,0.005,-70.0,63680.0,0.08,31840.0,0.0015,66
2.511227905362865,0.0049433178923011314,2.6932629319140813,0.0055803743963737705,0.18203502655121628,0.007454996323811865,636800.0,0.005,-70.0,63680.0,0.08,31840.0,0.0015,55
2.511227905362865,0.0049433178923011314,2.5881987812935243,0.006626884178313425,0.07697087593065932,0.008267525971965574,636800.0,0.005,-70.0,63680.0,0.008,31840.0,0.03,88
2.511227905362865,0.0049433178923011314,2.7145476008580123,0.007199731634351319,0.20331969549514728,0.008733414417684736,636800.0,0.005,-70.0,63680.0,0.008,31840.0,0.03,44
2.511227905362865,0.004943317892301131,2.6190709599982513,0.006720875612273488,0.10784305463538635,0.008343054643234517,636800.0,0.005,-70.0,63680.0,0.008,31840.0,0.03,72
2.511227905362865,0.0049433178923011314,2.701937402487497,0.007022334658687857,0.19070949712463214,0.008587757323245295,636800.0,0.005,-70.0,63680.0,0.008,31840.0,0.03,52
2.511227905362865,0.0049433178923011314,2.6012847640797,0.006665575263701237,0.09005685871683511,0.008298571285493082,636800.0,0.005,-70.0,63680.0,0.008,31840.0,0.03,77
2.511227905362865,0.0049433178923011314,2.644114980424812,0.006786748161660081,0.13288707506194708,0.00839621000178896,636800.0,0.005,-70.0,63680.0,0.008,31840.0,0.03,66
2.511227905362865,0.0049433178923011314,2.6932629319140813,0.006965890911903122,0.18203502655121628,0.008541664239530785,636800.0,0.005,-70.0,63680.0,0.008,31840.0,0.03,55
2.511227905362865,0.0049433178923011314,2.5881987812935243,0.0047829050742908595,0.07697087593065932,0.00687841353322274,636800.0,0.005,-70.0,63680.0,0.008,31840.0,0.003,88
2.511227905362865,0.0049433178923011314,2.7145476008580123,0.005019733832192229,0.20331969549514728,0.007045148652115141,636800.0,0.005,-70.0,63680.0,0.008,31840.0,0.003,44
2.511227905362865,0.0049433178923011314,2.6190709599982522,0.0048398382570506455,0.10784305463538724,0.006918123021366094,636800.0,0.005,-70.0,63680.0,0.008,31840.0,0.003,72
2.511227905362865,0.0049433178923011314,2.701937402487497,0.0049921517824099634,0.19070949712463214,0.007025522841964394,636800.0,0.005,-70.0,63680.0,0.008,31840.0,0.003,52
2.511227905362865,0.0049433178923011314,2.6012847640797,0.004806640392460178,0.09005685871683511,0.006894938987893528,636800.0,0.005,-70.0,63680.0,0.008,31840.0,0.003,77
2.511227905362865,0.0049433178923011314,2.644114980424812,0.00488545180920883,0.13288707506194708,0.006950110154842607,636800.0,0.005,-70.0,63680.0,0.008,31840.0,0.003,66
2.5112279053628646,0.0049433178923011314,2.6932629319140813,0.0049755567612880984,0.18203502655121673,0.007013740576122288,636800.0,0.005,-70.0,63680.0,0.008,31840.0,0.003,55
2.511227905362865,0.0049433178923011314,2.5881987812935243,0.00476621353461346,0.07697087593065932,0.006866817548317199,636800.0,0.005,-70.0,63680.0,0.008,31840.0,0.0015,88
2.511227905362865,0.0049433178923011314,2.7145476008580123,0.004999592145955411,0.20331969549514728,0.007030811717735267,636800.0,0.005,-70.0,63680.0,0.008,31840.0,0.0015,44
2.511227905362865,0.0049433178923011314,2.6190709599982522,0.004822788706771135,0.10784305463538724,0.006906206099915039,636800.0,0.005,-70.0,63680.0,0.008,31840.0,0.0015,72
2.511227905362865,0.0049433178923011314,2.701937402487497,0.004973609809281653,0.19070949712463214,0.0070123595400783025,636800.0,0.005,-70.0,63680.0,0.008,31840.0,0.0015,52
2.511227905362865,0.004943317892301131,2.601284764079699,0.004789804848389942,0.09005685871683422,0.006883213077480914,636800.0,0.005,-70.0,63680.0,0.008,31840.0,0.0015,77
2.511227905362865,0.0049433178923011314,2.644114980424812,0.00486821484839976,0.13288707506194708,0.006938004583057321,636800.0,0.005,-70.0,63680.0,0.008,31840.0,0.0015,66
2.511227905362865,0.0049433178923011314,2.6932629319140813,0.004957429624862904,0.18203502655121628,0.007000892819477587,636800.0,0.005,-70.0,63680.0,0.008,31840.0,0.0015,55
1.076240530869799,0.0049433178923011314,1.1092280491257953,0.006722633564209009,0.03298751825599622,0.008344470853383936,636800.0,0.005,-30.0,63680.0,0.16,31840.0,0.03,88
1.076240530869799,0.0049433178923011314,1.1633775432248619,0.011016310182915028,0.08713701235506277,0.012074579985678253,636800.0,0.005,-30.0,63680.0,0.16,31840.0,0.03,44
1.076240530869799,0.0049433178923011314,1.1224589828563936,0.007132894241558875,0.046218451986594467,0.008678396859190541,636800.0,0.005,-30.0,63680.0,0.16,31840.0,0.03,72
1.076240530869799,0.0049433178923011314,1.1579731724946412,0.009174073137222202,0.08173264162484206,0.010421132842040088,636800.0,0.005,-30.0,63680.0,0.16,31840.0,0.03,52
1.076240530869799,0.0049433178923011314,1.1148363274627284,0.00689452171044769,0.03859579659292933,0.008483561834523224,636800.0,0.005,-30.0,63680.0,0.16,31840.0,0.03,77
1.076240530869799,0.0049433178923011314,1.1331921344677762,0.007398488945465953,0.05695160359797713,0.008897979009894686,636800.0,0.005,-30.0,63680.0,0.16,31840.0,0.03,66
1.076240530869799,0.0049433178923011314,1.1542555422488914,0.008659124620903215,0.07801501137909228,0.00997079891406284,636800.0,0.005,-30.0,63680.0,0.16,31840.0,0.03,55
1.076240530869799,0.0049433178923011314,1.1092280491257953,0.0049147114946379135,0.03298751825599622,0.006970708777439388,636800.0,0.005,-30.0,63680.0,0.16,31840.0,0.003,88
1.076240530869799,0.0049433178923011314,1.1633775432248619,0.00973245509548206,0.08713701235506277,0.01091590921407462,636800.0,0.005,-30.0,63680.0,0.16,31840.0,0.003,44
1.076240530869799,0.0049433178923011314,1.1224589828563936,0.005397411010847863,0.046218451986594467,0.0073190462086508415,636800.0,0.005,-30.0,63680.0,0.16,31840.0,0.003,72
1.076240530869799,0.0049433178923011314,1.1579731724946412,0.007731236206914929,0.08173264162484206,0.009176513775473604,636800.0,0.005,-30.0,63680.0,0.16,31840.0,0.003,52
1.076240530869799,0.0049433178923011314,1.1148363274627284,0.005119406985403549,0.03859579659292933,0.007116510357369203,636800.0,0.005,-30.0,63680.0,0.16,31840.0,0.003,77
1.076240530869799,0.0049433178923011314,1.1331921344677762,0.005704851220363844,0.05695160359797713,0.00754862366467102,636800.0,0.005,-30.0,63680.0,0.16,31840.0,0.003,66
1.076240530869799,0.0049433178923011314,1.1542555422488914,0.007156323643365927,0.07801501137909228,0.008697664046911831,636800.0,0.005,-30.0,63680.0,0.16,31840.0,0.003,55
1.076240530869799,0.004943317892301131,1.1092280491257953,0.0048984691060964475,0.03298751825599622,0.006959266582602352,636800.0,0.005,-30.0,63680.0,0.16,31840.0,0.0015,88
1.076240530869799,0.0049433178923011314,1.1633775432248619,0.009722081879176763,0.08713701235506277,0.010906661627178212,636800.0,0.005,-30.0,63680.0,0.16,31840.0,0.0015,44
1.076240530869799,0.0049433178923011314,1.1224589828563936,0.005382128034130176,0.046218451986594467,0.007307783108447763,636800.0,0.005,-30.0,63680.0,0.16,31840.0,0.0015,72
1.076240530869799,0.0049433178923011314,1.1579731724946412,0.007719276417092219,0.08173264162484206,0.009166439886227399,636800.0,0.005,-30.0,63680.0,0.16,31840.0,0.0015,52
1.076240530869799,0.0049433178923011314,1.1148363274627284,0.005103603286446613,0.03859579659292933,0.0071051501243656464,636800.0,0.005,-30.0,63680.0,0.16,31840.0,0.0015,77
1.076240530869799,0.0049433178923011314,1.1331921344677762,0.005690097000628823,0.05695160359797713,0.007537479397047108,636800.0,0.005,-30.0,63680.0,0.16,31840.0,0.0015,66
1.076240530869799,0.0049433178923011314,1.1542555422488914,0.007143732322061491,0.07801501137909228,0.00868730702079825,636800.0,0.005,-30.0,63680.0,0.16,31840.0,0.0015,55
1.076240530869799,0.0049433178923011314,1.1092280491257953,0.00665077012814227,0.03298751825599622,0.008286684203089558,636800.0,0.005,-30.0,63680.0,0.08,31840.0,0.03,88
1.076240530869799,0.0049433178923011314,1.1633775432248619,0.00831181039072543,0.08713701235506277,0.009670707510607264,636800.0,0.005,-30.0,63680.0,0.08,31840.0,0.03,44
1.076240530869799,0.0049433178923011314,1.1224589828563936,0.006825426174794648,0.046218451986594467,0.00842750462781934,636800.0,0.005,-30.0,63680.0,0.08,31840.0,0.03,72
1.076240530869799,0.0049433178923011314,1.1579731724946412,0.007613165188763052,0.08173264162484206,0.009077261479969498,636800.0,0.005,-30.0,63680.0,0.08,31840.0,0.03,52
1.076240530869799,0.0049433178923011314,1.1148363274627282,0.006723108805231837,0.03859579659292911,0.008344853730972782,636800.0,0.005,-30.0,63680.0,0.08,31840.0,0.03,77
1.076240530869799,0.0049433178923011314,1.1331921344677762,0.006943562571379271,0.05695160359797713,0.008523464845179077,636800.0,0.005,-30.0,63680.0,0.08,31840.0,0.03,66
1.076240530869799,0.0049433178923011314,1.1542555422488914,0.007422136223134822,0.07801501137909228,0.008917650918213525,636800.0,0.005,-30.0,63680.0,0.08,31840.0,0.03,55
1.076240530869799,0.0049433178923011314,1.1092280491257953,0.004815945424762032,0.03298751825599622,0.006901428991059087,636800.0,0.005,-30.0,63680.0,0.08,31840.0,0.003,88
1.076240530869799,0.0049433178923011314,1.1633775432248619,0.006515196398478537,0.08713701235506277,0.008178274628250886,636800.0,0.005,-30.0,63680.0,0.08,31840.0,0.003,44
1.076240530869799,0.0049433178923011314,1.1224589828563936,0.004984005199267901,0.046218451986594467,0.007019736434558919,636800.0,0.005,-30.0,63680.0,0.08,31840.0,0.003,72
1.076240530869799,0.004943317892301131,1.157973172494641,0.005793848423233314,0.08173264162484184,0.0076161060480896435,636800.0,0.005,-30.0,63680.0,0.08,31840.0,0.003,52
1.076240530869799,0.0049433178923011314,1.1148363274627284,0.004886111979206968,0.03859579659292933,0.0069505742250330895,636800.0,0.005,-30.0,63680.0,0.08,31840.0,0.003,77
1.076240530869799,0.0049433178923011314,1.1331921344677762,0.005101053808083611,0.05695160359797713,0.0071033190648674095,636800.0,0.005,-30.0,63680.0,0.08,31840.0,0.003,66
1.076240530869799,0.0049433178923011314,1.1542555422488914,0.005596484164458541,0.07801501137909228,0.007467062795194622,636800.0,0.005,-30.0,63680.0,0.08,31840.0,0.003,55
1.076240530869799,0.0049433178923011314,1.1092280491257953,0.004799368796221189,0.03298751825599622,0.006889871742382881,636800.0,0.005,-30.0,63680.0,0.08,31840.0,0.0015,88
1.076240530869799,0.0049433178923011314,1.1633775432248619,0.0064996906072975055,0.08713701235506277,0.008165927367723516,636800.0,0.005,-30.0,63680.0,0.08,31840.0,0.0015,44
1.076240530869799,0.0049433178923011314,1.1224589828563936,0.0049674504911551625,0.046218451986594467,0.0070079923063900516,636800.0,0.005,-30.0,63680.0,0.08,31840.0,0.0015,72
1.076240530869799,0.0049433178923011314,1.1579731724946412,0.005777879772699223,0.08173264162484206,0.007603965179569888,636800.0,0.005,-30.0,63680.0,0.08,31840.0,0.0015,52
1.076240530869799,0.0049433178923011314,1.1148363274627284,0.004869551200735019,0.03859579659292933,0.006938942331575063,636800.0,0.005,-30.0,63680.0,0.08,31840.0,0.0015,77
1.076240530869799,0.0049433178923011314,1.1331921344677762,0.005084547805168359,0.05695160359797713,0.00709147503467275,636800.0,0.005,-30.0,63680.0,0.08,31840.0,0.0015,66
1.076240530869799,0.0049433178923011314,1.1542555422488914,0.005580374396373771,0.07801501137909228,0.0074549963238118655,636800.0,0.005,-30.0,63680.0,0.08,31840.0,0.0015,55
1.076240530869799,0.0049433178923011314,1.1092280491257953,0.006626884178313414,0.03298751825599622,0.008267525971965565,636800.0,0.005,-30.0,63680.0,0.008,31840.0,0.03,88
1.076240530869799,0.0049433178923011314,1.1633775432248619,0.007199731634351318,0.08713701235506277,0.008733414417684734,636800.0,0.005,-30.0,63680.0,0.008,31840.0,0.03,44
1.076240530869799,0.0049433178923011314,1.1224589828563936,0.006720875612273523,0.046218451986594467,0.008343054643234545,636800.0,0.005,-30.0,63680.0,0.008,31840.0,0.03,72
1.076240530869799,0.0049433178923011314,1.1579731724946412,0.007022334658687883,0.08173264162484206,0.008587757323245316,636800.0,0.005,-30.0,63680.0,0.008,31840.0,0.03,52
1.076240530869799,0.0049433178923011314,1.1148363274627284,0.0066655752637012665,0.03859579659292933,0.008298571285493106,636800.0,0.005,-30.0,63680.0,0.008,31840.0,0.03,77
1.076240530869799,0.0049433178923011314,1.1331921344677762,0.006786748161660077,0.05695160359797713,0.008396210001788957,636800.0,0.005,-30.0,63680.0,0.008,31840.0,0.03,66
1.076240530869799,0.0049433178923011314,1.1542555422488914,0.00696589091190311,0.07801501137909228,0.008541664239530775,636800.0,0.005,-30.0,63680.0,0.008,31840.0,0.03,55
1.076240530869799,0.004943317892301131,1.1092280491257953,0.004782905074290861,0.03298751825599622,0.006878413533222742,636800.0,0.005,-30.0,63680.0,0.008,31840.0,0.003,88
1.076240530869799,0.0049433178923011314,1.1633775432248619,0.005019733832192228,0.08713701235506277,0.00704514865211514,636800.0,0.005,-30.0,63680.0,0.008,31840.0,0.003,44
1.076240530869799,0.0049433178923011314,1.1224589828563936,0.0048398382570506455,0.046218451986594467,0.006918123021366094,636800.0,0.005,-30.0,63680.0,0.008,31840.0,0.003,72
1.076240530869799,0.0049433178923011314,1.1579731724946412,0.004992151782409963,0.08173264162484206,0.007025522841964394,636800.0,0.005,-30.0,63680.0,0.008,31840.0,0.003,52
1.076240530869799,0.0049433178923011314,1.1148363274627284,0.004806640392460178,0.03859579659292933,0.006894938987893528,636800.0,0.005,-30.0,63680.0,0.008,31840.0,0.003,77
1.076240530869799,0.0049433178923011314,1.1331921344677762,0.00488545180920883,0.05695160359797713,0.006950110154842607,636800.0,0.005,-30.0,63680.0,0.008,31840.0,0.003,66
1.076240530869799,0.0049433178923011314,1.1542555422488914,0.004975556761288094,0.07801501137909228,0.007013740576122285,636800.0,0.005,-30.0,63680.0,0.008,31840.0,0.003,55
1.076240530869799,0.0049433178923011314,1.1092280491257953,0.00476621353461346,0.03298751825599622,0.006866817548317199,636800.0,0.005,-30.0,63680.0,0.008,31840.0,0.0015,88
1.076240530869799,0.0049433178923011314,1.1633775432248619,0.004999592145955407,0.08713701235506277,0.007030811717735264,636800.0,0.005,-30.0,63680.0,0.008,31840.0,0.0015,44
1.076240530869799,0.0049433178923011314,1.1224589828563936,0.004822788706771135,0.046218451986594467,0.006906206099915039,636800.0,0.005,-30.0,63680.0,0.008,31840.0,0.0015,72
1.076240530869799,0.0049433178923011314,1.1579731724946412,0.004973609809281653,0.08173264162484206,0.0070123595400783025,636800.0,0.005,-30.0,63680.0,0.008,31840.0,0.0015,52
1.076240530869799,0.0049433178923011314,1.1148363274627284,0.004789804848389939,0.03859579659292933,0.006883213077480913,636800.0,0.005,-30.0,63680.0,0.008,31840.0,0.0015,77
1.076240530869799,0.0049433178923011314,1.1331921344677762,0.004868214848399761,0.05695160359797713,0.006938004583057322,636800.0,0.005,-30.0,63680.0,0.008,31840.0,0.0015,66
1.076240530869799,0.0049433178923011314,1.1542555422488914,0.004957429624862904,0.07801501137909228,0.007000892819477587,636800.0,0.005,-30.0,63680.0,0.008,31840.0,0.0015,55
0.0,0.0049433178923011314,0.0,0.006722633564208997,0.0,0.008344470853383926,636800.0,0.005,0.0,63680.0,0.16,31840.0,0.03,88
0.0,0.0049433178923011314,0.0,0.011016310182915058,0.0,0.012074579985678279,636800.0,0.005,0.0,63680.0,0.16,31840.0,0.03,44
0.0,0.004943317892301131,0.0,0.00713289424155887,0.0,0.008678396859190538,636800.0,0.005,0.0,63680.0,0.16,31840.0,0.03,72
0.0,0.0049433178923011314,0.0,0.009174073137222228,0.0,0.01042113284204011,636800.0,0.005,0.0,63680.0,0.16,31840.0,0.03,52
0.0,0.0049433178923011314,0.0,0.006894521710447698,0.0,0.008483561834523229,636800.0,0.005,0.0,63680.0,0.16,31840.0,0.03,77
0.0,0.0049433178923011314,0.0,0.0073984889454659095,0.0,0.00889797900989465,636800.0,0.005,0.0,63680.0,0.16,31840.0,0.03,66
0.0,0.0049433178923011314,0.0,0.00865912462090322,0.0,0.009970798914062846,636800.0,0.005,0.0,63680.0,0.16,31840.0,0.03,55
0.0,0.0049433178923011314,0.0,0.004914711494637914,0.0,0.006970708777439388,636800.0,0.005,0.0,63680.0,0.16,31840.0,0.003,88
0.0,0.0049433178923011314,0.0,0.009732455095481974,0.0,0.010915909214074544,636800.0,0.005,0.0,63680.0,0.16,31840.0,0.003,44
0.0,0.0049433178923011314,0.0,0.00539741101084786,0.0,0.00731904620865084,636800.0,0.005,0.0,63680.0,0.16,31840.0,0.003,72
0.0,0.0049433178923011314,0.0,0.007731236206914953,0.0,0.009176513775473625,636800.0,0.005,0.0,63680.0,0.16,31840.0,0.003,52
0.0,0.0049433178923011314,0.0,0.0051194069854035495,0.0,0.007116510357369204,636800.0,0.005,0.0,63680.0,0.16,31840.0,0.003,77
0.0,0.0049433178923011314,0.0,0.005704851220363853,0.0,0.007548623664671027,636800.0,0.005,0.0,63680.0,0.16,31840.0,0.003,66
0.0,0.0049433178923011314,0.0,0.007156323643365889,0.0,0.0086976640469118,636800.0,0.005,0.0,63680.0,0.16,31840.0,0.003,55
0.0,0.0049433178923011314,0.0,0.004898469106096446,0.0,0.006959266582602351,636800.0,0.005,0.0,63680.0,0.16,31840.0,0.0015,88
0.0,0.0049433178923011314,0.0,0.009722081879176748,0.0,0.010906661627178198,636800.0,0.005,0.0,63680.0,0.16,31840.0,0.0015,44
0.0,0.0049433178923011314,0.0,0.005382128034130183,0.0,0.007307783108447768,636800.0,0.005,0.0,63680.0,0.16,31840.0,0.0015,72
0.0,0.0049433178923011314,0.0,0.0077192764170922286,0.0,0.009166439886227408,636800.0,0.005,0.0,63680.0,0.16,31840.0,0.0015,52
0.0,0.004943317892301131,0.0,0.005103603286446622,0.0,0.0071051501243656525,636800.0,0.005,0.0,63680.0,0.16,31840.0,0.0015,77
0.0,0.0049433178923011314,0.0,0.005690097000628819,0.0,0.007537479397047104,636800.0,0.005,0.0,63680.0,0.16,31840.0,0.0015,66
0.0,0.0049433178923011314,0.0,0.007143732322061516,0.0,0.00868730702079827,636800.0,0.005,0.0,63680.0,0.16,31840.0,0.0015,55
0.0,0.0049433178923011314,0.0,0.006650770128142234,0.0,0.00828668420308953,636800.0,0.005,0.0,63680.0,0.08,31840.0,0.03,88
0.0,0.0049433178923011314,0.0,0.00831181039072547,0.0,0.009670707510607297,636800.0,0.005,0.0,63680.0,0.08,31840.0,0.03,44
0.0,0.0049433178923011314,0.0,0.006825426174794613,0.0,0.008427504627819311,636800.0,0.005,0.0,63680.0,0.08,31840.0,0.03,72
0.0,0.0049433178923011314,0.0,0.00761316518876303,0.0,0.00907726147996948,636800.0,0.005,0.0,63680.0,0.08,31840.0,0.03,52
0.0,0.0049433178923011314,0.0,0.006723108805231829,0.0,0.008344853730972776,636800.0,0.005,0.0,63680.0,0.08,31840.0,0.03,77
0.0,0.0049433178923011314,0.0,0.006943562571379262,0.0,0.008523464845179072,636800.0,0.005,0.0,63680.0,0.08,31840.0,0.03,66
0.0,0.0049433178923011314,0.0,0.0074221362231348155,0.0,0.00891765091821352,636800.0,0.005,0.0,63680.0,0.08,31840.0,0.03,55
0.0,0.0049433178923011314,0.0,0.004815945424762032,0.0,0.0069014289910590875,636800.0,0.005,0.0,63680.0,0.08,31840.0,0.003,88
0.0,0.0049433178923011314,0.0,0.00651519639847854,0.0,0.00817827462825089,636800.0,0.005,0.0,63680.0,0.08,31840.0,0.003,44
0.0,0.0049433178923011314,0.0,0.0049840051992679065,0.0,0.007019736434558923,636800.0,0.005,0.0,63680.0,0.08,31840.0,0.003,72
0.0,0.0049433178923011314,0.0,0.005793848423233299,0.0,0.007616106048089632,636800.0,0.005,0.0,63680.0,0.08,31840.0,0.003,52
0.0,0.0049433178923011314,0.0,0.004886111979206969,0.0,0.00695057422503309,636800.0,0.005,0.0,63680.0,0.08,31840.0,0.003,77
0.0,0.0049433178923011314,0.0,0.005101053808083612,0.0,0.0071033190648674095,636800.0,0.005,0.0,63680.0,0.08,31840.0,0.003,66
0.0,0.004943317892301131,0.0,0.0055964841644585515,0.0,0.007467062795194628,636800.0,0.005,0.0,63680.0,0.08,31840.0,0.003,55
0.0,0.0049433178923011314,0.0,0.004799368796221189,0.0,0.006889871742382881,636800.0,0.005,0.0,63680.0,0.08,31840.0,0.0015,88
0.0,0.0049433178923011314,0.0,0.00649969060729749,0.0,0.008165927367723504,636800.0,0.005,0.0,63680.0,0.08,31840.0,0.0015,44
0.0,0.0049433178923011314,0.0,0.004967450491155161,0.0,0.007007992306390051,636800.0,0.005,0.0,63680.0,0.08,31840.0,0.0015,72
0.0,0.0049433178923011314,0.0,0.005777879772699218,0.0,0.007603965179569884,636800.0,0.005,0.0,63680.0,0.08,31840.0,0.0015,52
0.0,0.0049433178923011314,0.0,0.004869551200735019,0.0,0.006938942331575063,636800.0,0.005,0.0,63680.0,0.08,31840.0,0.0015,77
0.0,0.0049433178923011314,0.0,0.005084547805168359,0.0,0.00709147503467275,636800.0,0.005,0.0,63680.0,0.08,31840.0,0.0015,66
0.0,0.0049433178923011314,0.0,0.00558037439637377,0.0,0.007454996323811865,636800.0,0.005,0.0,63680.0,0.08,31840.0,0.0015,55
0.0,0.0049433178923011314,0.0,0.006626884178313425,0.0,0.008267525971965574,636800.0,0.005,0.0,63680.0,0.008,31840.0,0.03,88
0.0,0.0049433178923011314,0.0,0.0071997316343513276,0.0,0.008733414417684743,636800.0,0.005,0.0,63680.0,0.008,31840.0,0.03,44
0.0,0.0049433178923011314,0.0,0.006720875612273544,0.0,0.008343054643234562,636800.0,0.005,0.0,63680.0,0.008,31840.0,0.03,72
0.0,0.0049433178923011314,0.0,0.0070223346586877995,0.0,0.008587757323245248,636800.0,0.005,0.0,63680.0,0.008,31840.0,0.03,52
0.0,0.0049433178923011314,0.0,0.006665575263701211,0.0,0.008298571285493063,636800.0,0.005,0.0,63680.0,0.008,31840.0,0.03,77
0.0,0.0049433178923011314,0.0,0.006786748161660121,0.0,0.008396210001788992,636800.0,0.005,0.0,63680.0,0.008,31840.0,0.03,66
0.0,0.0049433178923011314,0.0,0.0069658909119031266,0.0,0.008541664239530787,636800.0,0.005,0.0,63680.0,0.008,31840.0,0.03,55
0.0,0.0049433178923011314,0.0,0.0047829050742908595,0.0,0.00687841353322274,636800.0,0.005,0.0,63680.0,0.008,31840.0,0.003,88
0.0,0.004943317892301131,0.0,0.00501973383219223,0.0,0.007045148652115141,636800.0,0.005,0.0,63680.0,0.008,31840.0,0.003,44
0.0,0.0049433178923011314,0.0,0.0048398382570506455,0.0,0.006918123021366094,636800.0,0.005,0.0,63680.0,0.008,31840.0,0.003,72
0.0,0.0049433178923011314,0.0,0.004992151782409963,0.0,0.007025522841964394,636800.0,0.005,0.0,63680.0,0.008,31840.0,0.003,52
0.0,0.0049433178923011314,0.0,0.004806640392460178,0.0,0.006894938987893528,636800.0,0.005,0.0,63680.0,0.008,31840.0,0.003,77
0.0,0.0049433178923011314,0.0,0.004885451809208831,0.0,0.006950110154842607,636800.0,0.005,0.0,63680.0,0.008,31840.0,0.003,66
0.0,0.0049433178923011314,0.0,0.004975556761288094,0.0,0.007013740576122285,636800.0,0.005,0.0,63680.0,0.008,31840.0,0.003,55
0.0,0.0049433178923011314,0.0,0.00476621353461346,0.0,0.006866817548317199,636800.0,0.005,0.0,63680.0,0.008,31840.0,0.0015,88
0.0,0.0049433178923011314,0.0,0.004999592145955411,0.0,0.007030811717735267,636800.0,0.005,0.0,63680.0,0.008,31840.0,0.0015,44
0.0,0.0049433178923011314,0.0,0.004822788706771135,0.0,0.006906206099915039,636800.0,0.005,0.0,63680.0,0.008,31840.0,0.0015,72
0.0,0.0049433178923011314,0.0,0.0049736098092816525,0.0,0.0070123595400783025,636800.0,0.005,0.0,63680.0,0.008,31840.0,0.0015,52
0.0,0.0049433178923011314,0.0,0.004789804848389939,0.0,0.006883213077480913,636800.0,0.005,0.0,63680.0,0.008,31840.0,0.0015,77
0.0,0.0049433178923011314,0.0,0.004868214848399761,0.0,0.006938004583057322,636800.0,0.005,0.0,63680.0,0.008,31840.0,0.0015,66
0.0,0.0049433178923011314,0.0,0.004957429624862904,0.0,0.007000892819477587,636800.0,0.005,0.0,63680.0,0.008,31840.0,0.0015,55
-1.076240530869799,0.0049433178923011314,-1.1092280491257953,0.00672263356420901,-0.03298751825599622,0.008344470853383936,636800.0,0.005,30.0,63680.0,0.16,31840.0,0.03,88
-1.076240530869799,0.0049433178923011314,-1.1633775432248619,0.011016310182914987,-0.08713701235506277,0.012074579985678215,636800.0,0.005,30.0,63680.0,0.16,31840.0,0.03,44
-1.076240530869799,0.0049433178923011314,-1.1224589828563936,0.00713289424155891,-0.046218451986594467,0.008678396859190569,636800.0,0.005,30.0,63680.0,0.16,31840.0,0.03,72
-1.076240530869799,0.004943317892301131,-1.157973172494641,0.00917407313722222,-0.08173264162484184,0.010421132842040102,636800.0,0.005,30.0,63680.0,0.16,31840.0,0.03,52
-1.076240530869799,0.0049433178923011314,-1.1148363274627284,0.006894521710447702,-0.03859579659292933,0.008483561834523234,636800.0,0.005,30.0,63680.0,0.16,31840.0,0.03,77
-1.076240530869799,0.0049433178923011314,-1.1331921344677762,0.007398488945465945,-0.05695160359797713,0.008897979009894679,636800.0,0.005,30.0,63680.0,0.16,31840.0,0.03,66
-1.076240530869799,0.0049433178923011314,-1.1542555422488914,0.008659124620903213,-0.07801501137909228,0.00997079891406284,636800.0,0.005,30.0,63680.0,0.16,31840.0,0.03,55
-1.076240530869799,0.0049433178923011314,-1.1092280491257953,0.004914711494637913,-0.03298751825599622,0.006970708777439387,636800.0,0.005,30.0,63680.0,0.16,31840.0,0.003,88
-1.076240530869799,0.0049433178923011314,-1.1633775432248619,0.009732455095482,-0.08713701235506277,0.010915909214074569,636800.0,0.005,30.0,63680.0,0.16,31840.0,0.003,44
-1.076240530869799,0.0049433178923011314,-1.1224589828563936,0.0053974110108478655,-0.046218451986594467,0.007319046208650842,636800.0,0.005,30.0,63680.0,0.16,31840.0,0.003,72
-1.076240530869799,0.0049433178923011314,-1.1579731724946412,0.007731236206914945,-0.08173264162484206,0.009176513775473618,636800.0,0.005,30.0,63680.0,0.16,31840.0,0.003,52
-1.076240530869799,0.0049433178923011314,-1.1148363274627284,0.005119406985403548,-0.03859579659292933,0.007116510357369203,636800.0,0.005,30.0,63680.0,0.16,31840.0,0.003,77
-1.076240530869799,0.0049433178923011314,-1.1331921344677762,0.00570485122036386,-0.05695160359797713,0.007548623664671033,636800.0,0.005,30.0,63680.0,0.16,31840.0,0.003,66
-1.076240530869799,0.0049433178923011314,-1.1542555422488914,0.007156323643365893,-0.07801501137909228,0.008697664046911802,636800.0,0.005,30.0,63680.0,0.16,31840.0,0.003,55
-1.076240530869799,0.0049433178923011314,-1.1092280491257953,0.004898469106096446,-0.03298751825599622,0.006959266582602351,636800.0,0.005,30.0,63680.0,0.16,31840.0,0.0015,88
-1.076240530869799,0.0049433178923011314,-1.1633775432248619,0.00972208187917679,-0.08713701235506277,0.010906661627178234,636800.0,0.005,30.0,63680.0,0.16,31840.0,0.0015,44
-1.076240530869799,0.0049433178923011314,-1.1224589828563936,0.005382128034130186,-0.046218451986594467,0.00730778310844777,636800.0,0.005,30.0,63680.0,0.16,31840.0,0.0015,72
-1.076240530869799,0.0049433178923011314,-1.1579731724946412,0.007719276417092234,-0.08173264162484206,0.009166439886227411,636800.0,0.005,30.0,63680.0,0.16,31840.0,0.0015,52
-1.076240530869799,0.0049433178923011314,-1.1148363274627284,0.005103603286446613,-0.03859579659292933,0.0071051501243656464,636800.0,0.005,30.0,63680.0,0.16,31840.0,0.0015,77
-1.076240530869799,0.004943317892301131,-1.1331921344677762,0.005690097000628822,-0.05695160359797713,0.007537479397047106,636800.0,0.005,30.0,63680.0,0.16,31840.0,0.0015,66
-1.076240530869799,0.0049433178923011314,-1.1542555422488914,0.007143732322061517,-0.07801501137909228,0.008687307020798271,636800.0,0.005,30.0,63680.0,0.16,31840.0,0.0015,55
-1.076240530869799,0.0049433178923011314,-1.1092280491257953,0.006650770128142289,-0.03298751825599622,0.008286684203089574,636800.0,0.005,30.0,63680.0,0.08,31840.0,0.03,88
-1.076240530869799,0.0049433178923011314,-1.1633775432248619,0.008311810390725453,-0.08713701235506277,0.009670707510607283,636800.0,0.005,30.0,63680.0,0.08,31840.0,0.03,44
-1.076240530869799,0.0049433178923011314,-1.1224589828563936,0.006825426174794626,-0.046218451986594467,0.008427504627819323,636800.0,0.005,30.0,63680.0,0.08,31840.0,0.03,72
-1.076240530869799,0.0049433178923011314,-1.1579731724946412,0.007613165188763004,-0.08173264162484206,0.009077261479969458,636800.0,0.005,30.0,63680.0,0.08,31840.0,0.03,52
-1.076240530869799,0.0049433178923011314,-1.1148363274627284,0.006723108805231849,-0.03859579659292933,0.008344853730972792,636800.0,0.005,30.0,63680.0,0.08,31840.0,0.03,77
-1.076240530869799,0.0049433178923011314,-1.1331921344677762,0.0069435625713792585,-0.05695160359797713,0.008523464845179069,636800.0,0.005,30.0,63680.0,0.08,31840.0,0.03,66
-1.076240530869799,0.0049433178923011314,-1.1542555422488914,0.007422136223134812,-0.07801501137909228,0.008917650918213517,636800.0,0.005,30.0,63680.0,0.08,31840.0,0.03,55
-1.076240530869799,0.0049433178923011314,-1.1092280491257953,0.004815945424762032,-0.03298751825599622,0.006901428991059087,636800.0,0.005,30.0,63680.0,0.08,31840.0,0.003,88
-1.076240530869799,0.0049433178923011314,-1.1633775432248619,0.006515196398478543,-0.08713701235506277,0.008178274628250892,636800.0,0.005,30.0,63680.0,0.08,31840.0,0.003,44
-1.076240530869799,0.0049433178923011314,-1.1224589828563936,0.004984005199267901,-0.046218451986594467,0.007019736434558919,636800.0,0.005,30.0,63680.0,0.08,31840.0,0.003,72
-1.076240530869799,0.0049433178923011314,-1.1579731724946412,0.005793848423233309,-0.08173264162484206,0.007616106048089641,636800.0,0.005,30.0,63680.0,0.08,31840.0,0.003,52
-1.076240530869799,0.0049433178923011314,-1.1148363274627284,0.0048861119792069675,-0.03859579659292933,0.0069505742250330895,636800.0,0.005,30.0,63680.0,0.08,31840.0,0.003,77
-1.076240530869799,0.0049433178923011314,-1.1331921344677762,0.005101053808083611,-0.05695160359797713,0.007103319064867409,636800.0,0.005,30.0,63680.0,0.08,31840.0,0.003,66
-1.076240530869799,0.0049433178923011314,-1.1542555422488914,0.005596484164458544,-0.07801501137909228,0.007467062795194624,636800.0,0.005,30.0,63680.0,0.08,31840.0,0.003,55
-1.076240530869799,0.004943317892301131,-1.1092280491257953,0.004799368796221191,-0.03298751825599622,0.006889871742382882,636800.0,0.005,30.0,63680.0,0.08,31840.0,0.0015,88
-1.076240530869799,0.0049433178923011314,-1.1633775432248619,0.0064996906072975185,-0.08713701235506277,0.008165927367723527,636800.0,0.005,30.0,63680.0,0.08,31840.0,0.0015,44
-1.076240530869799,0.0049433178923011314,-1.1224589828563936,0.004967450491155162,-0.046218451986594467,0.007007992306390051,636800.0,0.005,30.0,63680.0,0.08,31840.0,0.0015,72
-1.076240530869799,0.0049433178923011314,-1.1579731724946412,0.005777879772699218,-0.08173264162484206,0.007603965179569884,636800.0,0.005,30.0,63680.0,0.08,31840.0,0.0015,52
-1.076240530869799,0.0049433178923011314,-1.1148363274627284,0.0048695512007350195,-0.03859579659292933,0.006938942331575063,636800.0,0.005,30.0,63680.0,0.08,31840.0,0.0015,77
-1.076240530869799,0.0049433178923011314,-1.1331921344677762,0.005084547805168359,-0.05695160359797713,0.00709147503467275,636800.0,0.005,30.0,63680.0,0.08,31840.0,0.0015,66
-1.076240530869799,0.0049433178923011314,-1.1542555422488914,0.005580374396373769,-0.07801501137909228,0.007454996323811864,636800.0,0.005,30.0,63680.0,0.08,31840.0,0.0015,55
-1.076240530869799,0.0049433178923011314,-1.1092280491257953,0.0066268841783134235,-0.03298751825599622,0.008267525971965572,636800.0,0.005,30.0,63680.0,0.008,31840.0,0.03,88
-1.076240530869799,0.0049433178923011314,-1.1633775432248619,0.007199731634351314,-0.08713701235506277,0.008733414417684732,636800.0,0.005,30.0,63680.0,0.008,31840.0,0.03,44
-1.076240530869799,0.0049433178923011314,-1.1224589828563936,0.006720875612273565,-0.046218451986594467,0.00834305464323458,636800.0,0.005,30.0,63680.0,0.008,31840.0,0.03,72
-1.076240530869799,0.0049433178923011314,-1.1579731724946412,0.007022334658687856,-0.08173264162484206,0.008587757323245295,636800.0,0.005,30.0,63680.0,0.008,31840.0,0.03,52
-1.076240530869799,0.0049433178923011314,-1.1148363274627282,0.006665575263701263,-0.03859579659292911,0.008298571285493102,636800.0,0.005,30.0,63680.0,0.008,31840.0,0.03,77
-1.076240530869799,0.0049433178923011314,-1.1331921344677762,0.006786748161660079,-0.05695160359797713,0.008396210001788959,636800.0,0.005,30.0,63680.0,0.008,31840.0,0.03,66
-1.076240530869799,0.0049433178923011314,-1.1542555422488914,0.0069658909119031005,-0.07801501137909228,0.008541664239530768,636800.0,0.005,30.0,63680.0,0.008,31840.0,0.03,55
-1.076240530869799,0.0049433178923011314,-1.1092280491257953,0.004782905074290859,-0.03298751825599622,0.00687841353322274,636800.0,0.005,30.0,63680.0,0.008,31840.0,0.003,88
-1.076240530869799,0.0049433178923011314,-1.1633775432248619,0.005019733832192228,-0.08713701235506277,0.00704514865211514,636800.0,0.005,30.0,63680.0,0.008,31840.0,0.003,44
-1.076240530869799,0.0049433178923011314,-1.1224589828563936,0.004839838257050646,-0.046218451986594467,0.006918123021366095,636800.0,0.005,30.0,63680.0,0.008,31840.0,0.003,72
-1.076240530869799,0.004943317892301131,-1.157973172494641,0.004992151782409958,-0.08173264162484184,0.007025522841964391,636800.0,0.005,30.0,63680.0,0.008,31840.0,0.003,52
-1.076240530869799,0.0049433178923011314,-1.1148363274627284,0.004806640392460178,-0.03859579659292933,0.006894938987893528,636800.0,0.005,30.0,63680.0,0.008,31840.0,0.003,77
-1.076240530869799,0.0049433178923011314,-1.1331921344677762,0.004885451809208829,-0.05695160359797713,0.006950110154842607,636800.0,0.005,30.0,63680.0,0.008,31840.0,0.003,66
-1.076240530869799,0.0049433178923011314,-1.1542555422488914,0.004975556761288095,-0.07801501137909228,0.007013740576122285,636800.0,0.005,30.0,63680.0,0.008,31840.0,0.003,55
-1.076240530869799,0.0049433178923011314,-1.1092280491257953,0.0047662135346134595,-0.03298751825599622,0.006866817548317199,636800.0,0.005,30.0,63680.0,0.008,31840.0,0.0015,88
-1.076240530869799,0.0049433178923011314,-1.1633775432248619,0.004999592145955411,-0.08713701235506277,0.007030811717735267,636800.0,0.005,30.0,63680.0,0.008,31840.0,0.0015,44
-1.076240530869799,0.0049433178923011314,-1.1224589828563936,0.004822788706771135,-0.046218451986594467,0.006906206099915039,636800.0,0.005,30.0,63680.0,0.008,31840.0,0.0015,72
-1.076240530869799,0.0049433178923011314,-1.1579731724946412,0.004973609809281653,-0.08173264162484206,0.0070123595400783025,636800.0,0.005,30.0,63680.0,0.008,31840.0,0.0015,52
-1.076240530869799,0.0049433178923011314,-1.1148363274627284,0.004789804848389939,-0.03859579659292933,0.006883213077480913,636800.0,0.005,30.0,63680.0,0.008,31840.0,0.0015,77
-1.076240530869799,0.0049433178923011314,-1.133192134467776,0.004868214848399763,-0.05695160359797691,0.006938004583057323,636800.0,0.005,30.0,63680.0,0.008,31840.0,0.0015,66
-1.076240530869799,0.0049433178923011314,-1.1542555422488914,0.004957429624862904,-0.07801501137909228,0.007000892819477587,636800.0,0.005,30.0,63680.0,0.008,31840.0,0.0015,55
-2.511227905362865,0.0049433178923011314,-2.5881987812935243,0.006722633564209012,-0.07697087593065932,0.008344470853383938,636800.0,0.005,70.0,63680.0,0.16,31840.0,0.03,88
-2.511227905362865,0.0049433178923011314,-2.7145476008580123,0.011016310182914994,-0.20331969549514728,0.012074579985678222,636800.0,0.005,70.0,63680.0,0.16,31840.0,0.03,44
-2.511227905362865,0.0049433178923011314,-2.6190709599982522,0.007132894241558898,-0.10784305463538724,0.00867839685919056,636800.0,0.005,70.0,63680.0,0.16,31840.0,0.03,72
-2.511227905362865,0.0049433178923011314,-2.701937402487497,0.009174073137222238,-0.19070949712463214,0.01042113284204012,636800.0,0.005,70.0,63680.0,0.16,31840.0,0.03,52
-2.511227905362865,0.0049433178923011314,-2.6012847640797,0.0068945217104477,-0.09005685871683511,0.00848356183452323,636800.0,0.005,70.0,63680.0,0.16,31840.0,0.03,77
-2.511227905362865,0.004943317892301131,-2.6441149804248116,0.007398488945465944,-0.13288707506194664,0.008897979009894677,636800.0,0.005,70.0,63680.0,0.16,31840.0,0.03,66
-2.511227905362865,0.0049433178923011314,-2.6932629319140813,0.008659124620903192,-0.18203502655121628,0.009970798914062823,636800.0,0.005,70.0,63680.0,0.16,31840.0,0.03,55
-2.511227905362865,0.0049433178923011314,-2.5881987812935243,0.004914711494637913,-0.07697087593065932,0.006970708777439387,636800.0,0.005,70.0,63680.0,0.16,31840.0,0.003,88
-2.511227905362865,0.0049433178923011314,-2.7145476008580123,0.009732455095481995,-0.20331969549514728,0.010915909214074563,636800.0,0.005,70.0,63680.0,0.16,31840.0,0.003,44
-2.511227905362865,0.0049433178923011314,-2.6190709599982522,0.0053974110108478655,-0.10784305463538724,0.007319046208650843,636800.0,0.005,70.0,63680.0,0.16,31840.0,0.003,72
-2.511227905362865,0.0049433178923011314,-2.701937402487497,0.007731236206914987,-0.19070949712463214,0.009176513775473653,636800.0,0.005,70.0,63680.0,0.16,31840.0,0.003,52
-2.511227905362865,0.0049433178923011314,-2.6012847640797,0.005119406985403548,-0.09005685871683511,0.007116510357369203,636800.0,0.005,70.0,63680.0,0.16,31840.0,0.003,77
-2.511227905362865,0.0049433178923011314,-2.644114980424812,0.005704851220363876,-0.13288707506194708,0.007548623664671044,636800.0,0.005,70.0,63680.0,0.16,31840.0,0.003,66
-2.511227905362865,0.0049433178923011314,-2.6932629319140813,0.007156323643365879,-0.18203502655121628,0.00869766404691179,636800.0,0.005,70.0,63680.0,0.16,31840.0,0.003,55
-2.5112279053628646,0.0049433178923011314,-2.5881987812935243,0.004898469106096446,-0.07697087593065977,0.006959266582602351,636800.0,0.005,70.0,63680.0,0.16,31840.0,0.0015,88
-2.511227905362865,0.0049433178923011314,-2.7145476008580123,0.009722081879176746,-0.20331969549514728,0.010906661627178196,636800.0,0.005,70.0,63680.0,0.16,31840.0,0.0015,44
-2.511227905362865,0.0049433178923011314,-2.6190709599982522,0.0053821280341301595,-0.10784305463538724,0.007307783108447751,636800.0,0.005,70.0,63680.0,0.16,31840.0,0.0015,72
-2.511227905362865,0.0049433178923011314,-2.701937402487497,0.007719276417092224,-0.19070949712463214,0.009166439886227404,636800.0,0.005,70.0,63680.0,0.16,31840.0,0.0015,52
-2.511227905362865,0.0049433178923011314,-2.6012847640797,0.005103603286446611,-0.09005685871683511,0.007105150124365646,636800.0,0.005,70.0,63680.0,0.16,31840.0,0.0015,77
-2.511227905362865,0.0049433178923011314,-2.644114980424812,0.005690097000628802,-0.13288707506194708,0.007537479397047092,636800.0,0.005,70.0,63680.0,0.16,31840.0,0.0015,66
-2.511227905362865,0.0049433178923011314,-2.6932629319140813,0.007143732322061503,-0.18203502655121628,0.00868730702079826,636800.0,0.005,70.0,63680.0,0.16,31840.0,0.0015,55
-2.511227905362865,0.004943317892301131,-2.5881987812935234,0.006650770128142301,-0.07697087593065843,0.008286684203089584,636800.0,0.005,70.0,63680.0,0.08,31840.0,0.03,88
-2.511227905362865,0.0049433178923011314,-2.7145476008580123,0.008311810390725472,-0.20331969549514728,0.009670707510607298,636800.0,0.005,70.0,63680.0,0.08,31840.0,0.03,44
-2.511227905362865,0.0049433178923011314,-2.6190709599982522,0.006825426174794726,-0.10784305463538724,0.008427504627819403,636800.0,0.005,70.0,63680.0,0.08,31840.0,0.03,72
-2.511227905362865,0.0049433178923011314,-2.701937402487497,0.007613165188763026,-0.19070949712463214,0.009077261479969477,636800.0,0.005,70.0,63680.0,0.08,31840.0,0.03,52
-2.511227905362865,0.0049433178923011314,-2.6012847640797,0.0067231088052318415,-0.09005685871683511,0.008344853730972785,636800.0,0.005,70.0,63680.0,0.08,31840.0,0.03,77
-2.511227905362865,0.0049433178923011314,-2.644114980424812,0.006943562571379262,-0.13288707506194708,0.008523464845179072,636800.0,0.005,70.0,63680.0,0.08,31840.0,0.03,66
-2.511227905362865,0.0049433178923011314,-2.6932629319140813,0.007422136223134812,-0.18203502655121628,0.008917650918213517,636800.0,0.005,70.0,63680.0,0.08,31840.0,0.03,55
-2.511227905362865,0.0049433178923011314,-2.5881987812935243,0.0048159454247620305,-0.07697087593065932,0.006901428991059086,636800.0,0.005,70.0,63680.0,0.08,31840.0,0.003,88
-2.511227905362865,0.0049433178923011314,-2.7145476008580123,0.0065151963984785176,-0.20331969549514728,0.008178274628250872,636800.0,0.005,70.0,63680.0,0.08,31840.0,0.003,44
-2.5112279053628646,0.0049433178923011314,-2.6190709599982522,0.004984005199267902,-0.10784305463538768,0.0070197364345589205,636800.0,0.005,70.0,63680.0,0.08,31840.0,0.003,72
-2.511227905362865,0.0049433178923011314,-2.701937402487497,0.005793848423233314,-0.19070949712463214,0.0076161060480896435,636800.0,0.005,70.0,63680.0,0.08,31840.0,0.003,52
-2.511227905362865,0.0049433178923011314,-2.6012847640797,0.004886111979206968,-0.09005685871683511,0.0069505742250330895,636800.0,0.005,70.0,63680.0,0.08,31840.0,0.003,77
-2.511227905362865,0.0049433178923011314,-2.644114980424812,0.00510105380808361,-0.13288707506194708,0.007103319064867409,636800.0,0.005,70.0,63680.0,0.08,31840.0,0.003,66
-2.511227905362865,0.0049433178923011314,-2.6932629319140813,0.005596484164458545,-0.18203502655121628,0.0074670627951946246,636800.0,0.005,70.0,63680.0,0.08,31840.0,0.003,55
-2.511227905362865,0.0049433178923011314,-2.5881987812935243,0.004799368796221189,-0.07697087593065932,0.006889871742382881,636800.0,0.005,70.0,63680.0,0.08,31840.0,0.0015,88
-2.511227905362865,0.0049433178923011314,-2.7145476008580123,0.006499690607297508,-0.20331969549514728,0.008165927367723518,636800.0,0.005,70.0,63680.0,0.08,31840.0,0.0015,44
-2.511227905362865,0.004943317892301131,-2.6190709599982513,0.004967450491155158,-0.10784305463538635,0.007007992306390049,636800.0,0.005,70.0,63680.0,0.08,31840.0,0.0015,72
-2.511227905362865,0.0049433178923011314,-2.701937402487497,0.0057778797726992254,-0.19070949712463214,0.00760396517956989,636800.0,0.005,70.0,63680.0,0.08,31840.0,0.0015,52
-2.511227905362865,0.0049433178923011314,-2.6012847640797,0.004869551200735019,-0.09005685871683511,0.006938942331575063,636800.0,0.005,70.0,63680.0,0.08,31840.0,0.0015,77
-2.511227905362865,0.0049433178923011314,-2.644114980424812,0.005084547805168358,-0.13288707506194708,0.00709147503467275,636800.0,0.005,70.0,63680.0,0.08,31840.0,0.0015,66
-2.511227905362865,0.0049433178923011314,-2.6932629319140813,0.005580374396373779,-0.18203502655121628,0.007454996323811872,636800.0,0.005,70.0,63680.0,0.08,31840.0,0.0015,55
-2.511227905362865,0.0049433178923011314,-2.5881987812935243,0.00662688417831344,-0.07697087593065932,0.008267525971965584,636800.0,0.005,70.0,63680.0,0.008,31840.0,0.03,88
-2.511227905362865,0.0049433178923011314,-2.7145476008580123,0.007199731634351314,-0.20331969549514728,0.00873341441768473,636800.0,0.005,70.0,63680.0,0.008,31840.0,0.03,44
-2.511227905362865,0.0049433178923011314,-2.6190709599982522,0.00672087561227354,-0.10784305463538724,0.008343054643234558,636800.0,0.005,70.0,63680.0,0.008,31840.0,0.03,72
-2.511227905362865,0.0049433178923011314,-2.701937402487497,0.0070223346586878715,-0.19070949712463214,0.008587757323245307,636800.0,0.005,70.0,63680.0,0.008,31840.0,0.03,52
-2.5112279053628646,0.0049433178923011314,-2.6012847640797,0.00666557526370124,-0.09005685871683555,0.008298571285493085,636800.0,0.005,70.0,63680.0,0.008,31840.0,0.03,77
-2.511227905362865,0.0049433178923011314,-2.644114980424812,0.006786748161660069,-0.13288707506194708,0.00839621000178895,636800.0,0.005,70.0,63680.0,0.008,31840.0,0.03,66
-2.511227905362865,0.0049433178923011314,-2.6932629319140813,0.006965890911903099,-0.18203502655121628,0.008541664239530766,636800.0,0.005,70.0,63680.0,0.008,31840.0,0.03,55
-2.511227905362865,0.0049433178923011314,-2.5881987812935243,0.004782905074290859,-0.07697087593065932,0.00687841353322274,636800.0,0.005,70.0,63680.0,0.008,31840.0,0.003,88
-2.511227905362865,0.0049433178923011314,-2.7145476008580123,0.005019733832192228,-0.20331969549514728,0.00704514865211514,636800.0,0.005,70.0,63680.0,0.008,31840.0,0.003,44
-2.511227905362865,0.0049433178923011314,-2.6190709599982522,0.0048398382570506455,-0.10784305463538724,0.006918123021366094,636800.0,0.005,70.0,63680.0,0.008,31840.0,0.003,72
-2.511227905362865,0.0049433178923011314,-2.701937402487497,0.004992151782409963,-0.19070949712463214,0.007025522841964394,636800.0,0.005,70.0,63680.0,0.008,31840.0,0.003,52
-2.511227905362865,0.004943317892301131,-2.601284764079699,0.004806640392460181,-0.09005685871683422,0.00689493898789353,636800.0,0.005,70.0,63680.0,0.008,31840.0,0.003,77
-2.511227905362865,0.0049433178923011314,-2.644114980424812,0.004885451809208831,-0.13288707506194708,0.006950110154842607,636800.0,0.005,70.0,63680.0,0.008,31840.0,0.003,66
-2.511227905362865,0.0049433178923011314,-2.6932629319140813,0.004975556761288094,-0.18203502655121628,0.007013740576122285,636800.0,0.005,70.0,63680.0,0.008,31840.0,0.003,55
-2.511227905362865,0.0049433178923011314,-2.5881987812935243,0.00476621353461346,-0.07697087593065932,0.006866817548317199,636800.0,0.005,70.0,63680.0,0.008,31840.0,0.0015,88
-2.511227905362865,0.0049433178923011314,-2.7145476008580123,0.004999592145955411,-0.20331969549514728,0.007030811717735266,636800.0,0.005,70.0,63680.0,0.008,31840.0,0.0015,44
-2.511227905362865,0.0049433178923011314,-2.6190709599982522,0.004822788706771135,-0.10784305463538724,0.006906206099915039,636800.0,0.005,70.0,63680.0,0.008,31840.0,0.0015,72
-2.511227905362865,0.0049433178923011314,-2.701937402487497,0.004973609809281653,-0.19070949712463214,0.0070123595400783025,636800.0,0.005,70.0,63680.0,0.008,31840.0,0.0015,52
-2.511227905362865,0.0049433178923011314,-2.6012847640797,0.004789804848389939,-0.09005685871683511,0.006883213077480913,636800.0,0.005,70.0,63680.0,0.008,31840.0,0.0015,77
-2.511227905362865,0.0049433178923011314,-2.644114980424812,0.004868214848399761,-0.13288707506194708,0.006938004583057322,636800.0,0.005,70.0,63680.0,0.008,31840.0,0.0015,66
-2.5112279053628646,0.0049433178923011314,-2.6932629319140813,0.004957429624862907,-0.18203502655121673,0.00700089281947759,636800.0,0.005,70.0,63680.0,0.008,31840.0,0.0015,55
2.511227905362865,0.049433178923011294,2.5881987812935243,0.04783909649762384,0.07697087593065932,0.06879112102694222,636800.0,0.05,-70.0,63680.0,0.16,31840.0,0.03,88
2.511227905362865,0.049433178923011294,2.7145476008580123,0.050715339619097036,0.20331969549514728,0.07082149992138546,636800.0,0.05,-70.0,63680.0,0.16,31840.0,0.03,44
2.511227905362865,0.049433178923011294,2.6190709599982522,0.04844269989621547,0.10784305463538724,0.06921224134262119,636800.0,0.05,-70.0,63680.0,0.16,31840.0,0.03,72
2.511227905362865,0.049433178923011294,2.701937402487497,0.05018327685193156,0.19070949712463214,0.07044146828418654,636800.0,0.05,-70.0,63680.0,0.16,31840.0,0.03,52
2.511227905362865,0.049433178923011294,2.6012847640797,0.04809067917852506,0.09005685871683511,0.06896631498265128,636800.0,0.05,-70.0,63680.0,0.16,31840.0,0.03,77
2.511227905362865,0.049433178923011294,2.644114980424812,0.048921248098384676,0.13288707506194708,0.06954802437120809,636800.0,0.05,-70.0,63680.0,0.16,31840.0,0.03,66
2.511227905362865,0.04943317892301131,2.69326293191408,0.04995506822701308,0.18203502655121495,0.07027907241846595,636800.0,0.05,-70.0,63680.0,0.16,31840.0,0.03,55
2.511227905362865,0.049433178923011294,2.5881987812935243,0.04761869108602065,0.07697087593065932,0.06863802822911153,636800.0,0.05,-70.0,63680.0,0.16,31840.0,0.003,88
2.511227905362865,0.049433178923011294,2.7145476008580123,0.05045202934292861,0.20331969549514728,0.07063318231011667,636800.0,0.05,-70.0,63680.0,0.16,31840.0,0.003,44
2.511227905362865,0.049433178923011294,2.6190709599982522,0.04821772535690119,0.10784305463538724,0.0690549651873636,636800.0,0.05,-70.0,63680.0,0.16,31840.0,0.003,72
2.511227905362865,0.049433178923011294,2.701937402487497,0.04993966030078318,0.19070949712463214,0.07026812114602231,636800.0,0.05,-70.0,63680.0,0.16,31840.0,0.003,52
2.511227905362865,0.049433178923011294,2.6012847640797,0.04786843764024671,0.09005685871683511,0.06881152883458291,636800.0,0.05,-70.0,63680.0,0.16,31840.0,0.003,77
2.511227905362865,0.049433178923011294,2.644114980424812,0.04869390315300276,0.13288707506194708,0.06938829427726596,636800.0,0.05,-70.0,63680.0,0.16,31840.0,0.003,66
2.511227905362865,0.049433178923011294,2.6932629319140813,0.04971661060906903,0.18203502655121628,0.07010977498814444,636800.0,0.05,-70.0,63680.0,0.16,31840.0,0.003,55
2.511227905362865,0.049433178923011294,2.5881987812935243,0.047617017454411374,0.07697087593065932,0.06863686713194422,636800.0,0.05,-70.0,63680.0,0.16,31840.0,0.0015,88
2.5112279053628646,0.04943317892301131,2.7145476008580123,0.05045002932307939,0.20331969549514772,0.07063175374528102,636800.0,0.05,-70.0,63680.0,0.16,31840.0,0.0015,44
2.511227905362865,0.049433178923011294,2.6190709599982522,0.04821601699797797,0.10784305463538724,0.06905377233420162,636800.0,0.05,-70.0,63680.0,0.16,31840.0,0.0015,72
2.511227905362865,0.049433178923011294,2.701937402487497,0.04993781018500895,0.19070949712463214,0.07026680627798898,636800.0,0.05,-70.0,63680.0,0.16,31840.0,0.0015,52
2.511227905362865,0.049433178923011294,2.6012847640797,0.04786675005409723,0.09005685871683511,0.06881035488337395,636800.0,0.05,-70.0,63680.0,0.16,31840.0,0.0015,77
2.511227905362865,0.049433178923011294,2.644114980424812,0.048692176791596514,0.13288707506194708,0.06938708279743816,636800.0,0.05,-70.0,63680.0,0.16,31840.0,0.0015,66
2.511227905362865,0.049433178923011294,2.6932629319140813,0.04971479974669982,0.18203502655121628,0.07010849087156927,636800.0,0.05,-70.0,63680.0,0.16,31840.0,0.0015,55
2.511227905362865,0.049433178923011294,2.5881987812935243,0.0478290507429086,0.07697087593065932,0.06878413533222741,636800.0,0.05,-70.0,63680.0,0.08,31840.0,0.03,88
2.511227905362865,0.04943317892301131,2.7145476008580114,0.05019733832192231,0.2033196954951464,0.07045148652115142,636800.0,0.05,-70.0,63680.0,0.08,31840.0,0.03,44
2.511227905362865,0.049433178923011294,2.6190709599982522,0.048398382570506444,0.10784305463538724,0.06918123021366092,636800.0,0.05,-70.0,63680.0,0.08,31840.0,0.03,72
2.511227905362865,0.049433178923011294,2.701937402487497,0.04992151782409965,0.19070949712463214,0.07025522841964395,636800.0,0.05,-70.0,63680.0,0.08,31840.0,0.03,52
2.511227905362865,0.049433178923011294,2.6012847640797,0.04806640392460179,0.09005685871683511,0.06894938987893527,636800.0,0.05,-70.0,63680.0,0.08,31840.0,0.03,77
2.511227905362865,0.049433178923011294,2.644114980424812,0.04885451809208831,0.13288707506194708,0.06950110154842606,636800.0,0.05,-70.0,63680.0,0.08,31840.0,0.03,66
2.511227905362865,0.049433178923011294,2.6932629319140813,0.04975556761288096,0.18203502655121628,0.07013740576122285,636800.0,0.05,-70.0,63680.0,0.08,31840.0,0.03,55
2.511227905362865,0.049433178923011294,2.5881987812935243,0.047608598824210556,0.07697087593065932,0.06863102695165701,636800.0,0.05,-70.0,63680.0,0.08,31840.0,0.003,88
2.511227905362865,0.049433178923011294,2.7145476008580123,0.04993129646569276,0.20331969549514728,0.07026217720210036,636800.0,0.05,-70.0,63680.0,0.08,31840.0,0.003,44
2.511227905362865,0.049433178923011294,2.6190709599982522,0.048173201064490835,0.10784305463538724,0.06902388339722933,636800.0,0.05,-70.0,63680.0,0.08,31840.0,0.003,72
2.5112279053628646,0.04943317892301131,2.701937402487497,0.049676617610520835,0.1907094971246326,0.07008142061671095,636800.0,0.05,-70.0,63680.0,0.08,31840.0,0.003,52
2.511227905362865,0.049433178923011294,2.6012847640797,0.0478440496248942,0.09005685871683511,0.06879456564979378,636800.0,0.05,-70.0,63680.0,0.08,31840.0,0.003,77
2.511227905362865,0.049433178923011294,2.644114980424812,0.04862686116520878,0.13288707506194708,0.06934126336615838,636800.0,0.05,-70.0,63680.0,0.08,31840.0,0.003,66
2.511227905362865,0.049433178923011294,2.6932629319140813,0.049516149258279706,0.18203502655121628,0.06996776554816284,636800.0,0.05,-70.0,63680.0,0.08,31840.0,0.003,55
2.511227905362865,0.049433178923011294,2.5881987812935243,0.04760692483780566,0.07697087593065932,0.06862986573604035,636800.0,0.05,-70.0,63680.0,0.08,31840.0,0.0015,88
2.511227905362865,0.049433178923011294,2.7145476008580123,0.04992927558682127,0.20331969549514728,0.07026074109386546,636800.0,0.05,-70.0,63680.0,0.08,31840.0,0.0015,44
2.511227905362865,0.049433178923011294,2.6190709599982522,0.04817149112655336,0.10784305463538724,0.06902269000691046,636800.0,0.05,-70.0,63680.0,0.08,31840.0,0.0015,72
2.511227905362865,0.04943317892301131,2.7019374024874963,0.04967475769783149,0.19070949712463126,0.07008010224573533,636800.0,0.05,-70.0,63680.0,0.08,31840.0,0.0015,52
2.511227905362865,0.049433178923011294,2.6012847640797,0.04784236117848458,0.09005685871683511,0.06879339140911005,636800.0,0.05,-70.0,63680.0,0.08,31840.0,0.0015,77
2.511227905362865,0.049433178923011294,2.644114980424812,0.04862513242357873,0.13288707506194708,0.06934005106462654,636800.0,0.05,-70.0,63680.0,0.08,31840.0,0.0015,66
2.511227905362865,0.049433178923011294,2.6932629319140813,0.04951433106454032,0.18203502655121628,0.06996647882524425,636800.0,0.05,-70.0,63680.0,0.08,31840.0,0.0015,55
2.511227905362865,0.049433178923011294,2.5881987812935243,0.04782573518079066,0.07697087593065932,0.06878182989727422,636800.0,0.05,-70.0,63680.0,0.008,31840.0,0.03,88
2.511227905362865,0.049433178923011294,2.7145476008580123,0.050025220821509966,0.20331969549514728,0.0703289548953721,636800.0,0.05,-70.0,63680.0,0.008,31840.0,0.03,44
2.511227905362865,0.049433178923011294,2.6190709599982522,0.04838374894496275,0.10784305463538724,0.06917099349007236,636800.0,0.05,-70.0,63680.0,0.008,31840.0,0.03,72
2.511227905362865,0.049433178923011294,2.701937402487497,0.04983483562458208,0.19070949712463214,0.07019366082605724,636800.0,0.05,-70.0,63680.0,0.008,31840.0,0.03,52
2.511227905362865,0.049433178923011294,2.6012847640797,0.0480583903999297,0.09005685871683511,0.0689438036829018,636800.0,0.05,-70.0,63680.0,0.008,31840.0,0.03,77
2.5112279053628646,0.04943317892301131,2.644114980424813,0.04883247717899762,0.1328870750619484,0.0694856100633201,636800.0,0.05,-70.0,63680.0,0.008,31840.0,0.03,66
2.511227905362865,0.049433178923011294,2.6932629319140813,0.04968955663478728,0.18203502655121628,0.07009059292798271,636800.0,0.05,-70.0,63680.0,0.008,31840.0,0.03,55
2.511227905362865,0.049433178923011294,2.5881987812935243,0.04760526790828946,0.07697087593065932,0.06862871637335542,636800.0,0.05,-70.0,63680.0,0.008,31840.0,0.003,88
2.511227905362865,0.049433178923011294,2.7145476008580123,0.04975825871531489,0.20331969549514728,0.07013931485846335,636800.0,0.05,-70.0,63680.0,0.008,31840.0,0.003,44
2.511227905362865,0.049433178923011294,2.6190709599982522,0.04815849901448281,0.10784305463538724,0.06901362333454454,636800.0,0.05,-70.0,63680.0,0.008,31840.0,0.003,72
2.511227905362865,0.049433178923011294,2.701937402487497,0.049589507328558186,0.19070949712463214,0.07001970019589897,636800.0,0.05,-70.0,63680.0,0.008,31840.0,0.003,52
2.511227905362865,0.049433178923011294,2.6012847640797,0.04783599885126701,0.09005685871683511,0.06878896688083683,636800.0,0.05,-70.0,63680.0,0.008,31840.0,0.003,77
2.511227905362865,0.04943317892301131,2.6441149804248116,0.048604717016022515,0.13288707506194664,0.06932573616372262,636800.0,0.05,-70.0,63680.0,0.008,31840.0,0.003,66
2.511227905362865,0.049433178923011294,2.6932629319140813,0.04944981867964733,0.18203502655121628,0.06992083913887509,636800.0,0.05,-70.0,63680.0,0.008,31840.0,0.003,55
2.511227905362865,0.049433178923011294,2.5881987812935243,0.047603593804752486,0.07697087593065932,0.06862755511864252,636800.0,0.05,-70.0,63680.0,0.008,31840.0,0.0015,88
2.511227905362865,0.049433178923011294,2.7145476008580123,0.04975623080841287,0.20331969549514728,0.07013787623456033,636800.0,0.05,-70.0,63680.0,0.008,31840.0,0.0015,44
2.511227905362865,0.049433178923011294,2.6190709599982522,0.048156788554509014,0.10784305463538724,0.0690124297668046,636800.0,0.05,-70.0,63680.0,0.008,31840.0,0.0015,72
2.511227905362865,0.049433178923011294,2.701937402487497,0.049587644148572835,0.19070949712463214,0.0700183806627941,636800.0,0.05,-70.0,63680.0,0.008,31840.0,0.0015,52
2.511227905362865,0.049433178923011294,2.6012847640797,0.04783431012068272,0.09005685871683511,0.06878779254457942,636800.0,0.05,-70.0,63680.0,0.008,31840.0,0.0015,77
2.511227905362865,0.049433178923011294,2.644114980424812,0.048602987486755435,0.13288707506194708,0.0693245235906613,636800.0,0.05,-70.0,63680.0,0.008,31840.0,0.0015,66
2.511227905362865,0.049433178923011294,2.6932629319140813,0.0494479980469449,0.18203502655121628,0.06991955155237421,636800.0,0.05,-70.0,63680.0,0.008,31840.0,0.0015,55
1.076240530869799,0.04943317892301131,1.1092280491257953,0.04783909649762384,0.03298751825599622,0.06879112102694224,636800.0,0.05,-30.0,63680.0,0.16,31840.0,0.03,88
1.076240530869799,0.049433178923011294,1.1633775432248619,0.050715339619097015,0.08713701235506277,0.07082149992138545,636800.0,0.05,-30.0,63680.0,0.16,31840.0,0.03,44
1.076240530869799,0.049433178923011294,1.1224589828563936,0.04844269989621547,0.046218451986594467,0.06921224134262119,636800.0,0.05,-30.0,63680.0,0.16,31840.0,0.03,72
1.076240530869799,0.049433178923011294,1.1579731724946412,0.05018327685193155,0.08173264162484206,0.07044146828418654,636800.0,0.05,-30.0,63680.0,0.16,31840.0,0.03,52
1.076240530869799,0.049433178923011294,1.1148363274627284,0.04809067917852506,0.03859579659292933,0.0689663149826513,636800.0,0.05,-30.0,63680.0,0.16,31840.0,0.03,77
1.076240530869799,0.049433178923011294,1.1331921344677762,0.048921248098384676,0.05695160359797713,0.06954802437120809,636800.0,0.05,-30.0,63680.0,0.16,31840.0,0.03,66
1.076240530869799,0.049433178923011294,1.1542555422488914,0.04995506822701307,0.07801501137909228,0.07027907241846594,636800.0,0.05,-30.0,63680.0,0.16,31840.0,0.03,55
1.076240530869799,0.049433178923011294,1.1092280491257953,0.04761869108602065,0.03298751825599622,0.06863802822911153,636800.0,0.05,-30.0,63680.0,0.16,31840.0,0.003,88
1.076240530869799,0.04943317892301131,1.1633775432248616,0.050452029342928625,0.08713701235506255,0.07063318231011669,636800.0,0.05,-30.0,63680.0,0.16,31840.0,0.003,44
1.076240530869799,0.049433178923011294,1.1224589828563936,0.04821772535690119,0.046218451986594467,0.0690549651873636,636800.0,0.05,-30.0,63680.0,0.16,31840.0,0.003,72
1.076240530869799,0.049433178923011294,1.1579731724946412,0.04993966030078318,0.08173264162484206,0.07026812114602231,636800.0,0.05,-30.0,63680.0,0.16,31840.0,0.003,52
1.076240530869799,0.049433178923011294,1.1148363274627284,0.04786843764024671,0.03859579659292933,0.06881152883458291,636800.0,0.05,-30.0,63680.0,0.16,31840.0,0.003,77
1.076240530869799,0.049433178923011294,1.1331921344677762,0.04869390315300276,0.05695160359797713,0.06938829427726596,636800.0,0.05,-30.0,63680.0,0.16,31840.0,0.003,66
1.076240530869799,0.049433178923011294,1.1542555422488914,0.04971661060906903,0.07801501137909228,0.07010977498814444,636800.0,0.05,-30.0,63680.0,0.16,31840.0,0.003,55
1.076240530869799,0.049433178923011294,1.1092280491257953,0.047617017454411374,0.03298751825599622,0.06863686713194422,636800.0,0.05,-30.0,63680.0,0.16,31840.0,0.0015,88
1.076240530869799,0.049433178923011294,1.1633775432248619,0.05045002932307945,0.08713701235506277,0.07063175374528106,636800.0,0.05,-30.0,63680.0,0.16,31840.0,0.0015,44
1.076240530869799,0.049433178923011294,1.1224589828563936,0.04821601699797797,0.046218451986594467,0.06905377233420162,636800.0,0.05,-30.0,63680.0,0.16,31840.0,0.0015,72
1.076240530869799,0.049433178923011294,1.1579731724946412,0.04993781018500895,0.08173264162484206,0.07026680627798898,636800.0,0.05,-30.0,63680.0,0.16,31840.0,0.0015,52
1.076240530869799,0.04943317892301131,1.1148363274627282,0.04786675005409723,0.03859579659292911,0.06881035488337396,636800.0,0.05,-30.0,63680.0,0.16,31840.0,0.0015,77
1.076240530869799,0.049433178923011294,1.1331921344677762,0.048692176791596514,0.05695160359797713,0.06938708279743816,636800.0,0.05,-30.0,63680.0,0.16,31840.0,0.0015,66
1.076240530869799,0.049433178923011294,1.1542555422488914,0.04971479974669982,0.07801501137909228,0.07010849087156927,636800.0,0.05,-30.0,63680.0,0.16,31840.0,0.0015,55
1.076240530869799,0.049433178923011294,1.1092280491257953,0.0478290507429086,0.03298751825599622,0.06878413533222741,636800.0,0.05,-30.0,63680.0,0.08,31840.0,0.03,88
1.076240530869799,0.049433178923011294,1.1633775432248619,0.050197338321922275,0.08713701235506277,0.07045148652115138,636800.0,0.05,-30.0,63680.0,0.08,31840.0,0.03,44
1.076240530869799,0.049433178923011294,1.1224589828563936,0.04839838257050645,0.046218451986594467,0.06918123021366092,636800.0,0.05,-30.0,63680.0,0.08,31840.0,0.03,72
1.076240530869799,0.04943317892301131,1.157973172494641,0.0499215178240996,0.08173264162484184,0.07025522841964392,636800.0,0.05,-30.0,63680.0,0.08,31840.0,0.03,52
1.076240530869799,0.049433178923011294,1.1148363274627284,0.0480664039246018,0.03859579659292933,0.06894938987893529,636800.0,0.05,-30.0,63680.0,0.08,31840.0,0.03,77
1.076240530869799,0.049433178923011294,1.1331921344677762,0.048854518092088316,0.05695160359797713,0.06950110154842606,636800.0,0.05,-30.0,63680.0,0.08,31840.0,0.03,66
1.076240530869799,0.049433178923011294,1.1542555422488914,0.049755567612880955,0.07801501137909228,0.07013740576122285,636800.0,0.05,-30.0,63680.0,0.08,31840.0,0.03,55
1.076240530869799,0.049433178923011294,1.1092280491257953,0.047608598824210556,0.03298751825599622,0.06863102695165701,636800.0,0.05,-30.0,63680.0,0.08,31840.0,0.003,88
1.076240530869799,0.049433178923011294,1.1633775432248619,0.04993129646569276,0.08713701235506277,0.07026217720210036,636800.0,0.05,-30.0,63680.0,0.08,31840.0,0.003,44
1.076240530869799,0.049433178923011294,1.1224589828563936,0.04817320106449083,0.046218451986594467,0.06902388339722931,636800.0,0.05,-30.0,63680.0,0.08,31840.0,0.003,72
1.076240530869799,0.049433178923011294,1.1579731724946412,0.04967661761052085,0.08173264162484206,0.07008142061671095,636800.0,0.05,-30.0,63680.0,0.08,31840.0,0.003,52
1.076240530869799,0.049433178923011294,1.1148363274627284,0.0478440496248942,0.03859579659292933,0.06879456564979378,636800.0,0.05,-30.0,63680.0,0.08,31840.0,0.003,77
1.076240530869799,0.04943317892301131,1.133192134467776,0.0486268611652088,0.05695160359797691,0.0693412633661584,636800.0,0.05,-30.0,63680.0,0.08,31840.0,0.003,66
1.076240530869799,0.049433178923011294,1.1542555422488914,0.049516149258279706,0.07801501137909228,0.06996776554816284,636800.0,0.05,-30.0,63680.0,0.08,31840.0,0.003,55
1.076240530869799,0.049433178923011294,1.1092280491257953,0.04760692483780566,0.03298751825599622,0.06862986573604035,636800.0,0.05,-30.0,63680.0,0.08,31840.0,0.0015,88
1.076240530869799,0.049433178923011294,1.1633775432248619,0.04992927558682127,0.08713701235506277,0.07026074109386546,636800.0,0.05,-30.0,63680.0,0.08,31840.0,0.0015,44
1.076240530869799,0.049433178923011294,1.1224589828563936,0.04817149112655336,0.046218451986594467,0.06902269000691046,636800.0,0.05,-30.0,63680.0,0.08,31840.0,0.0015,72
1.076240530869799,0.049433178923011294,1.1579731724946412,0.04967475769783154,0.08173264162484206,0.07008010224573537,636800.0,0.05,-30.0,63680.0,0.08,31840.0,0.0015,52
1.076240530869799,0.049433178923011294,1.1148363274627284,0.04784236117848458,0.03859579659292933,0.06879339140911005,636800.0,0.05,-30.0,63680.0,0.08,31840.0,0.0015,77
1.076240530869799,0.04943317892301131,1.1331921344677762,0.04862513242357875,0.05695160359797713,0.06934005106462655,636800.0,0.05,-30.0,63680.0,0.08,31840.0,0.0015,66
1.076240530869799,0.049433178923011294,1.1542555422488914,0.04951433106454032,0.07801501137909228,0.06996647882524425,636800.0,0.05,-30.0,63680.0,0.08,31840.0,0.0015,55
1.076240530869799,0.049433178923011294,1.1092280491257953,0.04782573518079066,0.03298751825599622,0.06878182989727422,636800.0,0.05,-30.0,63680.0,0.008,31840.0,0.03,88
1.076240530869799,0.049433178923011294,1.1633775432248619,0.050025220821509966,0.08713701235506277,0.0703289548953721,636800.0,0.05,-30.0,63680.0,0.008,31840.0,0.03,44
1.076240530869799,0.049433178923011294,1.1224589828563936,0.04838374894496275,0.046218451986594467,0.06917099349007236,636800.0,0.05,-30.0,63680.0,0.008,31840.0,0.03,72
1.076240530869799,0.049433178923011294,1.1579731724946412,0.04983483562458209,0.08173264162484206,0.07019366082605726,636800.0,0.05,-30.0,63680.0,0.008,31840.0,0.03,52
1.076240530869799,0.049433178923011294,1.1148363274627284,0.04805839039992969,0.03859579659292933,0.06894380368290179,636800.0,0.05,-30.0,63680.0,0.008,31840.0,0.03,77
1.076240530869799,0.049433178923011294,1.1331921344677762,0.0488324771789976,0.05695160359797713,0.06948561006332009,636800.0,0.05,-30.0,63680.0,0.008,31840.0,0.03,66
1.076240530869799,0.049433178923011294,1.1542555422488914,0.049689556634787274,0.07801501137909228,0.07009059292798271,636800.0,0.05,-30.0,63680.0,0.008,31840.0,0.03,55
1.076240530869799,0.04943317892301131,1.1092280491257953,0.04760526790828946,0.03298751825599622,0.06862871637335542,636800.0,0.05,-30.0,63680.0,0.008,31840.0,0.003,88
1.076240530869799,0.049433178923011294,1.1633775432248619,0.04975825871531489,0.08713701235506277,0.07013931485846335,636800.0,0.05,-30.0,63680.0,0.008,31840.0,0.003,44
1.076240530869799,0.049433178923011294,1.1224589828563936,0.04815849901448281,0.046218451986594467,0.06901362333454454,636800.0,0.05,-30.0,63680.0,0.008,31840.0,0.003,72
1.076240530869799,0.049433178923011294,1.1579731724946412,0.049589507328558186,0.08173264162484206,0.07001970019589897,636800.0,0.05,-30.0,63680.0,0.008,31840.0,0.003,52
1.076240530869799,0.049433178923011294,1.1148363274627284,0.04783599885126701,0.03859579659292933,0.06878896688083683,636800.0,0.05,-30.0,63680.0,0.008,31840.0,0.003,77
1.076240530869799,0.049433178923011294,1.1331921344677762,0.048604717016022495,0.05695160359797713,0.0693257361637226,636800.0,0.05,-30.0,63680.0,0.008,31840.0,0.003,66
1.076240530869799,0.049433178923011294,1.1542555422488914,0.04944981867964733,0.07801501137909228,0.06992083913887509,636800.0,0.05,-30.0,63680.0,0.008,31840.0,0.003,55
1.076240530869799,0.04943317892301131,1.1092280491257953,0.0476035938047525,0.03298751825599622,0.06862755511864255,636800.0,0.05,-30.0,63680.0,0.008,31840.0,0.0015,88
1.076240530869799,0.049433178923011294,1.1633775432248619,0.04975623080841287,0.08713701235506277,0.07013787623456033,636800.0,0.05,-30.0,63680.0,0.008,31840.0,0.0015,44
1.076240530869799,0.049433178923011294,1.1224589828563936,0.048156788554509014,0.046218451986594467,0.0690124297668046,636800.0,0.05,-30.0,63680.0,0.008,31840.0,0.0015,72
1.076240530869799,0.049433178923011294,1.1579731724946412,0.049587644148572835,0.08173264162484206,0.0700183806627941,636800.0,0.05,-30.0,63680.0,0.008,31840.0,0.0015,52
1.076240530869799,0.049433178923011294,1.1148363274627284,0.04783431012068272,0.03859579659292933,0.06878779254457942,636800.0,0.05,-30.0,63680.0,0.008,31840.0,0.0015,77
1.076240530869799,0.049433178923011294,1.1331921344677762,0.048602987486755435,0.05695160359797713,0.0693245235906613,636800.0,0.05,-30.0,63680.0,0.008,31840.0,0.0015,66
1.076240530869799,0.049433178923011294,1.1542555422488914,0.0494479980469449,0.07801501137909228,0.06991955155237421,636800.0,0.05,-30.0,63680.0,0.008,31840.0,0.0015,55
0.0,0.049433178923011294,0.0,0.04783909649762384,0.0,0.06879112102694224,636800.0,0.05,0.0,63680.0,0.16,31840.0,0.03,88
0.0,0.049433178923011294,0.0,0.05071533961909703,0.0,0.07082149992138546,636800.0,0.05,0.0,63680.0,0.16,31840.0,0.03,44
0.0,0.049433178923011294,0.0,0.04844269989621547,0.0,0.06921224134262119,636800.0,0.05,0.0,63680.0,0.16,31840.0,0.03,72
0.0,0.04943317892301131,0.0,0.050183276851931545,0.0,0.07044146828418654,636800.0,0.05,0.0,63680.0,0.16,31840.0,0.03,52
0.0,0.049433178923011294,0.0,0.04809067917852506,0.0,0.06896631498265128,636800.0,0.05,0.0,63680.0,0.16,31840.0,0.03,77
0.0,0.049433178923011294,0.0,0.04892124809838468,0.0,0.06954802437120809,636800.0,0.05,0.0,63680.0,0.16,31840.0,0.03,66
0.0,0.049433178923011294,0.0,0.049955068227013066,0.0,0.07027907241846593,636800.0,0.05,0.0,63680.0,0.16,31840.0,0.03,55
0.0,0.049433178923011294,0.0,0.04761869108602065,0.0,0.06863802822911153,636800.0,0.05,0.0,63680.0,0.16,31840.0,0.003,88
0.0,0.049433178923011294,0.0,0.0504520293429286,0.0,0.07063318231011666,636800.0,0.05,0.0,63680.0,0.16,31840.0,0.003,44
0.0,0.049433178923011294,0.0,0.04821772535690119,0.0,0.0690549651873636,636800.0,0.05,0.0,63680.0,0.16,31840.0,0.003,72
0.0,0.04943317892301131,0.0,0.04993966030078313,0.0,0.07026812114602228,636800.0,0.05,0.0,63680.0,0.16,31840.0,0.003,52
0.0,0.049433178923011294,0.0,0.04786843764024671,0.0,0.06881152883458291,636800.0,0.05,0.0,63680.0,0.16,31840.0,0.003,77
0.0,0.049433178923011294,0.0,0.04869390315300276,0.0,0.06938829427726596,636800.0,0.05,0.0,63680.0,0.16,31840.0,0.003,66
0.0,0.049433178923011294,0.0,0.04971661060906903,0.0,0.07010977498814444,636800.0,0.05,0.0,63680.0,0.16,31840.0,0.003,55
0.0,0.049433178923011294,0.0,0.047617017454411374,0.0,0.06863686713194422,636800.0,0.05,0.0,63680.0,0.16,31840.0,0.0015,88
0.0,0.049433178923011294,0.0,0.05045002932307941,0.0,0.07063175374528102,636800.0,0.05,0.0,63680.0,0.16,31840.0,0.0015,44
0.0,0.049433178923011294,0.0,0.04821601699797797,0.0,0.06905377233420162,636800.0,0.05,0.0,63680.0,0.16,31840.0,0.0015,72
0.0,0.049433178923011294,0.0,0.04993781018500895,0.0,0.07026680627798898,636800.0,0.05,0.0,63680.0,0.16,31840.0,0.0015,52
0.0,0.049433178923011294,0.0,0.04786675005409723,0.0,0.06881035488337395,636800.0,0.05,0.0,63680.0,0.16,31840.0,0.0015,77
0.0,0.04943317892301131,0.0,0.048692176791596535,0.0,0.06938708279743817,636800.0,0.05,0.0,63680.0,0.16,31840.0,0.0015,66
0.0,0.049433178923011294,0.0,0.04971479974669982,0.0,0.07010849087156927,636800.0,0.05,0.0,63680.0,0.16,31840.0,0.0015,55
0.0,0.049433178923011294,0.0,0.0478290507429086,0.0,0.0687841353322274,636800.0,0.05,0.0,63680.0,0.08,31840.0,0.03,88
0.0,0.049433178923011294,0.0,0.05019733832192226,0.0,0.07045148652115137,636800.0,0.05,0.0,63680.0,0.08,31840.0,0.03,44
0.0,0.049433178923011294,0.0,0.04839838257050645,0.0,0.06918123021366092,636800.0,0.05,0.0,63680.0,0.08,31840.0,0.03,72
0.0,0.049433178923011294,0.0,0.049921517824099655,0.0,0.07025522841964396,636800.0,0.05,0.0,63680.0,0.08,31840.0,0.03,52
0.0,0.049433178923011294,0.0,0.04806640392460179,0.0,0.06894938987893527,636800.0,0.05,0.0,63680.0,0.08,31840.0,0.03,77
0.0,0.04943317892301131,0.0,0.04885451809208833,0.0,0.06950110154842609,636800.0,0.05,0.0,63680.0,0.08,31840.0,0.03,66
0.0,0.049433178923011294,0.0,0.04975556761288096,0.0,0.07013740576122285,636800.0,0.05,0.0,63680.0,0.08,31840.0,0.03,55
0.0,0.049433178923011294,0.0,0.047608598824210556,0.0,0.06863102695165701,636800.0,0.05,0.0,63680.0,0.08,31840.0,0.003,88
0.0,0.049433178923011294,0.0,0.04993129646569276,0.0,0.07026217720210036,636800.0,0.05,0.0,63680.0,0.08,31840.0,0.003,44
0.0,0.049433178923011294,0.0,0.04817320106449083,0.0,0.06902388339722931,636800.0,0.05,0.0,63680.0,0.08,31840.0,0.003,72
0.0,0.049433178923011294,0.0,0.04967661761052085,0.0,0.07008142061671095,636800.0,0.05,0.0,63680.0,0.08,31840.0,0.003,52
0.0,0.049433178923011294,0.0,0.0478440496248942,0.0,0.06879456564979378,636800.0,0.05,0.0,63680.0,0.08,31840.0,0.003,77
0.0,0.049433178923011294,0.0,0.04862686116520878,0.0,0.06934126336615838,636800.0,0.05,0.0,63680.0,0.08,31840.0,0.003,66
0.0,0.049433178923011294,0.0,0.0495161492582797,0.0,0.06996776554816282,636800.0,0.05,0.0,63680.0,0.08,31840.0,0.003,55
0.0,0.04943317892301131,0.0,0.04760692483780566,0.0,0.06862986573604037,636800.0,0.05,0.0,63680.0,0.08,31840.0,0.0015,88
0.0,0.049433178923011294,0.0,0.04992927558682127,0.0,0.07026074109386546,636800.0,0.05,0.0,63680.0,0.08,31840.0,0.0015,44
0.0,0.049433178923011294,0.0,0.04817149112655336,0.0,0.06902269000691046,636800.0,0.05,0.0,63680.0,0.08,31840.0,0.0015,72
0.0,0.049433178923011294,0.0,0.04967475769783154,0.0,0.07008010224573537,636800.0,0.05,0.0,63680.0,0.08,31840.0,0.0015,52
0.0,0.049433178923011294,0.0,0.04784236117848458,0.0,0.06879339140911005,636800.0,0.05,0.0,63680.0,0.08,31840.0,0.0015,77
0.0,0.049433178923011294,0.0,0.04862513242357873,0.0,0.06934005106462654,636800.0,0.05,0.0,63680.0,0.08,31840.0,0.0015,66
0.0,0.049433178923011294,0.0,0.04951433106454031,0.0,0.06996647882524423,636800.0,0.05,0.0,63680.0,0.08,31840.0,0.0015,55
0.0,0.04943317892301131,0.0,0.04782573518079067,0.0,0.06878182989727423,636800.0,0.05,0.0,63680.0,0.008,31840.0,0.03,88
0.0,0.049433178923011294,0.0,0.05002522082150996,0.0,0.0703289548953721,636800.0,0.05,0.0,63680.0,0.008,31840.0,0.03,44
0.0,0.049433178923011294,0.0,0.04838374894496275,0.0,0.06917099349007236,636800.0,0.05,0.0,63680.0,0.008,31840.0,0.03,72
0.0,0.049433178923011294,0.0,0.04983483562458209,0.0,0.07019366082605726,636800.0,0.05,0.0,63680.0,0.008,31840.0,0.03,52
0.0,0.049433178923011294,0.0,0.0480583903999297,0.0,0.0689438036829018,636800.0,0.05,0.0,63680.0,0.008,31840.0,0.03,77
0.0,0.049433178923011294,0.0,0.0488324771789976,0.0,0.06948561006332009,636800.0,0.05,0.0,63680.0,0.008,31840.0,0.03,66
0.0,0.049433178923011294,0.0,0.04968955663478728,0.0,0.07009059292798271,636800.0,0.05,0.0,63680.0,0.008,31840.0,0.03,55
0.0,0.049433178923011294,0.0,0.04760526790828946,0.0,0.06862871637335542,636800.0,0.05,0.0,63680.0,0.008,31840.0,0.003,88
0.0,0.049433178923011294,0.0,0.04975825871531489,0.0,0.07013931485846335,636800.0,0.05,0.0,63680.0,0.008,31840.0,0.003,44
0.0,0.049433178923011294,0.0,0.04815849901448281,0.0,0.06901362333454454,636800.0,0.05,0.0,63680.0,0.008,31840.0,0.003,72
0.0,0.04943317892301131,0.0,0.04958950732855817,0.0,0.07001970019589897,636800.0,0.05,0.0,63680.0,0.008,31840.0,0.003,52
0.0,0.049433178923011294,0.0,0.04783599885126701,0.0,0.06878896688083683,636800.0,0.05,0.0,63680.0,0.008,31840.0,0.003,77
0.0,0.049433178923011294,0.0,0.048604717016022495,0.0,0.0693257361637226,636800.0,0.05,0.0,63680.0,0.008,31840.0,0.003,66
0.0,0.049433178923011294,0.0,0.04944981867964733,0.0,0.06992083913887509,636800.0,0.05,0.0,63680.0,0.008,31840.0,0.003,55
0.0,0.049433178923011294,0.0,0.047603593804752486,0.0,0.06862755511864252,636800.0,0.05,0.0,63680.0,0.008,31840.0,0.0015,88
0.0,0.049433178923011294,0.0,0.04975623080841287,0.0,0.07013787623456033,636800.0,0.05,0.0,63680.0,0.008,31840.0,0.0015,44
0.0,0.049433178923011294,0.0,0.048156788554509014,0.0,0.0690124297668046,636800.0,0.05,0.0,63680.0,0.008,31840.0,0.0015,72
0.0,0.049433178923011294,0.0,0.049587644148572835,0.0,0.0700183806627941,636800.0,0.05,0.0,63680.0,0.008,31840.0,0.0015,52
0.0,0.049433178923011294,0.0,0.04783431012068272,0.0,0.06878779254457942,636800.0,0.05,0.0,63680.0,0.008,31840.0,0.0015,77
0.0,0.049433178923011294,0.0,0.048602987486755435,0.0,0.0693245235906613,636800.0,0.05,0.0,63680.0,0.008,31840.0,0.0015,66
0.0,0.049433178923011294,0.0,0.0494479980469449,0.0,0.06991955155237421,636800.0,0.05,0.0,63680.0,0.008,31840.0,0.0015,55
-1.076240530869799,0.04943317892301131,-1.1092280491257953,0.047839096497623856,-0.03298751825599622,0.06879112102694225,636800.0,0.05,30.0,63680.0,0.16,31840.0,0.03,88
-1.076240530869799,0.049433178923011294,-1.1633775432248619,0.050715339619097,-0.08713701235506277,0.07082149992138544,636800.0,0.05,30.0,63680.0,0.16,31840.0,0.03,44
-1.076240530869799,0.049433178923011294,-1.1224589828563936,0.04844269989621547,-0.046218451986594467,0.06921224134262119,636800.0,0.05,30.0,63680.0,0.16,31840.0,0.03,72
-1.076240530869799,0.049433178923011294,-1.1579731724946412,0.050183276851931545,-0.08173264162484206,0.07044146828418653,636800.0,0.05,30.0,63680.0,0.16,31840.0,0.03,52
-1.076240530869799,0.049433178923011294,-1.1148363274627284,0.04809067917852506,-0.03859579659292933,0.06896631498265128,636800.0,0.05,30.0,63680.0,0.16,31840.0,0.03,77
-1.076240530869799,0.049433178923011294,-1.1331921344677762,0.048921248098384676,-0.05695160359797713,0.06954802437120809,636800.0,0.05,30.0,63680.0,0.16,31840.0,0.03,66
-1.076240530869799,0.049433178923011294,-1.1542555422488914,0.049955068227013066,-0.07801501137909228,0.07027907241846593,636800.0,0.05,30.0,63680.0,0.16,31840.0,0.03,55
-1.076240530869799,0.049433178923011294,-1.1092280491257953,0.04761869108602065,-0.03298751825599622,0.06863802822911153,636800.0,0.05,30.0,63680.0,0.16,31840.0,0.003,88
-1.076240530869799,0.049433178923011294,-1.1633775432248619,0.05045202934292859,-0.08713701235506277,0.07063318231011666,636800.0,0.05,30.0,63680.0,0.16,31840.0,0.003,44
-1.076240530869799,0.049433178923011294,-1.1224589828563936,0.0482177253569012,-0.046218451986594467,0.0690549651873636,636800.0,0.05,30.0,63680.0,0.16,31840.0,0.003,72
-1.076240530869799,0.04943317892301131,-1.1579731724946412,0.049939660300783166,-0.08173264162484206,0.07026812114602231,636800.0,0.05,30.0,63680.0,0.16,31840.0,0.003,52
-1.076240530869799,0.049433178923011294,-1.1148363274627284,0.04786843764024671,-0.03859579659292933,0.06881152883458291,636800.0,0.05,30.0,63680.0,0.16,31840.0,0.003,77
-1.076240530869799,0.049433178923011294,-1.1331921344677762,0.04869390315300276,-0.05695160359797713,0.06938829427726596,636800.0,0.05,30.0,63680.0,0.16,31840.0,0.003,66
-1.076240530869799,0.049433178923011294,-1.1542555422488914,0.04971661060906903,-0.07801501137909228,0.07010977498814444,636800.0,0.05,30.0,63680.0,0.16,31840.0,0.003,55
-1.076240530869799,0.049433178923011294,-1.1092280491257953,0.047617017454411374,-0.03298751825599622,0.06863686713194422,636800.0,0.05,30.0,63680.0,0.16,31840.0,0.0015,88
-1.076240530869799,0.049433178923011294,-1.1633775432248619,0.050450029323079376,-0.08713701235506277,0.070631753745281,636800.0,0.05,30.0,63680.0,0.16,31840.0,0.0015,44
-1.076240530869799,0.04943317892301131,-1.1224589828563936,0.048216016997977944,-0.046218451986594467,0.06905377233420161,636800.0,0.05,30.0,63680.0,0.16,31840.0,0.0015,72
-1.076240530869799,0.049433178923011294,-1.1579731724946412,0.04993781018500895,-0.08173264162484206,0.07026680627798898,636800.0,0.05,30.0,63680.0,0.16,31840.0,0.0015,52
-1.076240530869799,0.049433178923011294,-1.1148363274627284,0.04786675005409723,-0.03859579659292933,0.06881035488337395,636800.0,0.05,30.0,63680.0,0.16,31840.0,0.0015,77
-1.076240530869799,0.049433178923011294,-1.1331921344677762,0.048692176791596514,-0.05695160359797713,0.06938708279743816,636800.0,0.05,30.0,63680.0,0.16,31840.0,0.0015,66
-1.076240530869799,0.049433178923011294,-1.1542555422488914,0.04971479974669981,-0.07801501137909228,0.07010849087156927,636800.0,0.05,30.0,63680.0,0.16,31840.0,0.0015,55
-1.076240530869799,0.049433178923011294,-1.1092280491257953,0.0478290507429086,-0.03298751825599622,0.06878413533222741,636800.0,0.05,30.0,63680.0,0.08,31840.0,0.03,88
-1.076240530869799,0.049433178923011294,-1.1633775432248619,0.05019733832192227,-0.08713701235506277,0.07045148652115138,636800.0,0.05,30.0,63680.0,0.08,31840.0,0.03,44
-1.076240530869799,0.049433178923011294,-1.1224589828563936,0.04839838257050645,-0.046218451986594467,0.06918123021366092,636800.0,0.05,30.0,63680.0,0.08,31840.0,0.03,72
-1.076240530869799,0.049433178923011294,-1.1579731724946412,0.049921517824099655,-0.08173264162484206,0.07025522841964396,636800.0,0.05,30.0,63680.0,0.08,31840.0,0.03,52
-1.076240530869799,0.04943317892301131,-1.1148363274627282,0.048066403924601785,-0.03859579659292911,0.06894938987893527,636800.0,0.05,30.0,63680.0,0.08,31840.0,0.03,77
-1.076240530869799,0.049433178923011294,-1.1331921344677762,0.048854518092088316,-0.05695160359797713,0.06950110154842606,636800.0,0.05,30.0,63680.0,0.08,31840.0,0.03,66
-1.076240530869799,0.049433178923011294,-1.1542555422488914,0.049755567612880955,-0.07801501137909228,0.07013740576122285,636800.0,0.05,30.0,63680.0,0.08,31840.0,0.03,55
-1.076240530869799,0.049433178923011294,-1.1092280491257953,0.047608598824210556,-0.03298751825599622,0.06863102695165701,636800.0,0.05,30.0,63680.0,0.08,31840.0,0.003,88
-1.076240530869799,0.049433178923011294,-1.1633775432248619,0.04993129646569276,-0.08713701235506277,0.07026217720210036,636800.0,0.05,30.0,63680.0,0.08,31840.0,0.003,44
-1.076240530869799,0.049433178923011294,-1.1224589828563936,0.04817320106449083,-0.046218451986594467,0.06902388339722931,636800.0,0.05,30.0,63680.0,0.08,31840.0,0.003,72
-1.076240530869799,0.049433178923011294,-1.1579731724946412,0.04967661761052085,-0.08173264162484206,0.07008142061671095,636800.0,0.05,30.0,63680.0,0.08,31840.0,0.003,52
-1.076240530869799,0.049433178923011294,-1.1148363274627284,0.0478440496248942,-0.03859579659292933,0.06879456564979378,636800.0,0.05,30.0,63680.0,0.08,31840.0,0.003,77
-1.076240530869799,0.04943317892301131,-1.1331921344677762,0.0486268611652088,-0.05695160359797713,0.0693412633661584,636800.0,0.05,30.0,63680.0,0.08,31840.0,0.003,66
-1.076240530869799,0.049433178923011294,-1.1542555422488914,0.0495161492582797,-0.07801501137909228,0.06996776554816282,636800.0,0.05,30.0,63680.0,0.08,31840.0,0.003,55
-1.076240530869799,0.049433178923011294,-1.1092280491257953,0.04760692483780566,-0.03298751825599622,0.06862986573604035,636800.0,0.05,30.0,63680.0,0.08,31840.0,0.0015,88
-1.076240530869799,0.049433178923011294,-1.1633775432248619,0.04992927558682127,-0.08713701235506277,0.07026074109386546,636800.0,0.05,30.0,63680.0,0.08,31840.0,0.0015,44
-1.076240530869799,0.049433178923011294,-1.1224589828563936,0.04817149112655336,-0.046218451986594467,0.06902269000691046,636800.0,0.05,30.0,63680.0,0.08,31840.0,0.0015,72
-1.076240530869799,0.049433178923011294,-1.1579731724946412,0.04967475769783154,-0.08173264162484206,0.07008010224573537,636800.0,0.05,30.0,63680.0,0.08,31840.0,0.0015,52
-1.076240530869799,0.049433178923011294,-1.1148363274627284,0.04784236117848458,-0.03859579659292933,0.06879339140911005,636800.0,0.05,30.0,63680.0,0.08,31840.0,0.0015,77
-1.076240530869799,0.049433178923011294,-1.1331921344677762,0.04862513242357873,-0.05695160359797713,0.06934005106462654,636800.0,0.05,30.0,63680.0,0.08,31840.0,0.0015,66
-1.076240530869799,0.049433178923011294,-1.1542555422488914,0.04951433106454031,-0.07801501137909228,0.06996647882524423,636800.0,0.05,30.0,63680.0,0.08,31840.0,0.0015,55
-1.076240530869799,0.04943317892301131,-1.1092280491257953,0.04782573518079066,-0.03298751825599622,0.06878182989727423,636800.0,0.05,30.0,63680.0,0.008,31840.0,0.03,88
-1.076240530869799,0.049433178923011294,-1.1633775432248619,0.050025220821509966,-0.08713701235506277,0.0703289548953721,636800.0,0.05,30.0,63680.0,0.008,31840.0,0.03,44
-1.076240530869799,0.049433178923011294,-1.1224589828563936,0.04838374894496275,-0.046218451986594467,0.06917099349007236,636800.0,0.05,30.0,63680.0,0.008,31840.0,0.03,72
-1.076240530869799,0.049433178923011294,-1.1579731724946412,0.04983483562458209,-0.08173264162484206,0.07019366082605726,636800.0,0.05,30.0,63680.0,0.008,31840.0,0.03,52
-1.076240530869799,0.049433178923011294,-1.1148363274627284,0.04805839039992969,-0.03859579659292933,0.06894380368290179,636800.0,0.05,30.0,63680.0,0.008,31840.0,0.03,77
-1.076240530869799,0.049433178923011294,-1.1331921344677762,0.0488324771789976,-0.05695160359797713,0.06948561006332009,636800.0,0.05,30.0,63680.0,0.008,31840.0,0.03,66
-1.076240530869799,0.04943317892301131,-1.1542555422488914,0.0496895566347873,-0.07801501137909228,0.07009059292798274,636800.0,0.05,30.0,63680.0,0.008,31840.0,0.03,55
-1.076240530869799,0.049433178923011294,-1.1092280491257953,0.04760526790828946,-0.03298751825599622,0.06862871637335542,636800.0,0.05,30.0,63680.0,0.008,31840.0,0.003,88
-1.076240530869799,0.049433178923011294,-1.1633775432248619,0.04975825871531489,-0.08713701235506277,0.07013931485846335,636800.0,0.05,30.0,63680.0,0.008,31840.0,0.003,44
-1.076240530869799,0.049433178923011294,-1.1224589828563936,0.04815849901448281,-0.046218451986594467,0.06901362333454454,636800.0,0.05,30.0,63680.0,0.008,31840.0,0.003,72
-1.076240530869799,0.049433178923011294,-1.1579731724946412,0.049589507328558186,-0.08173264162484206,0.07001970019589897,636800.0,0.05,30.0,63680.0,0.008,31840.0,0.003,52
-1.076240530869799,0.049433178923011294,-1.1148363274627284,0.04783599885126701,-0.03859579659292933,0.06878896688083683,636800.0,0.05,30.0,63680.0,0.008,31840.0,0.003,77
-1.076240530869799,0.049433178923011294,-1.1331921344677762,0.048604717016022495,-0.05695160359797713,0.0693257361637226,636800.0,0.05,30.0,63680.0,0.008,31840.0,0.003,66
-1.076240530869799,0.049433178923011294,-1.1542555422488914,0.04944981867964733,-0.07801501137909228,0.06992083913887509,636800.0,0.05,30.0,63680.0,0.008,31840.0,0.003,55
-1.076240530869799,0.049433178923011294,-1.1092280491257953,0.047603593804752486,-0.03298751825599622,0.06862755511864252,636800.0,0.05,30.0,63680.0,0.008,31840.0,0.0015,88
-1.076240530869799,0.04943317892301131,-1.1633775432248619,0.04975623080841285,-0.08713701235506277,0.07013787623456032,636800.0,0.05,30.0,63680.0,0.008,31840.0,0.0015,44
-1.076240530869799,0.049433178923011294,-1.1224589828563936,0.048156788554509014,-0.046218451986594467,0.0690124297668046,636800.0,0.05,30.0,63680.0,0.008,31840.0,0.0015,72
-1.076240530869799,0.049433178923011294,-1.1579731724946412,0.049587644148572835,-0.08173264162484206,0.0700183806627941,636800.0,0.05,30.0,63680.0,0.008,31840.0,0.0015,52
-1.076240530869799,0.049433178923011294,-1.1148363274627284,0.04783431012068272,-0.03859579659292933,0.06878779254457942,636800.0,0.05,30.0,63680.0,0.008,31840.0,0.0015,77
-1.076240530869799,0.049433178923011294,-1.1331921344677762,0.048602987486755435,-0.05695160359797713,0.0693245235906613,636800.0,0.05,30.0,63680.0,0.008,31840.0,0.0015,66
-1.076240530869799,0.049433178923011294,-1.1542555422488914,0.0494479980469449,-0.07801501137909228,0.06991955155237421,636800.0,0.05,30.0,63680.0,0.008,31840.0,0.0015,55
-2.511227905362865,0.049433178923011294,-2.5881987812935243,0.04783909649762384,-0.07697087593065932,0.06879112102694224,636800.0,0.05,70.0,63680.0,0.16,31840.0,0.03,88
-2.511227905362865,0.04943317892301131,-2.7145476008580114,0.050715339619097057,-0.2033196954951464,0.07082149992138549,636800.0,0.05,70.0,63680.0,0.16,31840.0,0.03,44
-2.511227905362865,0.049433178923011294,-2.6190709599982522,0.04844269989621547,-0.10784305463538724,0.06921224134262119,636800.0,0.05,70.0,63680.0,0.16,31840.0,0.03,72
-2.511227905362865,0.049433178923011294,-2.701937402487497,0.050183276851931545,-0.19070949712463214,0.07044146828418653,636800.0,0.05,70.0,63680.0,0.16,31840.0,0.03,52
-2.511227905362865,0.049433178923011294,-2.6012847640797,0.04809067917852506,-0.09005685871683511,0.0689663149826513,636800.0,0.05,70.0,63680.0,0.16,31840.0,0.03,77
-2.511227905362865,0.049433178923011294,-2.644114980424812,0.048921248098384676,-0.13288707506194708,0.06954802437120809,636800.0,0.05,70.0,63680.0,0.16,31840.0,0.03,66
-2.511227905362865,0.049433178923011294,-2.6932629319140813,0.049955068227013066,-0.18203502655121628,0.07027907241846593,636800.0,0.05,70.0,63680.0,0.16,31840.0,0.03,55
-2.511227905362865,0.049433178923011294,-2.5881987812935243,0.04761869108602065,-0.07697087593065932,0.06863802822911153,636800.0,0.05,70.0,63680.0,0.16,31840.0,0.003,88
-2.511227905362865,0.049433178923011294,-2.7145476008580123,0.050452029342928605,-0.20331969549514728,0.07063318231011666,636800.0,0.05,70.0,63680.0,0.16,31840.0,0.003,44
-2.511227905362865,0.049433178923011294,-2.6190709599982522,0.0482177253569012,-0.10784305463538724,0.0690549651873636,636800.0,0.05,70.0,63680.0,0.16,31840.0,0.003,72
-2.5112279053628646,0.04943317892301131,-2.701937402487497,0.04993966030078317,-0.1907094971246326,0.07026812114602231,636800.0,0.05,70.0,63680.0,0.16,31840.0,0.003,52
-2.511227905362865,0.049433178923011294,-2.6012847640797,0.04786843764024671,-0.09005685871683511,0.06881152883458291,636800.0,0.05,70.0,63680.0,0.16,31840.0,0.003,77
-2.511227905362865,0.049433178923011294,-2.644114980424812,0.04869390315300276,-0.13288707506194708,0.06938829427726596,636800.0,0.05,70.0,63680.0,0.16,31840.0,0.003,66
-2.511227905362865,0.049433178923011294,-2.6932629319140813,0.04971661060906903,-0.18203502655121628,0.07010977498814444,636800.0,0.05,70.0,63680.0,0.16,31840.0,0.003,55
-2.511227905362865,0.049433178923011294,-2.5881987812935243,0.047617017454411374,-0.07697087593065932,0.06863686713194422,636800.0,0.05,70.0,63680.0,0.16,31840.0,0.0015,88
-2.511227905362865,0.04943317892301131,-2.7145476008580114,0.05045002932307944,-0.2033196954951464,0.07063175374528105,636800.0,0.05,70.0,63680.0,0.16,31840.0,0.0015,44
-2.511227905362865,0.049433178923011294,-2.6190709599982522,0.04821601699797797,-0.10784305463538724,0.06905377233420162,636800.0,0.05,70.0,63680.0,0.16,31840.0,0.0015,72
-2.511227905362865,0.049433178923011294,-2.701937402487497,0.049937810185008945,-0.19070949712463214,0.07026680627798898,636800.0,0.05,70.0,63680.0,0.16,31840.0,0.0015,52
-2.511227905362865,0.049433178923011294,-2.6012847640797,0.04786675005409723,-0.09005685871683511,0.06881035488337395,636800.0,0.05,70.0,63680.0,0.16,31840.0,0.0015,77
-2.511227905362865,0.049433178923011294,-2.644114980424812,0.048692176791596514,-0.13288707506194708,0.06938708279743816,636800.0,0.05,70.0,63680.0,0.16,31840.0,0.0015,66
-2.511227905362865,0.049433178923011294,-2.6932629319140813,0.04971479974669982,-0.18203502655121628,0.07010849087156927,636800.0,0.05,70.0,63680.0,0.16,31840.0,0.0015,55
-2.511227905362865,0.049433178923011294,-2.5881987812935243,0.0478290507429086,-0.07697087593065932,0.06878413533222741,636800.0,0.05,70.0,63680.0,0.08,31840.0,0.03,88
-2.511227905362865,0.049433178923011294,-2.7145476008580123,0.050197338321922275,-0.20331969549514728,0.07045148652115138,636800.0,0.05,70.0,63680.0,0.08,31840.0,0.03,44
-2.511227905362865,0.049433178923011294,-2.6190709599982522,0.048398382570506444,-0.10784305463538724,0.06918123021366092,636800.0,0.05,70.0,63680.0,0.08,31840.0,0.03,72
-2.511227905362865,0.049433178923011294,-2.701937402487497,0.04992151782409966,-0.19070949712463214,0.07025522841964396,636800.0,0.05,70.0,63680.0,0.08,31840.0,0.03,52
-2.511227905362865,0.049433178923011294,-2.6012847640797,0.048066403924601785,-0.09005685871683511,0.06894938987893527,636800.0,0.05,70.0,63680.0,0.08,31840.0,0.03,77
-2.511227905362865,0.049433178923011294,-2.644114980424812,0.04885451809208831,-0.13288707506194708,0.06950110154842606,636800.0,0.05,70.0,63680.0,0.08,31840.0,0.03,66
-2.5112279053628646,0.04943317892301131,-2.6932629319140813,0.049755567612880996,-0.18203502655121673,0.07013740576122289,636800.0,0.05,70.0,63680.0,0.08,31840.0,0.03,55
-2.511227905362865,0.049433178923011294,-2.5881987812935243,0.047608598824210556,-0.07697087593065932,0.06863102695165701,636800.0,0.05,70.0,63680.0,0.08,31840.0,0.003,88
-2.511227905362865,0.049433178923011294,-2.7145476008580123,0.04993129646569276,-0.20331969549514728,0.07026217720210036,636800.0,0.05,70.0,63680.0,0.08,31840.0,0.003,44
-2.511227905362865,0.049433178923011294,-2.6190709599982522,0.048173201064490835,-0.10784305463538724,0.06902388339722933,636800.0,0.05,70.0,63680.0,0.08,31840.0,0.003,72
-2.511227905362865,0.04943317892301131,-2.7019374024874963,0.0496766176105208,-0.19070949712463126,0.07008142061671092,636800.0,0.05,70.0,63680.0,0.08,31840.0,0.003,52
-2.511227905362865,0.049433178923011294,-2.6012847640797,0.0478440496248942,-0.09005685871683511,0.06879456564979378,636800.0,0.05,70.0,63680.0,0.08,31840.0,0.003,77
-2.511227905362865,0.049433178923011294,-2.644114980424812,0.04862686116520878,-0.13288707506194708,0.06934126336615838,636800.0,0.05,70.0,63680.0,0.08,31840.0,0.003,66
-2.511227905362865,0.049433178923011294,-2.6932629319140813,0.049516149258279706,-0.18203502655121628,0.06996776554816284,636800.0,0.05,70.0,63680.0,0.08,31840.0,0.003,55
-2.511227905362865,0.049433178923011294,-2.5881987812935243,0.04760692483780566,-0.07697087593065932,0.06862986573604035,636800.0,0.05,70.0,63680.0,0.08,31840.0,0.0015,88
-2.511227905362865,0.049433178923011294,-2.7145476008580123,0.04992927558682127,-0.20331969549514728,0.07026074109386546,636800.0,0.05,70.0,63680.0,0.08,31840.0,0.0015,44
-2.511227905362865,0.049433178923011294,-2.6190709599982522,0.04817149112655336,-0.10784305463538724,0.06902269000691046,636800.0,0.05,70.0,63680.0,0.08,31840.0,0.0015,72
-2.511227905362865,0.049433178923011294,-2.701937402487497,0.04967475769783154,-0.19070949712463214,0.07008010224573537,636800.0,0.05,70.0,63680.0,0.08,31840.0,0.0015,52
-2.511227905362865,0.049433178923011294,-2.6012847640797,0.04784236117848458,-0.09005685871683511,0.06879339140911005,636800.0,0.05,70.0,63680.0,0.08,31840.0,0.0015,77
-2.511227905362865,0.049433178923011294,-2.644114980424812,0.04862513242357873,-0.13288707506194708,0.06934005106462654,636800.0,0.05,70.0,63680.0,0.08,31840.0,0.0015,66
-2.511227905362865,0.049433178923011294,-2.6932629319140813,0.04951433106454031,-0.18203502655121628,0.06996647882524423,636800.0,0.05,70.0,63680.0,0.08,31840.0,0.0015,55
-2.511227905362865,0.049433178923011294,-2.5881987812935243,0.047825735180790654,-0.07697087593065932,0.06878182989727422,636800.0,0.05,70.0,63680.0,0.008,31840.0,0.03,88
-2.511227905362865,0.049433178923011294,-2.7145476008580123,0.050025220821509966,-0.20331969549514728,0.0703289548953721,636800.0,0.05,70.0,63680.0,0.008,31840.0,0.03,44
-2.5112279053628646,0.04943317892301131,-2.6190709599982522,0.04838374894496275,-0.10784305463538768,0.06917099349007236,636800.0,0.05,70.0,63680.0,0.008,31840.0,0.03,72
-2.511227905362865,0.049433178923011294,-2.701937402487497,0.04983483562458209,-0.19070949712463214,0.07019366082605726,636800.0,0.05,70.0,63680.0,0.008,31840.0,0.03,52
-2.511227905362865,0.049433178923011294,-2.6012847640797,0.04805839039992969,-0.09005685871683511,0.06894380368290179,636800.0,0.05,70.0,63680.0,0.008,31840.0,0.03,77
-2.511227905362865,0.04943317892301131,-2.6441149804248116,0.04883247717899762,-0.13288707506194664,0.0694856100633201,636800.0,0.05,70.0,63680.0,0.008,31840.0,0.03,66
-2.511227905362865,0.049433178923011294,-2.6932629319140813,0.049689556634787274,-0.18203502655121628,0.07009059292798271,636800.0,0.05,70.0,63680.0,0.008,31840.0,0.03,55
-2.511227905362865,0.049433178923011294,-2.5881987812935243,0.04760526790828946,-0.07697087593065932,0.06862871637335542,636800.0,0.05,70.0,63680.0,0.008,31840.0,0.003,88
-2.511227905362865,0.049433178923011294,-2.7145476008580123,0.04975825871531489,-0.20331969549514728,0.07013931485846335,636800.0,0.05,70.0,63680.0,0.008,31840.0,0.003,44
-2.511227905362865,0.049433178923011294,-2.6190709599982522,0.04815849901448281,-0.10784305463538724,0.06901362333454454,636800.0,0.05,70.0,63680.0,0.008,31840.0,0.003,72
-2.511227905362865,0.049433178923011294,-2.701937402487497,0.049589507328558186,-0.19070949712463214,0.07001970019589897,636800.0,0.05,70.0,63680.0,0.008,31840.0,0.003,52
-2.511227905362865,0.049433178923011294,-2.6012847640797,0.04783599885126701,-0.09005685871683511,0.06878896688083683,636800.0,0.05,70.0,63680.0,0.008,31840.0,0.003,77
-2.511227905362865,0.049433178923011294,-2.644114980424812,0.048604717016022495,-0.13288707506194708,0.0693257361637226,636800.0,0.05,70.0,63680.0,0.008,31840.0,0.003,66
-2.511227905362865,0.049433178923011294,-2.6932629319140813,0.04944981867964733,-0.18203502655121628,0.06992083913887509,636800.0,0.05,70.0,63680.0,0.008,31840.0,0.003,55
-2.511227905362865,0.049433178923011294,-2.5881987812935243,0.047603593804752486,-0.07697087593065932,0.06862755511864252,636800.0,0.05,70.0,63680.0,0.008,31840.0,0.0015,88
-2.511227905362865,0.049433178923011294,-2.7145476008580123,0.04975623080841287,-0.20331969549514728,0.07013787623456033,636800.0,0.05,70.0,63680.0,0.008,31840.0,0.0015,44
-2.511227905362865,0.049433178923011294,-2.6190709599982522,0.048156788554509014,-0.10784305463538724,0.0690124297668046,636800.0,0.05,70.0,63680.0,0.008,31840.0,0.0015,72
-2.5112279053628646,0.04943317892301131,-2.701937402487497,0.04958764414857282,-0.1907094971246326,0.0700183806627941,636800.0,0.05,70.0,63680.0,0.008,31840.0,0.0015,52
-2.511227905362865,0.049433178923011294,-2.6012847640797,0.04783431012068272,-0.09005685871683511,0.06878779254457942,636800.0,0.05,70.0,63680.0,0.008,31840.0,0.0015,77
-2.511227905362865,0.049433178923011294,-2.644114980424812,0.048602987486755435,-0.13288707506194708,0.0693245235906613,636800.0,0.05,70.0,63680.0,0.008,31840.0,0.0015,66
-2.511227905362865,0.04943317892301131,-2.69326293191408,0.04944799804694492,-0.18203502655121495,0.06991955155237423,636800.0,0.05,70.0,63680.0,0.008,31840.0,0.0015,55
2.511227905362865,0.4943317892301129,2.5881987812935243,0.4760536884855977,0.07697087593065932,0.6862878639202264,636800.0,0.5,-70.0,63680.0,0.16,31840.0,0.03,88
2.511227905362865,0.4943317892301129,2.7145476008580123,0.4976351112372355,0.20331969549514728,0.7014304112166371,636800.0,0.5,-70.0,63680.0,0.16,31840.0,0.03,44
2.511227905362865,0.4943317892301129,2.6190709599982522,0.4815894459709305,0.10784305463538724,0.6901393426794568,636800.0,0.5,-70.0,63680.0,0.16,31840.0,0.03,72
2.511227905362865,0.4943317892301129,2.701937402487497,0.495921492821846,0.19070949712463214,0.7002157131099623,636800.0,0.5,-70.0,63680.0,0.16,31840.0,0.03,52
2.511227905362865,0.4943317892301129,2.6012847640797,0.478362428340114,0.09005685871683511,0.6878913654719729,636800.0,0.5,-70.0,63680.0,0.16,31840.0,0.03,77
2.511227905362865,0.4943317892301129,2.644114980424812,0.48605388199072747,0.13288707506194708,0.6932620673610383,636800.0,0.5,-70.0,63680.0,0.16,31840.0,0.03,66
2.511227905362865,0.4943317892301129,2.6932629319140813,0.4945183000436741,0.18203502655121628,0.6992226161399029,636800.0,0.5,-70.0,63680.0,0.16,31840.0,0.03,55
2.511227905362865,0.4943317892301129,2.5881987812935243,0.47603159024142444,0.07697087593065932,0.6862725353321552,636800.0,0.5,-70.0,63680.0,0.16,31840.0,0.003,88
2.511227905362865,0.4943317892301129,2.7145476008580123,0.49760834551706934,0.20331969549514728,0.7014114223276378,636800.0,0.5,-70.0,63680.0,0.16,31840.0,0.003,44
2.511227905362865,0.4943317892301129,2.6190709599982522,0.48156686797987525,0.10784305463538724,0.6901235876126763,636800.0,0.5,-70.0,63680.0,0.16,31840.0,0.003,72
2.511227905362865,0.4943317892301129,2.701937402487497,0.49589690000846776,0.19070949712463214,0.70019829568591,636800.0,0.5,-70.0,63680.0,0.16,31840.0,0.003,52
2.511227905362865,0.4943317892301129,2.6012847640797,0.47834013708418516,0.09005685871683511,0.6878758642292676,636800.0,0.5,-70.0,63680.0,0.16,31840.0,0.003,77
2.511227905362865,0.4943317892301129,2.644114980424812,0.4860310523896867,0.13288707506194708,0.6932460614604825,636800.0,0.5,-70.0,63680.0,0.16,31840.0,0.003,66
2.5112279053628646,0.4943317892301129,2.6932629319140813,0.49449426852793127,0.18203502655121673,0.6992056202937864,636800.0,0.5,-70.0,63680.0,0.16,31840.0,0.003,55
2.511227905362865,0.4943317892301129,2.5881987812935243,0.4760314228265685,0.07697087593065932,0.6862724192051812,636800.0,0.5,-70.0,63680.0,0.16,31840.0,0.0015,88
2.511227905362865,0.494331789230113,2.7145476008580114,0.49760814274096765,0.2033196954951464,0.7014112784704564,636800.0,0.5,-70.0,63680.0,0.16,31840.0,0.0015,44
2.511227905362865,0.4943317892301129,2.6190709599982522,0.48156669693044835,0.10784305463538724,0.690123468254737,636800.0,0.5,-70.0,63680.0,0.16,31840.0,0.0015,72
2.511227905362865,0.4943317892301129,2.701937402487497,0.49589671369462074,0.19070949712463214,0.7001981637340742,636800.0,0.5,-70.0,63680.0,0.16,31840.0,0.0015,52
2.511227905362865,0.4943317892301129,2.6012847640797,0.47833996820706953,0.09005685871683511,0.6878757467942775,636800.0,0.5,-70.0,63680.0,0.16,31840.0,0.0015,77
2.511227905362865,0.4943317892301129,2.644114980424812,0.486030879434071,0.13288707506194708,0.6932459402022497,636800.0,0.5,-70.0,63680.0,0.16,31840.0,0.0015,66
2.511227905362865,0.4943317892301129,2.6932629319140813,0.4944940864665362,0.18203502655121628,0.6992054915357995,636800.0,0.5,-70.0,63680.0,0.16,31840.0,0.0015,55
2.511227905362865,0.4943317892301129,2.5881987812935243,0.47605267908289445,0.07697087593065932,0.686287163733554,636800.0,0.5,-70.0,63680.0,0.08,31840.0,0.03,88
2.511227905362865,0.4943317892301129,2.7145476008580123,0.4975825871531488,0.20331969549514728,0.7013931485846334,636800.0,0.5,-70.0,63680.0,0.08,31840.0,0.03,44
2.511227905362865,0.4943317892301129,2.6190709599982522,0.48158499014482803,0.10784305463538724,0.6901362333454453,636800.0,0.5,-70.0,63680.0,0.08,31840.0,0.03,72
2.511227905362865,0.4943317892301129,2.701937402487497,0.49589507328558186,0.19070949712463214,0.7001970019589897,636800.0,0.5,-70.0,63680.0,0.08,31840.0,0.03,52
2.511227905362865,0.4943317892301129,2.6012847640797,0.4783599885126701,0.09005685871683511,0.6878896688083683,636800.0,0.5,-70.0,63680.0,0.08,31840.0,0.03,77
2.511227905362865,0.4943317892301129,2.644114980424812,0.4860471701602248,0.13288707506194708,0.6932573616372258,636800.0,0.5,-70.0,63680.0,0.08,31840.0,0.03,66
2.511227905362865,0.4943317892301129,2.6932629319140813,0.4944981867964732,0.18203502655121628,0.6992083913887508,636800.0,0.5,-70.0,63680.0,0.08,31840.0,0.03,55
2.511227905362865,0.4943317892301129,2.5881987812935243,0.4760305807918628,0.07697087593065932,0.6862718351298434,636800.0,0.5,-70.0,63680.0,0.08,31840.0,0.003,88
2.511227905362865,0.4943317892301129,2.7145476008580123,0.4975558186074807,0.20331969549514728,0.7013741586867918,636800.0,0.5,-70.0,63680.0,0.08,31840.0,0.003,44
2.511227905362865,0.494331789230113,2.6190709599982513,0.48156241194486177,0.10784305463538635,0.6901204782076805,636800.0,0.5,-70.0,63680.0,0.08,31840.0,0.003,72
2.511227905362865,0.4943317892301129,2.701937402487497,0.49587047916192045,0.19070949712463214,0.7001795840694852,636800.0,0.5,-70.0,63680.0,0.08,31840.0,0.003,52
2.5112279053628646,0.4943317892301129,2.6012847640797,0.47833769714304153,0.09005685871683555,0.6878741675274286,636800.0,0.5,-70.0,63680.0,0.08,31840.0,0.003,77
2.511227905362865,0.4943317892301129,2.644114980424812,0.486024340243915,0.13288707506194708,0.6932413556280219,636800.0,0.5,-70.0,63680.0,0.08,31840.0,0.003,66
2.511227905362865,0.4943317892301129,2.6932629319140813,0.4944741543032234,0.18203502655121628,0.6991913951968608,636800.0,0.5,-70.0,63680.0,0.08,31840.0,0.003,55
2.511227905362865,0.4943317892301129,2.5881987812935243,0.4760304133766518,0.07697087593065932,0.686271719002751,636800.0,0.5,-70.0,63680.0,0.08,31840.0,0.0015,88
2.511227905362865,0.4943317892301129,2.7145476008580123,0.49755561580997165,0.20331969549514728,0.701374014821967,636800.0,0.5,-70.0,63680.0,0.08,31840.0,0.0015,44
2.511227905362865,0.4943317892301129,2.6190709599982522,0.48156224089385224,0.10784305463538724,0.6901203588492034,636800.0,0.5,-70.0,63680.0,0.08,31840.0,0.0015,72
2.511227905362865,0.4943317892301129,2.701937402487497,0.49587029283814626,0.19070949712463214,0.7001794521141231,636800.0,0.5,-70.0,63680.0,0.08,31840.0,0.0015,52
2.511227905362865,0.4943317892301129,2.6012847640797,0.4783375282650646,0.09005685871683511,0.687874050092149,636800.0,0.5,-70.0,63680.0,0.08,31840.0,0.0015,77
2.511227905362865,0.4943317892301129,2.644114980424812,0.4860241672859107,0.13288707506194708,0.693241234368966,636800.0,0.5,-70.0,63680.0,0.08,31840.0,0.0015,66
2.511227905362865,0.4943317892301129,2.6932629319140813,0.4944739722344227,0.18203502655121628,0.6991912664362545,636800.0,0.5,-70.0,63680.0,0.08,31840.0,0.0015,55
2.511227905362865,0.4943317892301129,2.5881987812935243,0.47605234597953267,0.07697087593065932,0.6862869326717954,636800.0,0.5,-70.0,63680.0,0.008,31840.0,0.03,88
2.511227905362865,0.4943317892301129,2.7145476008580123,0.4975652529886469,0.20331969549514728,0.7013808514816333,636800.0,0.5,-70.0,63680.0,0.008,31840.0,0.03,44
2.511227905362865,0.4943317892301129,2.6190709599982522,0.4815835197131669,0.10784305463538724,0.6901352072621473,636800.0,0.5,-70.0,63680.0,0.008,31840.0,0.03,72
2.511227905362865,0.4943317892301129,2.701937402487497,0.4958863545297247,0.19070949712463214,0.7001908271694399,636800.0,0.5,-70.0,63680.0,0.008,31840.0,0.03,52
2.5112279053628646,0.4943317892301129,2.6012847640797,0.47835918336688266,0.09005685871683555,0.6878891089084603,636800.0,0.5,-70.0,63680.0,0.008,31840.0,0.03,77
2.511227905362865,0.494331789230113,2.6441149804248116,0.4860449552358197,0.13288707506194664,0.6932558087413583,636800.0,0.5,-70.0,63680.0,0.008,31840.0,0.03,66
2.511227905362865,0.4943317892301129,2.6932629319140813,0.49449154924536526,0.18203502655121628,0.6992036971573636,636800.0,0.5,-70.0,63680.0,0.008,31840.0,0.03,55
2.511227905362865,0.4943317892301129,2.5881987812935243,0.47603024767303764,0.07697087593065932,0.6862716040629236,636800.0,0.5,-70.0,63680.0,0.008,31840.0,0.003,88
2.511227905362865,0.4943317892301129,2.7145476008580123,0.49753848351036684,0.20331969549514728,0.7013618612508384,636800.0,0.5,-70.0,63680.0,0.008,31840.0,0.003,44
2.511227905362865,0.4943317892301129,2.6190709599982522,0.48156094144425887,0.10784305463538724,0.6901194521009575,636800.0,0.5,-70.0,63680.0,0.008,31840.0,0.003,72
2.511227905362865,0.4943317892301129,2.701937402487497,0.4958617599736239,0.19070949712463214,0.7001734091263282,636800.0,0.5,-70.0,63680.0,0.008,31840.0,0.003,52
2.511227905362865,0.4943317892301129,2.6012847640797,0.478336891959733,0.09005685871683511,0.6878736076149033,636800.0,0.5,-70.0,63680.0,0.008,31840.0,0.003,77
2.511227905362865,0.4943317892301129,2.644114980424812,0.48602212521546795,0.13288707506194708,0.6932398026962999,636800.0,0.5,-70.0,63680.0,0.008,31840.0,0.003,66
2.511227905362865,0.4943317892301129,2.6932629319140813,0.49446751642951203,0.18203502655121628,0.6991867008513638,636800.0,0.5,-70.0,63680.0,0.008,31840.0,0.003,55
2.511227905362865,0.4943317892301129,2.5881987812935243,0.47603008025770954,0.07697087593065932,0.6862714879357922,636800.0,0.5,-70.0,63680.0,0.008,31840.0,0.0015,88
2.511227905362865,0.4943317892301129,2.7145476008580123,0.4975382807057919,0.20331969549514728,0.7013617173834912,636800.0,0.5,-70.0,63680.0,0.008,31840.0,0.0015,44
2.511227905362865,0.4943317892301129,2.6190709599982522,0.48156077039272693,0.10784305463538724,0.690119332742303,636800.0,0.5,-70.0,63680.0,0.008,31840.0,0.0015,72
2.511227905362865,0.4943317892301129,2.701937402487497,0.4958615736465734,0.19070949712463214,0.7001732771698024,636800.0,0.5,-70.0,63680.0,0.008,31840.0,0.0015,52
2.511227905362865,0.4943317892301129,2.6012847640797,0.4783367230814717,0.09005685871683511,0.687873490179528,636800.0,0.5,-70.0,63680.0,0.008,31840.0,0.0015,77
2.511227905362865,0.4943317892301129,2.644114980424812,0.4860219522566754,0.13288707506194708,0.6932396814369723,636800.0,0.5,-70.0,63680.0,0.008,31840.0,0.0015,66
2.5112279053628646,0.4943317892301129,2.6932629319140813,0.49446733435826745,0.18203502655121673,0.6991865720898932,636800.0,0.5,-70.0,63680.0,0.008,31840.0,0.0015,55
1.076240530869799,0.4943317892301129,1.1092280491257953,0.4760536884855977,0.03298751825599622,0.6862878639202264,636800.0,0.5,-30.0,63680.0,0.16,31840.0,0.03,88
1.076240530869799,0.4943317892301129,1.1633775432248619,0.4976351112372355,0.08713701235506277,0.7014304112166371,636800.0,0.5,-30.0,63680.0,0.16,31840.0,0.03,44
1.076240530869799,0.494331789230113,1.1224589828563936,0.4815894459709304,0.046218451986594467,0.6901393426794566,636800.0,0.5,-30.0,63680.0,0.16,31840.0,0.03,72
1.076240530869799,0.4943317892301129,1.1579731724946412,0.495921492821846,0.08173264162484206,0.7002157131099623,636800.0,0.5,-30.0,63680.0,0.16,31840.0,0.03,52
1.076240530869799,0.4943317892301129,1.1148363274627284,0.478362428340114,0.03859579659292933,0.6878913654719729,636800.0,0.5,-30.0,63680.0,0.16,31840.0,0.03,77
1.076240530869799,0.4943317892301129,1.1331921344677762,0.48605388199072747,0.05695160359797713,0.6932620673610383,636800.0,0.5,-30.0,63680.0,0.16,31840.0,0.03,66
1.076240530869799,0.4943317892301129,1.1542555422488914,0.4945183000436741,0.07801501137909228,0.6992226161399029,636800.0,0.5,-30.0,63680.0,0.16,31840.0,0.03,55
1.076240530869799,0.4943317892301129,1.1092280491257953,0.47603159024142444,0.03298751825599622,0.6862725353321552,636800.0,0.5,-30.0,63680.0,0.16,31840.0,0.003,88
1.076240530869799,0.4943317892301129,1.1633775432248619,0.49760834551706934,0.08713701235506277,0.7014114223276378,636800.0,0.5,-30.0,63680.0,0.16,31840.0,0.003,44
1.076240530869799,0.4943317892301129,1.1224589828563936,0.48156686797987525,0.046218451986594467,0.6901235876126763,636800.0,0.5,-30.0,63680.0,0.16,31840.0,0.003,72
1.076240530869799,0.4943317892301129,1.1579731724946412,0.49589690000846776,0.08173264162484206,0.70019829568591,636800.0,0.5,-30.0,63680.0,0.16,31840.0,0.003,52
1.076240530869799,0.4943317892301129,1.1148363274627284,0.47834013708418516,0.03859579659292933,0.6878758642292676,636800.0,0.5,-30.0,63680.0,0.16,31840.0,0.003,77
1.076240530869799,0.4943317892301129,1.1331921344677762,0.4860310523896867,0.05695160359797713,0.6932460614604825,636800.0,0.5,-30.0,63680.0,0.16,31840.0,0.003,66
1.076240530869799,0.4943317892301129,1.1542555422488914,0.494494268527931,0.07801501137909228,0.6992056202937862,636800.0,0.5,-30.0,63680.0,0.16,31840.0,0.003,55
1.076240530869799,0.4943317892301129,1.1092280491257953,0.4760314228265685,0.03298751825599622,0.6862724192051812,636800.0,0.5,-30.0,63680.0,0.16,31840.0,0.0015,88
1.076240530869799,0.4943317892301129,1.1633775432248619,0.4976081427409674,0.08713701235506277,0.7014112784704561,636800.0,0.5,-30.0,63680.0,0.16,31840.0,0.0015,44
1.076240530869799,0.4943317892301129,1.1224589828563936,0.4815666969304484,0.046218451986594467,0.6901234682547371,636800.0,0.5,-30.0,63680.0,0.16,31840.0,0.0015,72
1.076240530869799,0.494331789230113,1.157973172494641,0.49589671369462024,0.08173264162484184,0.700198163734074,636800.0,0.5,-30.0,63680.0,0.16,31840.0,0.0015,52
1.076240530869799,0.4943317892301129,1.1148363274627284,0.47833996820706953,0.03859579659292933,0.6878757467942775,636800.0,0.5,-30.0,63680.0,0.16,31840.0,0.0015,77
1.076240530869799,0.4943317892301129,1.1331921344677762,0.486030879434071,0.05695160359797713,0.6932459402022497,636800.0,0.5,-30.0,63680.0,0.16,31840.0,0.0015,66
1.076240530869799,0.4943317892301129,1.1542555422488914,0.4944940864665362,0.07801501137909228,0.6992054915357995,636800.0,0.5,-30.0,63680.0,0.16,31840.0,0.0015,55
1.076240530869799,0.4943317892301129,1.1092280491257953,0.47605267908289445,0.03298751825599622,0.686287163733554,636800.0,0.5,-30.0,63680.0,0.08,31840.0,0.03,88
1.076240530869799,0.4943317892301129,1.1633775432248619,0.4975825871531488,0.08713701235506277,0.7013931485846334,636800.0,0.5,-30.0,63680.0,0.08,31840.0,0.03,44
1.076240530869799,0.4943317892301129,1.1224589828563936,0.48158499014482803,0.046218451986594467,0.6901362333454453,636800.0,0.5,-30.0,63680.0,0.08,31840.0,0.03,72
1.076240530869799,0.4943317892301129,1.1579731724946412,0.49589507328558186,0.08173264162484206,0.7001970019589897,636800.0,0.5,-30.0,63680.0,0.08,31840.0,0.03,52
1.076240530869799,0.4943317892301129,1.1148363274627284,0.4783599885126701,0.03859579659292933,0.6878896688083683,636800.0,0.5,-30.0,63680.0,0.08,31840.0,0.03,77
1.076240530869799,0.4943317892301129,1.1331921344677762,0.4860471701602248,0.05695160359797713,0.6932573616372258,636800.0,0.5,-30.0,63680.0,0.08,31840.0,0.03,66
1.076240530869799,0.4943317892301129,1.1542555422488914,0.4944981867964732,0.07801501137909228,0.6992083913887508,636800.0,0.5,-30.0,63680.0,0.08,31840.0,0.03,55
1.076240530869799,0.4943317892301129,1.1092280491257953,0.4760305807918628,0.03298751825599622,0.6862718351298434,636800.0,0.5,-30.0,63680.0,0.08,31840.0,0.003,88
1.076240530869799,0.4943317892301129,1.1633775432248619,0.4975558186074807,0.08713701235506277,0.7013741586867918,636800.0,0.5,-30.0,63680.0,0.08,31840.0,0.003,44
1.076240530869799,0.4943317892301129,1.1224589828563936,0.4815624119448619,0.046218451986594467,0.6901204782076805,636800.0,0.5,-30.0,63680.0,0.08,31840.0,0.003,72
1.076240530869799,0.4943317892301129,1.1579731724946412,0.49587047916192023,0.08173264162484206,0.7001795840694851,636800.0,0.5,-30.0,63680.0,0.08,31840.0,0.003,52
1.076240530869799,0.4943317892301129,1.1148363274627284,0.47833769714304164,0.03859579659292933,0.6878741675274287,636800.0,0.5,-30.0,63680.0,0.08,31840.0,0.003,77
1.076240530869799,0.494331789230113,1.1331921344677762,0.4860243402439153,0.05695160359797713,0.6932413556280222,636800.0,0.5,-30.0,63680.0,0.08,31840.0,0.003,66
1.076240530869799,0.4943317892301129,1.1542555422488914,0.4944741543032234,0.07801501137909228,0.6991913951968608,636800.0,0.5,-30.0,63680.0,0.08,31840.0,0.003,55
1.076240530869799,0.4943317892301129,1.1092280491257953,0.4760304133766518,0.03298751825599622,0.686271719002751,636800.0,0.5,-30.0,63680.0,0.08,31840.0,0.0015,88
1.076240530869799,0.4943317892301129,1.1633775432248619,0.49755561580997165,0.08713701235506277,0.701374014821967,636800.0,0.5,-30.0,63680.0,0.08,31840.0,0.0015,44
1.076240530869799,0.4943317892301129,1.1224589828563936,0.48156224089385224,0.046218451986594467,0.6901203588492034,636800.0,0.5,-30.0,63680.0,0.08,31840.0,0.0015,72
1.076240530869799,0.4943317892301129,1.1579731724946412,0.49587029283814626,0.08173264162484206,0.7001794521141231,636800.0,0.5,-30.0,63680.0,0.08,31840.0,0.0015,52
1.076240530869799,0.4943317892301129,1.1148363274627284,0.4783375282650646,0.03859579659292933,0.687874050092149,636800.0,0.5,-30.0,63680.0,0.08,31840.0,0.0015,77
1.076240530869799,0.4943317892301129,1.1331921344677762,0.4860241672859107,0.05695160359797713,0.693241234368966,636800.0,0.5,-30.0,63680.0,0.08,31840.0,0.0015,66
1.076240530869799,0.4943317892301129,1.1542555422488914,0.4944739722344227,0.07801501137909228,0.6991912664362545,636800.0,0.5,-30.0,63680.0,0.08,31840.0,0.0015,55
1.076240530869799,0.4943317892301129,1.1092280491257953,0.47605234597953267,0.03298751825599622,0.6862869326717954,636800.0,0.5,-30.0,63680.0,0.008,31840.0,0.03,88
1.076240530869799,0.4943317892301129,1.1633775432248619,0.4975652529886469,0.08713701235506277,0.7013808514816333,636800.0,0.5,-30.0,63680.0,0.008,31840.0,0.03,44
1.076240530869799,0.4943317892301129,1.1224589828563936,0.4815835197131669,0.046218451986594467,0.6901352072621473,636800.0,0.5,-30.0,63680.0,0.008,31840.0,0.03,72
1.076240530869799,0.4943317892301129,1.1579731724946412,0.4958863545297247,0.08173264162484206,0.7001908271694399,636800.0,0.5,-30.0,63680.0,0.008,31840.0,0.03,52
1.076240530869799,0.4943317892301129,1.1148363274627284,0.4783591833668827,0.03859579659292933,0.6878891089084604,636800.0,0.5,-30.0,63680.0,0.008,31840.0,0.03,77
1.076240530869799,0.4943317892301129,1.133192134467776,0.4860449552358197,0.05695160359797691,0.6932558087413583,636800.0,0.5,-30.0,63680.0,0.008,31840.0,0.03,66
1.076240530869799,0.4943317892301129,1.1542555422488914,0.49449154924536526,0.07801501137909228,0.6992036971573636,636800.0,0.5,-30.0,63680.0,0.008,31840.0,0.03,55
1.076240530869799,0.494331789230113,1.1092280491257953,0.47603024767303775,0.03298751825599622,0.6862716040629239,636800.0,0.5,-30.0,63680.0,0.008,31840.0,0.003,88
1.076240530869799,0.4943317892301129,1.1633775432248619,0.49753848351036684,0.08713701235506277,0.7013618612508384,636800.0,0.5,-30.0,63680.0,0.008,31840.0,0.003,44
1.076240530869799,0.4943317892301129,1.1224589828563936,0.48156094144425887,0.046218451986594467,0.6901194521009575,636800.0,0.5,-30.0,63680.0,0.008,31840.0,0.003,72
1.076240530869799,0.4943317892301129,1.1579731724946412,0.4958617599736239,0.08173264162484206,0.7001734091263282,636800.0,0.5,-30.0,63680.0,0.008,31840.0,0.003,52
1.076240530869799,0.4943317892301129,1.1148363274627284,0.478336891959733,0.03859579659292933,0.6878736076149033,636800.0,0.5,-30.0,63680.0,0.008,31840.0,0.003,77
1.076240530869799,0.4943317892301129,1.1331921344677762,0.48602212521546795,0.05695160359797713,0.6932398026962999,636800.0,0.5,-30.0,63680.0,0.008,31840.0,0.003,66
1.076240530869799,0.4943317892301129,1.1542555422488914,0.49446751642951203,0.07801501137909228,0.6991867008513638,636800.0,0.5,-30.0,63680.0,0.008,31840.0,0.003,55
1.076240530869799,0.4943317892301129,1.1092280491257953,0.47603008025770954,0.03298751825599622,0.6862714879357922,636800.0,0.5,-30.0,63680.0,0.008,31840.0,0.0015,88
1.076240530869799,0.4943317892301129,1.1633775432248619,0.4975382807057919,0.08713701235506277,0.7013617173834912,636800.0,0.5,-30.0,63680.0,0.008,31840.0,0.0015,44
1.076240530869799,0.4943317892301129,1.1224589828563936,0.48156077039272693,0.046218451986594467,0.690119332742303,636800.0,0.5,-30.0,63680.0,0.008,31840.0,0.0015,72
1.076240530869799,0.4943317892301129,1.1579731724946412,0.4958615736465734,0.08173264162484206,0.7001732771698024,636800.0,0.5,-30.0,63680.0,0.008,31840.0,0.0015,52
1.076240530869799,0.4943317892301129,1.1148363274627284,0.4783367230814717,0.03859579659292933,0.687873490179528,636800.0,0.5,-30.0,63680.0,0.008,31840.0,0.0015,77
1.076240530869799,0.4943317892301129,1.1331921344677762,0.4860219522566754,0.05695160359797713,0.6932396814369723,636800.0,0.5,-30.0,63680.0,0.008,31840.0,0.0015,66
1.076240530869799,0.4943317892301129,1.1542555422488914,0.4944673343582672,0.07801501137909228,0.6991865720898931,636800.0,0.5,-30.0,63680.0,0.008,31840.0,0.0015,55
0.0,0.4943317892301129,0.0,0.4760536884855977,0.0,0.6862878639202264,636800.0,0.5,0.0,63680.0,0.16,31840.0,0.03,88
0.0,0.4943317892301129,0.0,0.4976351112372355,0.0,0.7014304112166371,636800.0,0.5,0.0,63680.0,0.16,31840.0,0.03,44
0.0,0.494331789230113,0.0,0.4815894459709304,0.0,0.6901393426794566,636800.0,0.5,0.0,63680.0,0.16,31840.0,0.03,72
0.0,0.4943317892301129,0.0,0.495921492821846,0.0,0.7002157131099623,636800.0,0.5,0.0,63680.0,0.16,31840.0,0.03,52
0.0,0.4943317892301129,0.0,0.478362428340114,0.0,0.6878913654719729,636800.0,0.5,0.0,63680.0,0.16,31840.0,0.03,77
0.0,0.4943317892301129,0.0,0.48605388199072747,0.0,0.6932620673610383,636800.0,0.5,0.0,63680.0,0.16,31840.0,0.03,66
0.0,0.4943317892301129,0.0,0.4945183000436741,0.0,0.6992226161399029,636800.0,0.5,0.0,63680.0,0.16,31840.0,0.03,55
0.0,0.4943317892301129,0.0,0.47603159024142444,0.0,0.6862725353321552,636800.0,0.5,0.0,63680.0,0.16,31840.0,0.003,88
0.0,0.4943317892301129,0.0,0.49760834551706934,0.0,0.7014114223276378,636800.0,0.5,0.0,63680.0,0.16,31840.0,0.003,44
0.0,0.4943317892301129,0.0,0.48156686797987525,0.0,0.6901235876126763,636800.0,0.5,0.0,63680.0,0.16,31840.0,0.003,72
0.0,0.4943317892301129,0.0,0.49589690000846776,0.0,0.70019829568591,636800.0,0.5,0.0,63680.0,0.16,31840.0,0.003,52
0.0,0.4943317892301129,0.0,0.47834013708418516,0.0,0.6878758642292676,636800.0,0.5,0.0,63680.0,0.16,31840.0,0.003,77
0.0,0.4943317892301129,0.0,0.4860310523896867,0.0,0.6932460614604825,636800.0,0.5,0.0,63680.0,0.16,31840.0,0.003,66
0.0,0.4943317892301129,0.0,0.494494268527931,0.0,0.6992056202937862,636800.0,0.5,0.0,63680.0,0.16,31840.0,0.003,55
0.0,0.4943317892301129,0.0,0.4760314228265685,0.0,0.6862724192051812,636800.0,0.5,0.0,63680.0,0.16,31840.0,0.0015,88
0.0,0.4943317892301129,0.0,0.4976081427409674,0.0,0.7014112784704561,636800.0,0.5,0.0,63680.0,0.16,31840.0,0.0015,44
0.0,0.4943317892301129,0.0,0.48156669693044835,0.0,0.690123468254737,636800.0,0.5,0.0,63680.0,0.16,31840.0,0.0015,72
0.0,0.4943317892301129,0.0,0.4958967136946205,0.0,0.7001981637340741,636800.0,0.5,0.0,63680.0,0.16,31840.0,0.0015,52
0.0,0.494331789230113,0.0,0.4783399682070696,0.0,0.6878757467942777,636800.0,0.5,0.0,63680.0,0.16,31840.0,0.0015,77
0.0,0.4943317892301129,0.0,0.486030879434071,0.0,0.6932459402022497,636800.0,0.5,0.0,63680.0,0.16,31840.0,0.0015,66
0.0,0.4943317892301129,0.0,0.4944940864665362,0.0,0.6992054915357995,636800.0,0.5,0.0,63680.0,0.16,31840.0,0.0015,55
0.0,0.4943317892301129,0.0,0.47605267908289445,0.0,0.686287163733554,636800.0,0.5,0.0,63680.0,0.08,31840.0,0.03,88
0.0,0.4943317892301129,0.0,0.4975825871531488,0.0,0.7013931485846334,636800.0,0.5,0.0,63680.0,0.08,31840.0,0.03,44
0.0,0.4943317892301129,0.0,0.48158499014482803,0.0,0.6901362333454453,636800.0,0.5,0.0,63680.0,0.08,31840.0,0.03,72
0.0,0.4943317892301129,0.0,0.49589507328558186,0.0,0.7001970019589897,636800.0,0.5,0.0,63680.0,0.08,31840.0,0.03,52
0.0,0.4943317892301129,0.0,0.4783599885126701,0.0,0.6878896688083683,636800.0,0.5,0.0,63680.0,0.08,31840.0,0.03,77
0.0,0.4943317892301129,0.0,0.4860471701602248,0.0,0.6932573616372258,636800.0,0.5,0.0,63680.0,0.08,31840.0,0.03,66
0.0,0.4943317892301129,0.0,0.4944981867964732,0.0,0.6992083913887508,636800.0,0.5,0.0,63680.0,0.08,31840.0,0.03,55
0.0,0.4943317892301129,0.0,0.4760305807918628,0.0,0.6862718351298434,636800.0,0.5,0.0,63680.0,0.08,31840.0,0.003,88
0.0,0.4943317892301129,0.0,0.4975558186074807,0.0,0.7013741586867918,636800.0,0.5,0.0,63680.0,0.08,31840.0,0.003,44
0.0,0.4943317892301129,0.0,0.4815624119448619,0.0,0.6901204782076805,636800.0,0.5,0.0,63680.0,0.08,31840.0,0.003,72
0.0,0.4943317892301129,0.0,0.49587047916192045,0.0,0.7001795840694852,636800.0,0.5,0.0,63680.0,0.08,31840.0,0.003,52
0.0,0.4943317892301129,0.0,0.47833769714304164,0.0,0.6878741675274287,636800.0,0.5,0.0,63680.0,0.08,31840.0,0.003,77
0.0,0.494331789230113,0.0,0.4860243402439153,0.0,0.6932413556280222,636800.0,0.5,0.0,63680.0,0.08,31840.0,0.003,66
0.0,0.4943317892301129,0.0,0.49447415430322367,0.0,0.699191395196861,636800.0,0.5,0.0,63680.0,0.08,31840.0,0.003,55
0.0,0.4943317892301129,0.0,0.4760304133766518,0.0,0.686271719002751,636800.0,0.5,0.0,63680.0,0.08,31840.0,0.0015,88
0.0,0.4943317892301129,0.0,0.49755561580997165,0.0,0.701374014821967,636800.0,0.5,0.0,63680.0,0.08,31840.0,0.0015,44
0.0,0.4943317892301129,0.0,0.48156224089385224,0.0,0.6901203588492034,636800.0,0.5,0.0,63680.0,0.08,31840.0,0.0015,72
0.0,0.4943317892301129,0.0,0.49587029283814626,0.0,0.7001794521141231,636800.0,0.5,0.0,63680.0,0.08,31840.0,0.0015,52
0.0,0.4943317892301129,0.0,0.4783375282650646,0.0,0.687874050092149,636800.0,0.5,0.0,63680.0,0.08,31840.0,0.0015,77
0.0,0.4943317892301129,0.0,0.4860241672859107,0.0,0.693241234368966,636800.0,0.5,0.0,63680.0,0.08,31840.0,0.0015,66
0.0,0.4943317892301129,0.0,0.4944739722344227,0.0,0.6991912664362545,636800.0,0.5,0.0,63680.0,0.08,31840.0,0.0015,55
0.0,0.4943317892301129,0.0,0.47605234597953267,0.0,0.6862869326717954,636800.0,0.5,0.0,63680.0,0.008,31840.0,0.03,88
0.0,0.4943317892301129,0.0,0.4975652529886469,0.0,0.7013808514816333,636800.0,0.5,0.0,63680.0,0.008,31840.0,0.03,44
0.0,0.4943317892301129,0.0,0.4815835197131669,0.0,0.6901352072621473,636800.0,0.5,0.0,63680.0,0.008,31840.0,0.03,72
0.0,0.4943317892301129,0.0,0.4958863545297247,0.0,0.7001908271694399,636800.0,0.5,0.0,63680.0,0.008,31840.0,0.03,52
0.0,0.4943317892301129,0.0,0.4783591833668827,0.0,0.6878891089084604,636800.0,0.5,0.0,63680.0,0.008,31840.0,0.03,77
0.0,0.4943317892301129,0.0,0.48604495523581936,0.0,0.6932558087413581,636800.0,0.5,0.0,63680.0,0.008,31840.0,0.03,66
0.0,0.4943317892301129,0.0,0.49449154924536526,0.0,0.6992036971573636,636800.0,0.5,0.0,63680.0,0.008,31840.0,0.03,55
0.0,0.494331789230113,0.0,0.47603024767303775,0.0,0.6862716040629239,636800.0,0.5,0.0,63680.0,0.008,31840.0,0.003,88
0.0,0.4943317892301129,0.0,0.4975384835103665,0.0,0.7013618612508382,636800.0,0.5,0.0,63680.0,0.008,31840.0,0.003,44
0.0,0.4943317892301129,0.0,0.48156094144425887,0.0,0.6901194521009575,636800.0,0.5,0.0,63680.0,0.008,31840.0,0.003,72
0.0,0.4943317892301129,0.0,0.4958617599736239,0.0,0.7001734091263282,636800.0,0.5,0.0,63680.0,0.008,31840.0,0.003,52
0.0,0.4943317892301129,0.0,0.478336891959733,0.0,0.6878736076149033,636800.0,0.5,0.0,63680.0,0.008,31840.0,0.003,77
0.0,0.4943317892301129,0.0,0.48602212521546795,0.0,0.6932398026962999,636800.0,0.5,0.0,63680.0,0.008,31840.0,0.003,66
0.0,0.4943317892301129,0.0,0.49446751642951203,0.0,0.6991867008513638,636800.0,0.5,0.0,63680.0,0.008,31840.0,0.003,55
0.0,0.4943317892301129,0.0,0.47603008025770954,0.0,0.6862714879357922,636800.0,0.5,0.0,63680.0,0.008,31840.0,0.0015,88
0.0,0.4943317892301129,0.0,0.4975382807057919,0.0,0.7013617173834912,636800.0,0.5,0.0,63680.0,0.008,31840.0,0.0015,44
0.0,0.4943317892301129,0.0,0.48156077039272693,0.0,0.690119332742303,636800.0,0.5,0.0,63680.0,0.008,31840.0,0.0015,72
0.0,0.4943317892301129,0.0,0.4958615736465734,0.0,0.7001732771698024,636800.0,0.5,0.0,63680.0,0.008,31840.0,0.0015,52
0.0,0.4943317892301129,0.0,0.4783367230814717,0.0,0.687873490179528,636800.0,0.5,0.0,63680.0,0.008,31840.0,0.0015,77
0.0,0.4943317892301129,0.0,0.4860219522566754,0.0,0.6932396814369723,636800.0,0.5,0.0,63680.0,0.008,31840.0,0.0015,66
0.0,0.4943317892301129,0.0,0.4944673343582672,0.0,0.6991865720898931,636800.0,0.5,0.0,63680.0,0.008,31840.0,0.0015,55
-1.076240530869799,0.4943317892301129,-1.1092280491257953,0.4760536884855977,-0.03298751825599622,0.6862878639202264,636800.0,0.5,30.0,63680.0,0.16,31840.0,0.03,88
-1.076240530869799,0.494331789230113,-1.1633775432248616,0.49763511123723575,-0.08713701235506255,0.7014304112166373,636800.0,0.5,30.0,63680.0,0.16,31840.0,0.03,44
-1.076240530869799,0.4943317892301129,-1.1224589828563936,0.4815894459709305,-0.046218451986594467,0.6901393426794568,636800.0,0.5,30.0,63680.0,0.16,31840.0,0.03,72
-1.076240530869799,0.4943317892301129,-1.1579731724946412,0.49592149282184583,-0.08173264162484206,0.7002157131099622,636800.0,0.5,30.0,63680.0,0.16,31840.0,0.03,52
-1.076240530869799,0.4943317892301129,-1.1148363274627284,0.478362428340114,-0.03859579659292933,0.6878913654719729,636800.0,0.5,30.0,63680.0,0.16,31840.0,0.03,77
-1.076240530869799,0.4943317892301129,-1.1331921344677762,0.48605388199072747,-0.05695160359797713,0.6932620673610383,636800.0,0.5,30.0,63680.0,0.16,31840.0,0.03,66
-1.076240530869799,0.4943317892301129,-1.1542555422488914,0.4945183000436741,-0.07801501137909228,0.6992226161399029,636800.0,0.5,30.0,63680.0,0.16,31840.0,0.03,55
-1.076240530869799,0.4943317892301129,-1.1092280491257953,0.47603159024142444,-0.03298751825599622,0.6862725353321552,636800.0,0.5,30.0,63680.0,0.16,31840.0,0.003,88
-1.076240530869799,0.4943317892301129,-1.1633775432248619,0.49760834551706934,-0.08713701235506277,0.7014114223276378,636800.0,0.5,30.0,63680.0,0.16,31840.0,0.003,44
-1.076240530869799,0.4943317892301129,-1.1224589828563936,0.48156686797987525,-0.046218451986594467,0.6901235876126763,636800.0,0.5,30.0,63680.0,0.16,31840.0,0.003,72
-1.076240530869799,0.4943317892301129,-1.1579731724946412,0.49589690000846776,-0.08173264162484206,0.70019829568591,636800.0,0.5,30.0,63680.0,0.16,31840.0,0.003,52
-1.076240530869799,0.4943317892301129,-1.1148363274627284,0.47834013708418516,-0.03859579659292933,0.6878758642292676,636800.0,0.5,30.0,63680.0,0.16,31840.0,0.003,77
-1.076240530869799,0.4943317892301129,-1.1331921344677762,0.4860310523896867,-0.05695160359797713,0.6932460614604825,636800.0,0.5,30.0,63680.0,0.16,31840.0,0.003,66
-1.076240530869799,0.4943317892301129,-1.1542555422488914,0.494494268527931,-0.07801501137909228,0.6992056202937862,636800.0,0.5,30.0,63680.0,0.16,31840.0,0.003,55
-1.076240530869799,0.4943317892301129,-1.1092280491257953,0.4760314228265685,-0.03298751825599622,0.6862724192051812,636800.0,0.5,30.0,63680.0,0.16,31840.0,0.0015,88
-1.076240530869799,0.4943317892301129,-1.1633775432248619,0.4976081427409674,-0.08713701235506277,0.7014112784704561,636800.0,0.5,30.0,63680.0,0.16,31840.0,0.0015,44
-1.076240530869799,0.4943317892301129,-1.1224589828563936,0.48156669693044835,-0.046218451986594467,0.690123468254737,636800.0,0.5,30.0,63680.0,0.16,31840.0,0.0015,72
-1.076240530869799,0.494331789230113,-1.157973172494641,0.49589671369462024,-0.08173264162484184,0.700198163734074,636800.0,0.5,30.0,63680.0,0.16,31840.0,0.0015,52
-1.076240530869799,0.4943317892301129,-1.1148363274627284,0.47833996820706953,-0.03859579659292933,0.6878757467942775,636800.0,0.5,30.0,63680.0,0.16,31840.0,0.0015,77
-1.076240530869799,0.4943317892301129,-1.1331921344677762,0.486030879434071,-0.05695160359797713,0.6932459402022497,636800.0,0.5,30.0,63680.0,0.16,31840.0,0.0015,66
-1.076240530869799,0.4943317892301129,-1.1542555422488914,0.4944940864665365,-0.07801501137909228,0.6992054915357997,636800.0,0.5,30.0,63680.0,0.16,31840.0,0.0015,55
-1.076240530869799,0.4943317892301129,-1.1092280491257953,0.47605267908289445,-0.03298751825599622,0.686287163733554,636800.0,0.5,30.0,63680.0,0.08,31840.0,0.03,88
-1.076240530869799,0.4943317892301129,-1.1633775432248619,0.4975825871531488,-0.08713701235506277,0.7013931485846334,636800.0,0.5,30.0,63680.0,0.08,31840.0,0.03,44
-1.076240530869799,0.4943317892301129,-1.1224589828563936,0.48158499014482803,-0.046218451986594467,0.6901362333454453,636800.0,0.5,30.0,63680.0,0.08,31840.0,0.03,72
-1.076240530869799,0.4943317892301129,-1.1579731724946412,0.49589507328558186,-0.08173264162484206,0.7001970019589897,636800.0,0.5,30.0,63680.0,0.08,31840.0,0.03,52
-1.076240530869799,0.4943317892301129,-1.1148363274627284,0.4783599885126701,-0.03859579659292933,0.6878896688083683,636800.0,0.5,30.0,63680.0,0.08,31840.0,0.03,77
-1.076240530869799,0.4943317892301129,-1.1331921344677762,0.4860471701602248,-0.05695160359797713,0.6932573616372258,636800.0,0.5,30.0,63680.0,0.08,31840.0,0.03,66
-1.076240530869799,0.4943317892301129,-1.1542555422488914,0.4944981867964732,-0.07801501137909228,0.6992083913887508,636800.0,0.5,30.0,63680.0,0.08,31840.0,0.03,55
-1.076240530869799,0.4943317892301129,-1.1092280491257953,0.4760305807918628,-0.03298751825599622,0.6862718351298434,636800.0,0.5,30.0,63680.0,0.08,31840.0,0.003,88
-1.076240530869799,0.4943317892301129,-1.1633775432248619,0.4975558186074807,-0.08713701235506277,0.7013741586867918,636800.0,0.5,30.0,63680.0,0.08,31840.0,0.003,44
-1.076240530869799,0.4943317892301129,-1.1224589828563936,0.4815624119448619,-0.046218451986594467,0.6901204782076805,636800.0,0.5,30.0,63680.0,0.08,31840.0,0.003,72
-1.076240530869799,0.4943317892301129,-1.1579731724946412,0.49587047916192045,-0.08173264162484206,0.7001795840694852,636800.0,0.5,30.0,63680.0,0.08,31840.0,0.003,52
-1.076240530869799,0.4943317892301129,-1.1148363274627284,0.47833769714304164,-0.03859579659292933,0.6878741675274287,636800.0,0.5,30.0,63680.0,0.08,31840.0,0.003,77
-1.076240530869799,0.494331789230113,-1.1331921344677762,0.4860243402439153,-0.05695160359797713,0.6932413556280222,636800.0,0.5,30.0,63680.0,0.08,31840.0,0.003,66
-1.076240530869799,0.4943317892301129,-1.1542555422488914,0.4944741543032234,-0.07801501137909228,0.6991913951968608,636800.0,0.5,30.0,63680.0,0.08,31840.0,0.003,55
-1.076240530869799,0.4943317892301129,-1.1092280491257953,0.4760304133766518,-0.03298751825599622,0.686271719002751,636800.0,0.5,30.0,63680.0,0.08,31840.0,0.0015,88
-1.076240530869799,0.4943317892301129,-1.1633775432248619,0.49755561580997165,-0.08713701235506277,0.701374014821967,636800.0,0.5,30.0,63680.0,0.08,31840.0,0.0015,44
-1.076240530869799,0.4943317892301129,-1.1224589828563936,0.48156224089385224,-0.046218451986594467,0.6901203588492034,636800.0,0.5,30.0,63680.0,0.08,31840.0,0.0015,72
-1.076240530869799,0.4943317892301129,-1.1579731724946412,0.49587029283814626,-0.08173264162484206,0.7001794521141231,636800.0,0.5,30.0,63680.0,0.08,31840.0,0.0015,52
-1.076240530869799,0.4943317892301129,-1.1148363274627284,0.4783375282650646,-0.03859579659292933,0.687874050092149,636800.0,0.5,30.0,63680.0,0.08,31840.0,0.0015,77
-1.076240530869799,0.4943317892301129,-1.1331921344677762,0.4860241672859107,-0.05695160359797713,0.693241234368966,636800.0,0.5,30.0,63680.0,0.08,31840.0,0.0015,66
-1.076240530869799,0.4943317892301129,-1.1542555422488914,0.4944739722344227,-0.07801501137909228,0.6991912664362545,636800.0,0.5,30.0,63680.0,0.08,31840.0,0.0015,55
-1.076240530869799,0.4943317892301129,-1.1092280491257953,0.47605234597953267,-0.03298751825599622,0.6862869326717954,636800.0,0.5,30.0,63680.0,0.008,31840.0,0.03,88
-1.076240530869799,0.4943317892301129,-1.1633775432248619,0.4975652529886469,-0.08713701235506277,0.7013808514816333,636800.0,0.5,30.0,63680.0,0.008,31840.0,0.03,44
-1.076240530869799,0.4943317892301129,-1.1224589828563936,0.4815835197131669,-0.046218451986594467,0.6901352072621473,636800.0,0.5,30.0,63680.0,0.008,31840.0,0.03,72
-1.076240530869799,0.4943317892301129,-1.1579731724946412,0.4958863545297247,-0.08173264162484206,0.7001908271694399,636800.0,0.5,30.0,63680.0,0.008,31840.0,0.03,52
-1.076240530869799,0.4943317892301129,-1.1148363274627284,0.4783591833668827,-0.03859579659292933,0.6878891089084604,636800.0,0.5,30.0,63680.0,0.008,31840.0,0.03,77
-1.076240530869799,0.4943317892301129,-1.1331921344677762,0.48604495523581936,-0.05695160359797713,0.6932558087413581,636800.0,0.5,30.0,63680.0,0.008,31840.0,0.03,66
-1.076240530869799,0.494331789230113,-1.1542555422488914,0.4944915492453655,-0.07801501137909228,0.6992036971573639,636800.0,0.5,30.0,63680.0,0.008,31840.0,0.03,55
-1.076240530869799,0.4943317892301129,-1.1092280491257953,0.47603024767303764,-0.03298751825599622,0.6862716040629236,636800.0,0.5,30.0,63680.0,0.008,31840.0,0.003,88
-1.076240530869799,0.4943317892301129,-1.1633775432248619,0.49753848351036684,-0.08713701235506277,0.7013618612508384,636800.0,0.5,30.0,63680.0,0.008,31840.0,0.003,44
-1.076240530869799,0.4943317892301129,-1.1224589828563936,0.48156094144425887,-0.046218451986594467,0.6901194521009575,636800.0,0.5,30.0,63680.0,0.008,31840.0,0.003,72
-1.076240530869799,0.4943317892301129,-1.1579731724946412,0.4958617599736237,-0.08173264162484206,0.7001734091263281,636800.0,0.5,30.0,63680.0,0.008,31840.0,0.003,52
-1.076240530869799,0.4943317892301129,-1.1148363274627284,0.478336891959733,-0.03859579659292933,0.6878736076149033,636800.0,0.5,30.0,63680.0,0.008,31840.0,0.003,77
-1.076240530869799,0.4943317892301129,-1.1331921344677762,0.48602212521546795,-0.05695160359797713,0.6932398026962999,636800.0,0.5,30.0,63680.0,0.008,31840.0,0.003,66
-1.076240530869799,0.4943317892301129,-1.1542555422488914,0.49446751642951203,-0.07801501137909228,0.6991867008513638,636800.0,0.5,30.0,63680.0,0.008,31840.0,0.003,55
-1.076240530869799,0.4943317892301129,-1.1092280491257953,0.47603008025770954,-0.03298751825599622,0.6862714879357922,636800.0,0.5,30.0,63680.0,0.008,31840.0,0.0015,88
-1.076240530869799,0.4943317892301129,-1.1633775432248619,0.4975382807057919,-0.08713701235506277,0.7013617173834912,636800.0,0.5,30.0,63680.0,0.008,31840.0,0.0015,44
-1.076240530869799,0.4943317892301129,-1.1224589828563936,0.48156077039272693,-0.046218451986594467,0.690119332742303,636800.0,0.5,30.0,63680.0,0.008,31840.0,0.0015,72
-1.076240530869799,0.4943317892301129,-1.1579731724946412,0.4958615736465734,-0.08173264162484206,0.7001732771698024,636800.0,0.5,30.0,63680.0,0.008,31840.0,0.0015,52
-1.076240530869799,0.4943317892301129,-1.1148363274627284,0.4783367230814717,-0.03859579659292933,0.687873490179528,636800.0,0.5,30.0,63680.0,0.008,31840.0,0.0015,77
-1.076240530869799,0.4943317892301129,-1.1331921344677762,0.4860219522566754,-0.05695160359797713,0.6932396814369723,636800.0,0.5,30.0,63680.0,0.008,31840.0,0.0015,66
-1.076240530869799,0.4943317892301129,-1.1542555422488914,0.4944673343582672,-0.07801501137909228,0.6991865720898931,636800.0,0.5,30.0,63680.0,0.008,31840.0,0.0015,55
-2.511227905362865,0.4943317892301129,-2.5881987812935243,0.4760536884855977,-0.07697087593065932,0.6862878639202264,636800.0,0.5,70.0,63680.0,0.16,31840.0,0.03,88
-2.511227905362865,0.4943317892301129,-2.7145476008580123,0.4976351112372355,-0.20331969549514728,0.7014304112166371,636800.0,0.5,70.0,63680.0,0.16,31840.0,0.03,44
-2.511227905362865,0.4943317892301129,-2.6190709599982522,0.4815894459709305,-0.10784305463538724,0.6901393426794568,636800.0,0.5,70.0,63680.0,0.16,31840.0,0.03,72
-2.511227905362865,0.494331789230113,-2.7019374024874963,0.49592149282184556,-0.19070949712463126,0.700215713109962,636800.0,0.5,70.0,63680.0,0.16,31840.0,0.03,52
-2.5112279053628646,0.4943317892301129,-2.6012847640797,0.47836242834011394,-0.09005685871683555,0.6878913654719729,636800.0,0.5,70.0,63680.0,0.16,31840.0,0.03,77
-2.511227905362865,0.4943317892301129,-2.644114980424812,0.48605388199072747,-0.13288707506194708,0.6932620673610383,636800.0,0.5,70.0,63680.0,0.16,31840.0,0.03,66
-2.511227905362865,0.4943317892301129,-2.6932629319140813,0.4945183000436741,-0.18203502655121628,0.6992226161399029,636800.0,0.5,70.0,63680.0,0.16,31840.0,0.03,55
-2.511227905362865,0.4943317892301129,-2.5881987812935243,0.47603159024142444,-0.07697087593065932,0.6862725353321552,636800.0,0.5,70.0,63680.0,0.16,31840.0,0.003,88
-2.511227905362865,0.4943317892301129,-2.7145476008580123,0.49760834551706934,-0.20331969549514728,0.7014114223276378,636800.0,0.5,70.0,63680.0,0.16,31840.0,0.003,44
-2.511227905362865,0.4943317892301129,-2.6190709599982522,0.48156686797987525,-0.10784305463538724,0.6901235876126763,636800.0,0.5,70.0,63680.0,0.16,31840.0,0.003,72
-2.511227905362865,0.4943317892301129,-2.701937402487497,0.49589690000846776,-0.19070949712463214,0.70019829568591,636800.0,0.5,70.0,63680.0,0.16,31840.0,0.003,52
-2.511227905362865,0.4943317892301129,-2.6012847640797,0.47834013708418516,-0.09005685871683511,0.6878758642292676,636800.0,0.5,70.0,63680.0,0.16,31840.0,0.003,77
-2.511227905362865,0.4943317892301129,-2.644114980424812,0.4860310523896867,-0.13288707506194708,0.6932460614604825,636800.0,0.5,70.0,63680.0,0.16,31840.0,0.003,66
-2.511227905362865,0.4943317892301129,-2.6932629319140813,0.494494268527931,-0.18203502655121628,0.6992056202937862,636800.0,0.5,70.0,63680.0,0.16,31840.0,0.003,55
-2.511227905362865,0.4943317892301129,-2.5881987812935243,0.4760314228265685,-0.07697087593065932,0.6862724192051812,636800.0,0.5,70.0,63680.0,0.16,31840.0,0.0015,88
-2.511227905362865,0.4943317892301129,-2.7145476008580123,0.4976081427409674,-0.20331969549514728,0.7014112784704561,636800.0,0.5,70.0,63680.0,0.16,31840.0,0.0015,44
-2.511227905362865,0.4943317892301129,-2.6190709599982522,0.48156669693044835,-0.10784305463538724,0.690123468254737,636800.0,0.5,70.0,63680.0,0.16,31840.0,0.0015,72
-2.511227905362865,0.4943317892301129,-2.701937402487497,0.49589671369462074,-0.19070949712463214,0.7001981637340742,636800.0,0.5,70.0,63680.0,0.16,31840.0,0.0015,52
-2.511227905362865,0.494331789230113,-2.601284764079699,0.4783399682070696,-0.09005685871683422,0.6878757467942777,636800.0,0.5,70.0,63680.0,0.16,31840.0,0.0015,77
-2.511227905362865,0.4943317892301129,-2.644114980424812,0.486030879434071,-0.13288707506194708,0.6932459402022497,636800.0,0.5,70.0,63680.0,0.16,31840.0,0.0015,66
-2.5112279053628646,0.4943317892301129,-2.6932629319140813,0.4944940864665365,-0.18203502655121673,0.6992054915357997,636800.0,0.5,70.0,63680.0,0.16,31840.0,0.0015,55
-2.511227905362865,0.4943317892301129,-2.5881987812935243,0.47605267908289445,-0.07697087593065932,0.686287163733554,636800.0,0.5,70.0,63680.0,0.08,31840.0,0.03,88
-2.511227905362865,0.4943317892301129,-2.7145476008580123,0.4975825871531488,-0.20331969549514728,0.7013931485846334,636800.0,0.5,70.0,63680.0,0.08,31840.0,0.03,44
-2.511227905362865,0.4943317892301129,-2.6190709599982522,0.48158499014482803,-0.10784305463538724,0.6901362333454453,636800.0,0.5,70.0,63680.0,0.08,31840.0,0.03,72
-2.511227905362865,0.4943317892301129,-2.701937402487497,0.49589507328558186,-0.19070949712463214,0.7001970019589897,636800.0,0.5,70.0,63680.0,0.08,31840.0,0.03,52
-2.511227905362865,0.4943317892301129,-2.6012847640797,0.4783599885126701,-0.09005685871683511,0.6878896688083683,636800.0,0.5,70.0,63680.0,0.08,31840.0,0.03,77
-2.511227905362865,0.4943317892301129,-2.644114980424812,0.4860471701602248,-0.13288707506194708,0.6932573616372258,636800.0,0.5,70.0,63680.0,0.08,31840.0,0.03,66
-2.511227905362865,0.4943317892301129,-2.6932629319140813,0.4944981867964732,-0.18203502655121628,0.6992083913887508,636800.0,0.5,70.0,63680.0,0.08,31840.0,0.03,55
-2.511227905362865,0.4943317892301129,-2.5881987812935243,0.4760305807918628,-0.07697087593065932,0.6862718351298434,636800.0,0.5,70.0,63680.0,0.08,31840.0,0.003,88
-2.511227905362865,0.4943317892301129,-2.7145476008580123,0.4975558186074807,-0.20331969549514728,0.7013741586867918,636800.0,0.5,70.0,63680.0,0.08,31840.0,0.003,44
-2.511227905362865,0.4943317892301129,-2.6190709599982522,0.4815624119448619,-0.10784305463538724,0.6901204782076805,636800.0,0.5,70.0,63680.0,0.08,31840.0,0.003,72
-2.511227905362865,0.4943317892301129,-2.701937402487497,0.49587047916192045,-0.19070949712463214,0.7001795840694852,636800.0,0.5,70.0,63680.0,0.08,31840.0,0.003,52
-2.511227905362865,0.4943317892301129,-2.6012847640797,0.47833769714304164,-0.09005685871683511,0.6878741675274287,636800.0,0.5,70.0,63680.0,0.08,31840.0,0.003,77
-2.511227905362865,0.4943317892301129,-2.644114980424812,0.486024340243915,-0.13288707506194708,0.6932413556280219,636800.0,0.5,70.0,63680.0,0.08,31840.0,0.003,66
-2.511227905362865,0.494331789230113,-2.69326293191408,0.4944741543032236,-0.18203502655121495,0.699191395196861,636800.0,0.5,70.0,63680.0,0.08,31840.0,0.003,55
-2.511227905362865,0.4943317892301129,-2.5881987812935243,0.4760304133766518,-0.07697087593065932,0.686271719002751,636800.0,0.5,70.0,63680.0,0.08,31840.0,0.0015,88
-2.5112279053628646,0.4943317892301129,-2.7145476008580123,0.4975556158099714,-0.20331969549514772,0.7013740148219669,636800.0,0.5,70.0,63680.0,0.08,31840.0,0.0015,44
-2.511227905362865,0.4943317892301129,-2.6190709599982522,0.48156224089385224,-0.10784305463538724,0.6901203588492034,636800.0,0.5,70.0,63680.0,0.08,31840.0,0.0015,72
-2.511227905362865,0.4943317892301129,-2.701937402487497,0.49587029283814626,-0.19070949712463214,0.7001794521141231,636800.0,0.5,70.0,63680.0,0.08,31840.0,0.0015,52
-2.511227905362865,0.4943317892301129,-2.6012847640797,0.4783375282650646,-0.09005685871683511,0.687874050092149,636800.0,0.5,70.0,63680.0,0.08,31840.0,0.0015,77
-2.511227905362865,0.4943317892301129,-2.644114980424812,0.4860241672859107,-0.13288707506194708,0.693241234368966,636800.0,0.5,70.0,63680.0,0.08,31840.0,0.0015,66
-2.511227905362865,0.4943317892301129,-2.6932629319140813,0.4944739722344227,-0.18203502655121628,0.6991912664362545,636800.0,0.5,70.0,63680.0,0.08,31840.0,0.0015,55
-2.511227905362865,0.4943317892301129,-2.5881987812935243,0.47605234597953267,-0.07697087593065932,0.6862869326717954,636800.0,0.5,70.0,63680.0,0.008,31840.0,0.03,88
-2.511227905362865,0.4943317892301129,-2.7145476008580123,0.4975652529886469,-0.20331969549514728,0.7013808514816333,636800.0,0.5,70.0,63680.0,0.008,31840.0,0.03,44
-2.511227905362865,0.4943317892301129,-2.6190709599982522,0.4815835197131669,-0.10784305463538724,0.6901352072621473,636800.0,0.5,70.0,63680.0,0.008,31840.0,0.03,72
-2.511227905362865,0.4943317892301129,-2.701937402487497,0.4958863545297247,-0.19070949712463214,0.7001908271694399,636800.0,0.5,70.0,63680.0,0.008,31840.0,0.03,52
-2.511227905362865,0.4943317892301129,-2.6012847640797,0.4783591833668827,-0.09005685871683511,0.6878891089084604,636800.0,0.5,70.0,63680.0,0.008,31840.0,0.03,77
-2.511227905362865,0.4943317892301129,-2.644114980424812,0.48604495523581936,-0.13288707506194708,0.6932558087413581,636800.0,0.5,70.0,63680.0,0.008,31840.0,0.03,66
-2.511227905362865,0.4943317892301129,-2.6932629319140813,0.49449154924536526,-0.18203502655121628,0.6992036971573636,636800.0,0.5,70.0,63680.0,0.008,31840.0,0.03,55
-2.511227905362865,0.4943317892301129,-2.5881987812935243,0.47603024767303764,-0.07697087593065932,0.6862716040629236,636800.0,0.5,70.0,63680.0,0.008,31840.0,0.003,88
-2.511227905362865,0.494331789230113,-2.7145476008580114,0.4975384835103671,-0.2033196954951464,0.7013618612508387,636800.0,0.5,70.0,63680.0,0.008,31840.0,0.003,44
-2.511227905362865,0.4943317892301129,-2.6190709599982522,0.48156094144425887,-0.10784305463538724,0.6901194521009575,636800.0,0.5,70.0,63680.0,0.008,31840.0,0.003,72
-2.5112279053628646,0.4943317892301129,-2.701937402487497,0.4958617599736237,-0.1907094971246326,0.7001734091263281,636800.0,0.5,70.0,63680.0,0.008,31840.0,0.003,52
-2.511227905362865,0.4943317892301129,-2.6012847640797,0.478336891959733,-0.09005685871683511,0.6878736076149033,636800.0,0.5,70.0,63680.0,0.008,31840.0,0.003,77
-2.511227905362865,0.4943317892301129,-2.644114980424812,0.48602212521546795,-0.13288707506194708,0.6932398026962999,636800.0,0.5,70.0,63680.0,0.008,31840.0,0.003,66
-2.511227905362865,0.4943317892301129,-2.6932629319140813,0.49446751642951203,-0.18203502655121628,0.6991867008513638,636800.0,0.5,70.0,63680.0,0.008,31840.0,0.003,55
-2.511227905362865,0.4943317892301129,-2.5881987812935243,0.47603008025770954,-0.07697087593065932,0.6862714879357922,636800.0,0.5,70.0,63680.0,0.008,31840.0,0.0015,88
-2.511227905362865,0.4943317892301129,-2.7145476008580123,0.4975382807057919,-0.20331969549514728,0.7013617173834912,636800.0,0.5,70.0,63680.0,0.008,31840.0,0.0015,44
-2.511227905362865,0.4943317892301129,-2.6190709599982522,0.48156077039272693,-0.10784305463538724,0.690119332742303,636800.0,0.5,70.0,63680.0,0.008,31840.0,0.0015,72
-2.511227905362865,0.4943317892301129,-2.701937402487497,0.4958615736465734,-0.19070949712463214,0.7001732771698024,636800.0,0.5,70.0,63680.0,0.008,31840.0,0.0015,52
-2.511227905362865,0.4943317892301129,-2.6012847640797,0.4783367230814717,-0.09005685871683511,0.687873490179528,636800.0,0.5,70.0,63680.0,0.008,31840.0,0.0015,77
-2.511227905362865,0.4943317892301129,-2.644114980424812,0.4860219522566754,-0.13288707506194708,0.6932396814369723,636800.0,0.5,70.0,63680.0,0.008,31840.0,0.0015,66
-2.511227905362865,0.4943317892301129,-2.6932629319140813,0.4944673343582672,-0.18203502655121628,0.6991865720898931,636800.0,0.5,70.0,63680.0,0.008,31840.0,0.0015,55
