lmax,ice_length_scale,ice_gmsl_target_std,net_ice_thickness_change,slc_mean,slc_std,ssh_mean,ssh_std,variance_ratio,mean_errors,standardized_errors,w2_distances,kl_divergences
64,318400.0,0.002,-200.0,66608.84270383722,4.158052214834936e-06,-47161.83857572367,1.9233621283811122e-06,0.21396475629409803,-113770.68127956089,-24833468437.429768,113770.68127956089,1.7494784651849024e+21
64,318400.0,0.002,-66.66666666666666,22202.947567945663,4.158052214834936e-06,-15720.61285857379,1.9233621283811122e-06,0.21396475629409803,-37923.560426519456,-8277822812.476406,37923.560426519456,1.943864961316472e+20
64,318400.0,0.002,66.66666666666669,-22202.947567945605,4.158052214834936e-06,15720.612858573935,1.9233621283811122e-06,0.21396475629409803,37923.56042651954,8277822812.476425,37923.56042651954,1.9438649613164813e+20
64,318400.0,0.002,200.0,-66608.84270383722,4.158052214834936e-06,47161.83857572367,1.9233621283811122e-06,0.21396475629409803,113770.68127956089,24833468437.429768,113770.68127956089,1.7494784651849024e+21
64,318400.0,0.2515,-200.0,66608.84270383722,0.0005228750660154925,-47161.83857572367,0.00024186278764392097,0.21396475629409176,-113770.68127956089,-197482850.39705658,113770.68127956089,1.1063501868692157e+17
64,318400.0,0.2515,-66.66666666666666,22202.947567945663,0.0005228750660154925,-15720.61285857379,0.00024186278764392097,0.21396475629409176,-37923.560426519456,-65827616.79901741,37923.560426519456,1.2292779854101854e+16
64,318400.0,0.2515,66.66666666666669,-22202.947567945605,0.0005228750660154925,15720.612858573935,0.00024186278764392097,0.21396475629409176,37923.56042651954,65827616.799017556,37923.56042651954,1.229277985410191e+16
64,318400.0,0.2515,200.0,-66608.84270383722,0.0005228750660154925,47161.83857572367,0.00024186278764392097,0.21396475629409176,113770.68127956089,197482850.39705658,113770.68127956089,1.1063501868692157e+17
64,318400.0,0.501,-200.0,66608.84270383722,0.0010415920798161626,-47161.83857572367,0.0004818022131594747,0.21396475629409886,-113770.68127956089,-99135602.54462871,113770.68127956089,2.7880023827552216e+16
64,318400.0,0.501,-66.66666666666666,22202.947567945663,0.0010415920798161626,-15720.61285857379,0.0004818022131594747,0.21396475629409886,-37923.560426519456,-33045200.84820884,37923.560426519456,3097780425283443.0
64,318400.0,0.501,66.66666666666669,-22202.947567945605,0.0010415920798161626,15720.612858573935,0.0004818022131594747,0.21396475629409886,37923.56042651954,33045200.848208915,37923.56042651954,3097780425283457.5
64,318400.0,0.501,200.0,-66608.84270383722,0.0010415920798161626,47161.83857572367,0.0004818022131594747,0.21396475629409886,113770.68127956089,99135602.54462871,113770.68127956089,2.7880023827552216e+16
64,318400.0,0.7505,-200.0,66608.84270383722,0.001560309093616843,-47161.83857572367,0.0007217416386750053,0.21396475629408473,-113770.68127956089,-66178463.524128914,113770.68127956089,1.2424164677671688e+16
64,318400.0,0.7505,-66.66666666666666,22202.947567945663,0.001560309093616843,-15720.61285857379,0.0007217416386750053,0.21396475629408473,-37923.560426519456,-22059487.841375817,37923.56042651946,1380462741963460.5
64,318400.0,0.7505,66.66666666666669,-22202.947567945605,0.001560309093616843,15720.612858573935,0.0007217416386750053,0.21396475629408473,37923.56042651954,22059487.841375865,37923.56042651955,1380462741963467.0
64,318400.0,0.7505,200.0,-66608.84270383722,0.001560309093616843,47161.83857572367,0.0007217416386750053,0.21396475629408473,113770.68127956089,66178463.524128914,113770.68127956089,1.2424164677671688e+16
64,318400.0,1.0,-200.0,66608.84270383722,0.002079026107417469,-47161.83857572367,0.0009616810641905524,0.2139647562940962,-113770.68127956089,-49666936.87485955,113770.6812795609,6997913860739664.0
64,318400.0,1.0,-66.66666666666666,22202.947567945663,0.002079026107417469,-15720.61285857379,0.0009616810641905524,0.2139647562940962,-37923.560426519456,-16555645.624952815,37923.56042651947,777545984526595.9
64,318400.0,1.0,66.66666666666669,-22202.947567945605,0.002079026107417469,15720.612858573935,0.0009616810641905524,0.2139647562940962,37923.56042651954,16555645.624952855,37923.56042651956,777545984526599.5
64,318400.0,1.0,200.0,-66608.84270383722,0.002079026107417469,47161.83857572367,0.0009616810641905524,0.2139647562940962,113770.68127956089,49666936.87485955,113770.6812795609,6997913860739664.0
64,636800.0,0.002,-200.0,66608.84270383722,4.158052214834936e-06,-47161.83857572367,1.9233621283811122e-06,0.21396475629409803,-113770.68127956089,-24833468437.429768,113770.68127956089,1.7494784651849024e+21
64,636800.0,0.002,-66.66666666666666,22202.947567945663,4.158052214834936e-06,-15720.61285857379,1.9233621283811122e-06,0.21396475629409803,-37923.560426519456,-8277822812.476406,37923.560426519456,1.943864961316472e+20
64,636800.0,0.002,66.66666666666669,-22202.947567945605,4.158052214834936e-06,15720.612858573935,1.9233621283811122e-06,0.21396475629409803,37923.56042651954,8277822812.476425,37923.56042651954,1.9438649613164813e+20
64,636800.0,0.002,200.0,-66608.84270383722,4.158052214834936e-06,47161.83857572367,1.9233621283811122e-06,0.21396475629409803,113770.68127956089,24833468437.429768,113770.68127956089,1.7494784651849024e+21
64,636800.0,0.2515,-200.0,66608.84270383722,0.0005228750660154925,-47161.83857572367,0.00024186278764392097,0.21396475629409176,-113770.68127956089,-197482850.39705658,113770.68127956089,1.1063501868692157e+17
64,636800.0,0.2515,-66.66666666666666,22202.947567945663,0.0005228750660154925,-15720.61285857379,0.00024186278764392097,0.21396475629409176,-37923.560426519456,-65827616.79901741,37923.560426519456,1.2292779854101854e+16
64,636800.0,0.2515,66.66666666666669,-22202.947567945605,0.0005228750660154925,15720.612858573935,0.00024186278764392097,0.21396475629409176,37923.56042651954,65827616.799017556,37923.56042651954,1.229277985410191e+16
64,636800.0,0.2515,200.0,-66608.84270383722,0.0005228750660154925,47161.83857572367,0.00024186278764392097,0.21396475629409176,113770.68127956089,197482850.39705658,113770.68127956089,1.1063501868692157e+17
64,636800.0,0.501,-200.0,66608.84270383722,0.0010415920798161626,-47161.83857572367,0.0004818022131594747,0.21396475629409886,-113770.68127956089,-99135602.54462871,113770.68127956089,2.7880023827552216e+16
64,636800.0,0.501,-66.66666666666666,22202.947567945663,0.0010415920798161626,-15720.61285857379,0.0004818022131594747,0.21396475629409886,-37923.560426519456,-33045200.84820884,37923.560426519456,3097780425283443.0
64,636800.0,0.501,66.66666666666669,-22202.947567945605,0.0010415920798161626,15720.612858573935,0.0004818022131594747,0.21396475629409886,37923.56042651954,33045200.848208915,37923.56042651954,3097780425283457.5
64,636800.0,0.501,200.0,-66608.84270383722,0.0010415920798161626,47161.83857572367,0.0004818022131594747,0.21396475629409886,113770.68127956089,99135602.54462871,113770.68127956089,2.7880023827552216e+16
64,636800.0,0.7505,-200.0,66608.84270383722,0.001560309093616843,-47161.83857572367,0.0007217416386750053,0.21396475629408473,-113770.68127956089,-66178463.524128914,113770.68127956089,1.2424164677671688e+16
64,636800.0,0.7505,-66.66666666666666,22202.947567945663,0.001560309093616843,-15720.61285857379,0.0007217416386750053,0.21396475629408473,-37923.560426519456,-22059487.841375817,37923.56042651946,1380462741963460.5
64,636800.0,0.7505,66.66666666666669,-22202.947567945605,0.001560309093616843,15720.612858573935,0.0007217416386750053,0.21396475629408473,37923.56042651954,22059487.841375865,37923.56042651955,1380462741963467.0
64,636800.0,0.7505,200.0,-66608.84270383722,0.001560309093616843,47161.83857572367,0.0007217416386750053,0.21396475629408473,113770.68127956089,66178463.524128914,113770.68127956089,1.2424164677671688e+16
64,636800.0,1.0,-200.0,66608.84270383722,0.002079026107417469,-47161.83857572367,0.0009616810641905524,0.2139647562940962,-113770.68127956089,-49666936.87485955,113770.6812795609,6997913860739664.0
64,636800.0,1.0,-66.66666666666666,22202.947567945663,0.002079026107417469,-15720.61285857379,0.0009616810641905524,0.2139647562940962,-37923.560426519456,-16555645.624952815,37923.56042651947,777545984526595.9
64,636800.0,1.0,66.66666666666669,-22202.947567945605,0.002079026107417469,15720.612858573935,0.0009616810641905524,0.2139647562940962,37923.56042651954,16555645.624952855,37923.56042651956,777545984526599.5
64,636800.0,1.0,200.0,-66608.84270383722,0.002079026107417469,47161.83857572367,0.0009616810641905524,0.2139647562940962,113770.68127956089,49666936.87485955,113770.6812795609,6997913860739664.0
64,955200.0000000001,0.002,-200.0,66608.84270383722,4.158052214834936e-06,-47161.83857572367,1.9233621283811122e-06,0.21396475629409803,-113770.68127956089,-24833468437.429768,113770.68127956089,1.7494784651849024e+21
64,955200.0000000001,0.002,-66.66666666666666,22202.947567945663,4.158052214834936e-06,-15720.61285857379,1.9233621283811122e-06,0.21396475629409803,-37923.560426519456,-8277822812.476406,37923.560426519456,1.943864961316472e+20
64,955200.0000000001,0.002,66.66666666666669,-22202.947567945605,4.158052214834936e-06,15720.612858573935,1.9233621283811122e-06,0.21396475629409803,37923.56042651954,8277822812.476425,37923.56042651954,1.9438649613164813e+20
64,955200.0000000001,0.002,200.0,-66608.84270383722,4.158052214834936e-06,47161.83857572367,1.9233621283811122e-06,0.21396475629409803,113770.68127956089,24833468437.429768,113770.68127956089,1.7494784651849024e+21
64,955200.0000000001,0.2515,-200.0,66608.84270383722,0.0005228750660154925,-47161.83857572367,0.00024186278764392097,0.21396475629409176,-113770.68127956089,-197482850.39705658,113770.68127956089,1.1063501868692157e+17
64,955200.0000000001,0.2515,-66.66666666666666,22202.947567945663,0.0005228750660154925,-15720.61285857379,0.00024186278764392097,0.21396475629409176,-37923.560426519456,-65827616.79901741,37923.560426519456,1.2292779854101854e+16
64,955200.0000000001,0.2515,66.66666666666669,-22202.947567945605,0.0005228750660154925,15720.612858573935,0.00024186278764392097,0.21396475629409176,37923.56042651954,65827616.799017556,37923.56042651954,1.229277985410191e+16
64,955200.0000000001,0.2515,200.0,-66608.84270383722,0.0005228750660154925,47161.83857572367,0.00024186278764392097,0.21396475629409176,113770.68127956089,197482850.39705658,113770.68127956089,1.1063501868692157e+17
64,955200.0000000001,0.501,-200.0,66608.84270383722,0.0010415920798161626,-47161.83857572367,0.0004818022131594747,0.21396475629409886,-113770.68127956089,-99135602.54462871,113770.68127956089,2.7880023827552216e+16
64,955200.0000000001,0.501,-66.66666666666666,22202.947567945663,0.0010415920798161626,-15720.61285857379,0.0004818022131594747,0.21396475629409886,-37923.560426519456,-33045200.84820884,37923.560426519456,3097780425283443.0
64,955200.0000000001,0.501,66.66666666666669,-22202.947567945605,0.0010415920798161626,15720.612858573935,0.0004818022131594747,0.21396475629409886,37923.56042651954,33045200.848208915,37923.56042651954,3097780425283457.5
64,955200.0000000001,0.501,200.0,-66608.84270383722,0.0010415920798161626,47161.83857572367,0.0004818022131594747,0.21396475629409886,113770.68127956089,99135602.54462871,113770.68127956089,2.7880023827552216e+16
64,955200.0000000001,0.7505,-200.0,66608.84270383722,0.001560309093616843,-47161.83857572367,0.0007217416386750053,0.21396475629408473,-113770.68127956089,-66178463.524128914,113770.68127956089,1.2424164677671688e+16
64,955200.0000000001,0.7505,-66.66666666666666,22202.947567945663,0.001560309093616843,-15720.61285857379,0.0007217416386750053,0.21396475629408473,-37923.560426519456,-22059487.841375817,37923.56042651946,1380462741963460.5
64,955200.0000000001,0.7505,66.66666666666669,-22202.947567945605,0.001560309093616843,15720.612858573935,0.0007217416386750053,0.21396475629408473,37923.56042651954,22059487.841375865,37923.56042651955,1380462741963467.0
64,955200.0000000001,0.7505,200.0,-66608.84270383722,0.001560309093616843,47161.83857572367,0.0007217416386750053,0.21396475629408473,113770.68127956089,66178463.524128914,113770.68127956089,1.2424164677671688e+16
64,955200.0000000001,1.0,-200.0,66608.84270383722,0.002079026107417469,-47161.83857572367,0.0009616810641905524,0.2139647562940962,-113770.68127956089,-49666936.87485955,113770.6812795609,6997913860739664.0
64,955200.0000000001,1.0,-66.66666666666666,22202.947567945663,0.002079026107417469,-15720.61285857379,0.0009616810641905524,0.2139647562940962,-37923.560426519456,-16555645.624952815,37923.56042651947,777545984526595.9
64,955200.0000000001,1.0,66.66666666666669,-22202.947567945605,0.002079026107417469,15720.612858573935,0.0009616810641905524,0.2139647562940962,37923.56042651954,16555645.624952855,37923.56042651956,777545984526599.5
64,955200.0000000001,1.0,200.0,-66608.84270383722,0.002079026107417469,47161.83857572367,0.0009616810641905524,0.2139647562940962,113770.68127956089,49666936.87485955,113770.6812795609,6997913860739664.0
64,1273600.0,0.002,-200.0,66608.84270383722,4.158052214834936e-06,-47161.83857572367,1.9233621283811122e-06,0.21396475629409803,-113770.68127956089,-24833468437.429768,113770.68127956089,1.7494784651849024e+21
64,1273600.0,0.002,-66.66666666666666,22202.947567945663,4.158052214834936e-06,-15720.61285857379,1.9233621283811122e-06,0.21396475629409803,-37923.560426519456,-8277822812.476406,37923.560426519456,1.943864961316472e+20
64,1273600.0,0.002,66.66666666666669,-22202.947567945605,4.158052214834936e-06,15720.612858573935,1.9233621283811122e-06,0.21396475629409803,37923.56042651954,8277822812.476425,37923.56042651954,1.9438649613164813e+20
64,1273600.0,0.002,200.0,-66608.84270383722,4.158052214834936e-06,47161.83857572367,1.9233621283811122e-06,0.21396475629409803,113770.68127956089,24833468437.429768,113770.68127956089,1.7494784651849024e+21
64,1273600.0,0.2515,-200.0,66608.84270383722,0.0005228750660154925,-47161.83857572367,0.00024186278764392097,0.21396475629409176,-113770.68127956089,-197482850.39705658,113770.68127956089,1.1063501868692157e+17
64,1273600.0,0.2515,-66.66666666666666,22202.947567945663,0.0005228750660154925,-15720.61285857379,0.00024186278764392097,0.21396475629409176,-37923.560426519456,-65827616.79901741,37923.560426519456,1.2292779854101854e+16
64,1273600.0,0.2515,66.66666666666669,-22202.947567945605,0.0005228750660154925,15720.612858573935,0.00024186278764392097,0.21396475629409176,37923.56042651954,65827616.799017556,37923.56042651954,1.229277985410191e+16
64,1273600.0,0.2515,200.0,-66608.84270383722,0.0005228750660154925,47161.83857572367,0.00024186278764392097,0.21396475629409176,113770.68127956089,197482850.39705658,113770.68127956089,1.1063501868692157e+17
64,1273600.0,0.501,-200.0,66608.84270383722,0.0010415920798161626,-47161.83857572367,0.0004818022131594747,0.21396475629409886,-113770.68127956089,-99135602.54462871,113770.68127956089,2.7880023827552216e+16
64,1273600.0,0.501,-66.66666666666666,22202.947567945663,0.0010415920798161626,-15720.61285857379,0.0004818022131594747,0.21396475629409886,-37923.560426519456,-33045200.84820884,37923.560426519456,3097780425283443.0
64,1273600.0,0.501,66.66666666666669,-22202.947567945605,0.0010415920798161626,15720.612858573935,0.0004818022131594747,0.21396475629409886,37923.56042651954,33045200.848208915,37923.56042651954,3097780425283457.5
64,1273600.0,0.501,200.0,-66608.84270383722,0.0010415920798161626,47161.83857572367,0.0004818022131594747,0.21396475629409886,113770.68127956089,99135602.54462871,113770.68127956089,2.7880023827552216e+16
64,1273600.0,0.7505,-200.0,66608.84270383722,0.001560309093616843,-47161.83857572367,0.0007217416386750053,0.21396475629408473,-113770.68127956089,-66178463.524128914,113770.68127956089,1.2424164677671688e+16
64,1273600.0,0.7505,-66.66666666666666,22202.947567945663,0.001560309093616843,-15720.61285857379,0.0007217416386750053,0.21396475629408473,-37923.560426519456,-22059487.841375817,37923.56042651946,1380462741963460.5
64,1273600.0,0.7505,66.66666666666669,-22202.947567945605,0.001560309093616843,15720.612858573935,0.0007217416386750053,0.21396475629408473,37923.56042651954,22059487.841375865,37923.56042651955,1380462741963467.0
64,1273600.0,0.7505,200.0,-66608.84270383722,0.001560309093616843,47161.83857572367,0.0007217416386750053,0.21396475629408473,113770.68127956089,66178463.524128914,113770.68127956089,1.2424164677671688e+16
64,1273600.0,1.0,-200.0,66608.84270383722,0.002079026107417469,-47161.83857572367,0.0009616810641905524,0.2139647562940962,-113770.68127956089,-49666936.87485955,113770.6812795609,6997913860739664.0
64,1273600.0,1.0,-66.66666666666666,22202.947567945663,0.002079026107417469,-15720.61285857379,0.0009616810641905524,0.2139647562940962,-37923.560426519456,-16555645.624952815,37923.56042651947,777545984526595.9
64,1273600.0,1.0,66.66666666666669,-22202.947567945605,0.002079026107417469,15720.612858573935,0.0009616810641905524,0.2139647562940962,37923.56042651954,16555645.624952855,37923.56042651956,777545984526599.5
64,1273600.0,1.0,200.0,-66608.84270383722,0.002079026107417469,47161.83857572367,0.0009616810641905524,0.2139647562940962,113770.68127956089,49666936.87485955,113770.6812795609,6997913860739664.0
84,318400.0,0.002,-200.0,50843.42860033934,3.5696883019204352e-06,-35458.81392108931,1.4356060203066624e-06,0.1617372109564072,-86302.24252142865,-22430442157.184826,86302.24252142865,1.8069395514238294e+21
84,318400.0,0.002,-66.66666666666666,16947.80953344676,3.5696883019208914e-06,-11819.604640363143,1.435606020306874e-06,0.16173721095641355,-28767.414173809906,-7476814052.394058,28767.414173809906,2.0077106126926017e+20
84,318400.0,0.002,66.66666666666669,-16947.809533446703,3.5696883019204352e-06,11819.604640363026,1.4356060203066624e-06,0.1617372109564072,28767.41417380973,7476814052.394989,28767.41417380973,2.007710612693169e+20
84,318400.0,0.002,200.0,-50843.428600339226,3.5696883019208914e-06,35458.81392108931,1.435606020306874e-06,0.16173721095641355,86302.24252142853,22430442157.18187,86302.24252142853,1.8069395514232917e+21
84,318400.0,0.2515,-200.0,50843.428600339226,0.0004488883039665635,-35458.81392108931,0.00018052745705358494,0.16173721095639731,-86302.24252142853,-178373297.47261596,86302.24252142853,1.1426879210926923e+17
84,318400.0,0.2515,-66.66666666666666,16947.80953344676,0.0004488883039665635,-11819.604640363143,0.00018052745705358494,0.16173721095639731,-28767.414173809906,-59457765.824206136,28767.41417380991,1.2696532456585824e+16
84,318400.0,0.2515,66.66666666666669,-16947.809533446703,0.0004488883039665635,11819.604640362997,0.00018052745705358494,0.16173721095639731,28767.414173809702,59457765.82420571,28767.414173809702,1.2696532456585644e+16
84,318400.0,0.2515,200.0,-50843.428600339226,0.0004488883039665635,35458.81392108931,0.00018052745705358494,0.16173721095639731,86302.24252142853,178373297.47261596,86302.24252142853,1.1426879210926923e+17
84,318400.0,0.501,-200.0,50843.428600339226,0.0008942069196312075,-35458.81392108931,0.0003596193080868739,0.1617372109564066,-86302.24252142853,-89542683.26220092,86302.24252142853,2.8795734701029424e+16
84,318400.0,0.501,-66.66666666666666,16947.80953344676,0.0008942069196311639,-11819.604640363084,0.0003596193080862168,0.16173721095583127,-28767.414173809848,-29847561.0874095,28767.41417380985,3199526077903928.0
84,318400.0,0.501,66.66666666666669,-16947.809533446703,0.0008942069196312075,11819.604640362997,0.0003596193080868739,0.1617372109564066,28767.414173809702,29847561.087400507,28767.414173809706,3199526077892202.5
84,318400.0,0.501,200.0,-50843.42860033934,0.0008942069196310729,35458.81392108931,0.00035961930808681505,0.1617372109564023,86302.24252142865,89542683.26221468,86302.24252142865,2.8795734701038936e+16
84,318400.0,0.7505,-200.0,50843.428600339226,0.0013395255352958014,-35458.81392108931,0.0005387111591201453,0.16173721095641122,-86302.24252142853,-59774662.64405626,86302.24252142853,1.2832232574585476e+16
84,318400.0,0.7505,-66.66666666666666,16947.80953344676,0.0013395255352958014,-11819.604640363143,0.0005387111591201453,0.16173721095641122,-28767.414173809906,-19924887.548019025,28767.414173809917,1425803619398427.0
84,318400.0,0.7505,66.66666666666669,-16947.809533446703,0.0013395255352958014,11819.604640362997,0.0005387111591201453,0.16173721095641122,28767.414173809702,19924887.548018884,28767.414173809713,1425803619398406.5
84,318400.0,0.7505,200.0,-50843.42860033888,0.0013395255352956826,35458.81392108873,0.0005387111591199039,0.16173721095629492,86302.2425214276,59774662.644063905,86302.2425214276,1.2832232574596704e+16
84,318400.0,1.0,-200.0,50843.428600339226,0.001784844150960444,-35458.81392108931,0.000717803010153443,0.16173721095641658,-86302.24252142853,-44860884.314363725,86302.24252142853,7227758205693046.0
84,318400.0,1.0,-66.66666666666666,16947.80953344676,0.0017848441509603586,-11819.604640363084,0.0007178030101521414,0.1617372109558455,-28767.414173809848,-14953628.104792474,28767.414173809866,803084245079938.0
84,318400.0,1.0,66.66666666666669,-16947.809533446703,0.001784844150960444,11819.604640362997,0.000717803010153443,0.16173721095641658,28767.414173809702,14953628.104788007,28767.414173809724,803084245077017.4
84,318400.0,1.0,200.0,-50843.428600339226,0.001784844150960444,35458.81392108931,0.000717803010153443,0.16173721095641658,86302.24252142853,44860884.314363725,86302.24252142853,7227758205693046.0
84,636800.0,0.002,-200.0,50843.42860033934,3.5696883019204352e-06,-35458.81392108931,1.4356060203066624e-06,0.1617372109564072,-86302.24252142865,-22430442157.184826,86302.24252142865,1.8069395514238294e+21
84,636800.0,0.002,-66.66666666666666,16947.80953344676,3.5696883019208914e-06,-11819.604640363143,1.435606020306874e-06,0.16173721095641355,-28767.414173809906,-7476814052.394058,28767.414173809906,2.0077106126926017e+20
84,636800.0,0.002,66.66666666666669,-16947.809533446703,3.5696883019208914e-06,11819.604640362997,1.435606020306874e-06,0.16173721095641355,28767.414173809702,7476814052.394006,28767.414173809702,2.0077106126925732e+20
84,636800.0,0.002,200.0,-50843.428600339226,3.5696883019208914e-06,35458.81392108931,1.435606020306874e-06,0.16173721095641355,86302.24252142853,22430442157.18187,86302.24252142853,1.8069395514232917e+21
84,636800.0,0.2515,-200.0,50843.428600339226,0.0004488883039665635,-35458.81392108931,0.00018052745705358494,0.16173721095639731,-86302.24252142853,-178373297.47261596,86302.24252142853,1.1426879210926923e+17
84,636800.0,0.2515,-66.66666666666666,16947.80953344676,0.0004488883039665635,-11819.604640363143,0.00018052745705358494,0.16173721095639731,-28767.414173809906,-59457765.824206136,28767.41417380991,1.2696532456585824e+16
84,636800.0,0.2515,66.66666666666669,-16947.809533446703,0.0004488883039665635,11819.604640362997,0.00018052745705358494,0.16173721095639731,28767.414173809702,59457765.82420571,28767.414173809702,1.2696532456585644e+16
84,636800.0,0.2515,200.0,-50843.42860033934,0.00044888830396649134,35458.81392108931,0.00018052745705355325,0.16173721095639257,86302.24252142865,178373297.47264522,86302.24252142865,1.1426879210930965e+17
84,636800.0,0.501,-200.0,50843.428600339226,0.0008942069196312075,-35458.81392108931,0.0003596193080868739,0.1617372109564066,-86302.24252142853,-89542683.26220092,86302.24252142853,2.8795734701029424e+16
84,636800.0,0.501,-66.66666666666666,16947.80953344676,0.0008942069196312075,-11819.604640363143,0.0003596193080868739,0.1617372109564066,-28767.414173809906,-29847561.087400716,28767.41417380991,3199526077892248.0
84,636800.0,0.501,66.66666666666669,-16947.809533446703,0.0008942069196312075,11819.604640362997,0.0003596193080868739,0.1617372109564066,28767.414173809702,29847561.087400507,28767.414173809706,3199526077892202.5
84,636800.0,0.501,200.0,-50843.428600339226,0.0008942069196312075,35458.81392108931,0.0003596193080868739,0.1617372109564066,86302.24252142853,89542683.26220092,86302.24252142853,2.8795734701029424e+16
84,636800.0,0.7505,-200.0,50843.428600339226,0.0013395255352958014,-35458.81392108931,0.0005387111591201453,0.16173721095641122,-86302.24252142853,-59774662.64405626,86302.24252142853,1.2832232574585476e+16
84,636800.0,0.7505,-66.66666666666666,16947.80953344676,0.001339525535295612,-11819.604640363172,0.0005387111591200564,0.16173721095640362,-28767.414173809935,-19924887.54802193,28767.414173809946,1425803619398900.2
84,636800.0,0.7505,66.66666666666669,-16947.809533446703,0.0013395255352958014,11819.604640362997,0.0005387111591201453,0.16173721095641122,28767.414173809702,19924887.548018884,28767.414173809713,1425803619398406.5
84,636800.0,0.7505,200.0,-50843.42860033934,0.001339525535295612,35458.81392108931,0.0005387111591200564,0.16173721095640362,86302.24252142865,59774662.64406499,86302.24252142866,1.2832232574589748e+16
84,636800.0,1.0,-200.0,50843.42860033934,0.0017848441509601858,-35458.81392108931,0.0007178030101533119,0.16173721095640425,-86302.24252142865,-44860884.31437051,86302.24252142866,7227758205695708.0
84,636800.0,1.0,-66.66666666666666,16947.80953344676,0.001784844150960444,-11819.604640363143,0.000717803010153443,0.16173721095641658,-28767.414173809906,-14953628.104788113,28767.414173809928,803084245077028.9
84,636800.0,1.0,66.66666666666669,-16947.809533446703,0.001784844150960444,11819.604640362997,0.000717803010153443,0.16173721095641658,28767.414173809702,14953628.104788007,28767.414173809724,803084245077017.4
84,636800.0,1.0,200.0,-50843.428600339226,0.001784844150960444,35458.81392108931,0.000717803010153443,0.16173721095641658,86302.24252142853,44860884.314363725,86302.24252142853,7227758205693046.0
84,955200.0000000001,0.002,-200.0,50843.428600339226,3.5696883019208914e-06,-35458.81392108931,1.435606020306874e-06,0.16173721095641355,-86302.24252142853,-22430442157.18187,86302.24252142853,1.8069395514232917e+21
84,955200.0000000001,0.002,-66.66666666666666,16947.80953344676,3.5696883019208914e-06,-11819.604640363143,1.435606020306874e-06,0.16173721095641355,-28767.414173809906,-7476814052.394058,28767.414173809906,2.0077106126926017e+20
84,955200.0000000001,0.002,66.66666666666669,-16947.809533446703,3.5696883019208914e-06,11819.604640362997,1.435606020306874e-06,0.16173721095641355,28767.414173809702,7476814052.394006,28767.414173809702,2.0077106126925732e+20
84,955200.0000000001,0.002,200.0,-50843.42860033899,3.5696883019207614e-06,35458.81392108931,1.4356060203042833e-06,0.1617372109558416,86302.2425214283,22430442157.18815,86302.2425214283,1.8069395514298034e+21
84,955200.0000000001,0.2515,-200.0,50843.42860033888,0.00044888830396651585,-35458.81392108873,0.00018052745705350254,0.16173721095628404,-86302.2425214276,-178373297.47264168,86302.2425214276,1.1426879210937107e+17
84,955200.0000000001,0.2515,-66.66666666666666,16947.80953344676,0.0004488883039665635,-11819.604640363143,0.00018052745705358494,0.16173721095639731,-28767.414173809906,-59457765.824206136,28767.41417380991,1.2696532456585824e+16
84,955200.0000000001,0.2515,66.66666666666669,-16947.809533446645,0.0004488883039665432,11819.604640362852,0.0001805274570532597,0.16173721095582916,28767.4141738095,59457765.82422251,28767.414173809502,1.2696532456631212e+16
84,955200.0000000001,0.2515,200.0,-50843.428600339226,0.0004488883039665635,35458.81392108931,0.00018052745705358494,0.16173721095639731,86302.24252142853,178373297.47261596,86302.24252142853,1.1426879210926923e+17
84,955200.0000000001,0.501,-200.0,50843.428600339226,0.0008942069196312075,-35458.81392108931,0.0003596193080868739,0.1617372109564066,-86302.24252142853,-89542683.26220092,86302.24252142853,2.8795734701029424e+16
84,955200.0000000001,0.501,-66.66666666666666,16947.80953344676,0.0008942069196312075,-11819.604640363143,0.0003596193080868739,0.1617372109564066,-28767.414173809906,-29847561.087400716,28767.41417380991,3199526077892248.0
84,955200.0000000001,0.501,66.66666666666669,-16947.809533446703,0.0008942069196310729,11819.604640363026,0.00035961930808681505,0.1617372109564023,28767.41417380973,29847561.08740508,28767.414173809735,3199526077893256.5
84,955200.0000000001,0.501,200.0,-50843.428600339226,0.0008942069196312075,35458.81392108931,0.0003596193080868739,0.1617372109564066,86302.24252142853,89542683.26220092,86302.24252142853,2.8795734701029424e+16
84,955200.0000000001,0.7505,-200.0,50843.428600339226,0.0013395255352958014,-35458.81392108931,0.0005387111591201453,0.16173721095641122,-86302.24252142853,-59774662.64405626,86302.24252142853,1.2832232574585476e+16
84,955200.0000000001,0.7505,-66.66666666666666,16947.80953344676,0.0013395255352958014,-11819.604640363143,0.0005387111591201453,0.16173721095641122,-28767.414173809906,-19924887.548019025,28767.414173809917,1425803619398427.0
84,955200.0000000001,0.7505,66.66666666666669,-16947.809533446703,0.0013395255352958014,11819.604640362997,0.0005387111591201453,0.16173721095641122,28767.414173809702,19924887.548018884,28767.414173809713,1425803619398406.5
84,955200.0000000001,0.7505,200.0,-50843.428600339226,0.0013395255352958014,35458.81392108931,0.0005387111591201453,0.16173721095641122,86302.24252142853,59774662.64405626,86302.24252142853,1.2832232574585476e+16
84,955200.0000000001,1.0,-200.0,50843.428600339226,0.001784844150960444,-35458.81392108931,0.000717803010153443,0.16173721095641658,-86302.24252142853,-44860884.314363725,86302.24252142853,7227758205693046.0
84,955200.0000000001,1.0,-66.66666666666666,16947.80953344676,0.001784844150960444,-11819.604640363143,0.000717803010153443,0.16173721095641658,-28767.414173809906,-14953628.104788113,28767.414173809928,803084245077028.9
84,955200.0000000001,1.0,66.66666666666669,-16947.809533446703,0.001784844150960444,11819.604640362997,0.000717803010153443,0.16173721095641658,28767.414173809702,14953628.104788007,28767.414173809724,803084245077017.4
84,955200.0000000001,1.0,200.0,-50843.42860033934,0.0017848441509601858,35458.81392108931,0.0007178030101533119,0.16173721095640425,86302.24252142865,44860884.31437051,86302.24252142866,7227758205695708.0
84,1273600.0,0.002,-200.0,50843.428600339226,3.5696883019208914e-06,-35458.81392108931,1.435606020306874e-06,0.16173721095641355,-86302.24252142853,-22430442157.18187,86302.24252142853,1.8069395514232917e+21
84,1273600.0,0.002,-66.66666666666666,16947.80953344676,3.5696883019208914e-06,-11819.604640363143,1.435606020306874e-06,0.16173721095641355,-28767.414173809906,-7476814052.394058,28767.414173809906,2.0077106126926017e+20
84,1273600.0,0.002,66.66666666666669,-16947.809533446703,3.5696883019208914e-06,11819.604640362997,1.435606020306874e-06,0.16173721095641355,28767.414173809702,7476814052.394006,28767.414173809702,2.0077106126925732e+20
84,1273600.0,0.002,200.0,-50843.428600339226,3.5696883019208914e-06,35458.81392108931,1.435606020306874e-06,0.16173721095641355,86302.24252142853,22430442157.18187,86302.24252142853,1.8069395514232917e+21
84,1273600.0,0.2515,-200.0,50843.42860033934,0.00044888830396649134,-35458.81392108931,0.00018052745705355325,0.16173721095639257,-86302.24252142865,-178373297.47264522,86302.24252142865,1.1426879210930965e+17
84,1273600.0,0.2515,-66.66666666666666,16947.80953344676,0.0004488883039665635,-11819.604640363143,0.00018052745705358494,0.16173721095639731,-28767.414173809906,-59457765.824206136,28767.41417380991,1.2696532456585824e+16
84,1273600.0,0.2515,66.66666666666669,-16947.809533446703,0.0004488883039665635,11819.604640362997,0.00018052745705358494,0.16173721095639731,28767.414173809702,59457765.82420571,28767.414173809702,1.2696532456585644e+16
84,1273600.0,0.2515,200.0,-50843.42860033934,0.00044888830396649134,35458.81392108931,0.00018052745705355325,0.16173721095639257,86302.24252142865,178373297.47264522,86302.24252142865,1.1426879210930965e+17
84,1273600.0,0.501,-200.0,50843.428600339226,0.0008942069196312075,-35458.81392108931,0.0003596193080868739,0.1617372109564066,-86302.24252142853,-89542683.26220092,86302.24252142853,2.8795734701029424e+16
84,1273600.0,0.501,-66.66666666666666,16947.80953344676,0.0008942069196312075,-11819.604640363143,0.0003596193080868739,0.1617372109564066,-28767.414173809906,-29847561.087400716,28767.41417380991,3199526077892248.0
84,1273600.0,0.501,66.66666666666669,-16947.809533446703,0.0008942069196312075,11819.604640362997,0.0003596193080868739,0.1617372109564066,28767.414173809702,29847561.087400507,28767.414173809706,3199526077892202.5
84,1273600.0,0.501,200.0,-50843.428600339226,0.0008942069196312075,35458.81392108931,0.0003596193080868739,0.1617372109564066,86302.24252142853,89542683.26220092,86302.24252142853,2.8795734701029424e+16
84,1273600.0,0.7505,-200.0,50843.428600339226,0.0013395255352958014,-35458.81392108931,0.0005387111591201453,0.16173721095641122,-86302.24252142853,-59774662.64405626,86302.24252142853,1.2832232574585476e+16
84,1273600.0,0.7505,-66.66666666666666,16947.80953344676,0.0013395255352957433,-11819.604640363084,0.0005387111591191743,0.16173721095584218,-28767.414173809848,-19924887.54802473,28767.41417380986,1425803619403561.0
84,1273600.0,0.7505,66.66666666666669,-16947.809533446703,0.0013395255352956826,11819.604640362997,0.0005387111591199039,0.16173721095629492,28767.414173809702,19924887.54802165,28767.414173809713,1425803619399684.8
84,1273600.0,0.7505,200.0,-50843.428600339226,0.0013395255352958014,35458.81392108931,0.0005387111591201453,0.16173721095641122,86302.24252142853,59774662.64405626,86302.24252142853,1.2832232574585476e+16
84,1273600.0,1.0,-200.0,50843.42860033899,0.0017848441509603586,-35458.81392108931,0.0007178030101521414,0.1617372109558455,-86302.2425214283,-44860884.31437677,86302.2425214283,7227758205719218.0
84,1273600.0,1.0,-66.66666666666666,16947.80953344676,0.001784844150960444,-11819.604640363143,0.000717803010153443,0.16173721095641658,-28767.414173809906,-14953628.104788113,28767.414173809928,803084245077028.9
84,1273600.0,1.0,66.66666666666669,-16947.809533446703,0.001784844150960444,11819.604640362997,0.000717803010153443,0.16173721095641658,28767.414173809702,14953628.104788007,28767.414173809724,803084245077017.4
84,1273600.0,1.0,200.0,-50843.42860033934,0.0017848441509601858,35458.81392108931,0.0007178030101533119,0.16173721095640425,86302.24252142865,44860884.31437051,86302.24252142866,7227758205695708.0
111,318400.0,0.002,-200.0,37713.167805904755,2.5324497614862487e-06,-29379.16868868319,1.187882346693212e-06,0.22002152944152806,-67092.33649458794,-23985475387.98281,67092.33649458794,1.595030458681206e+21
111,318400.0,0.002,-66.66666666666666,12571.055935301236,2.532449761486167e-06,-9793.05622956215,1.1878823466922544e-06,0.22002152944118755,-22364.112164863385,-7995158462.662573,22364.112164863385,1.7722560652043138e+20
111,318400.0,0.002,66.66666666666669,-12571.055935301294,2.5324497614864426e-06,9793.056229562062,1.1878823467046037e-06,0.22002152944571438,22364.112164863356,7995158462.64686,22364.112164863356,1.7722560651674603e+20
111,318400.0,0.002,200.0,-37713.167805904755,2.5324497614864426e-06,29379.168688683305,1.1878823467046037e-06,0.22002152944571438,67092.33649458806,23985475387.93986,67092.33649458806,1.5950304586506188e+21
111,318400.0,0.2515,-200.0,37713.167805904755,0.0003184555575068809,-29379.168688683305,0.0001493762050965455,0.22002152944117767,-67092.33649458806,-190739366.9024844,67092.33649458806,1.0086790327198798e+17
111,318400.0,0.2515,-66.66666666666666,12571.055935301178,0.0003184555575068869,-9793.05622956215,0.00014937620509824378,0.22002152944617237,-22364.112164863327,-63579788.96736528,22364.112164863327,1.1207544807744466e+16
111,318400.0,0.2515,66.66666666666669,-12571.055935301352,0.0003184555575068809,9793.056229562062,0.0001493762050965455,0.22002152944117767,22364.112164863414,63579788.96749687,22364.112164863414,1.1207544807999396e+16
111,318400.0,0.2515,200.0,-37713.167805904755,0.0003184555575068809,29379.168688683305,0.0001493762050965455,0.22002152944117767,67092.33649458806,190739366.9024844,67092.33649458806,1.0086790327198798e+17
111,318400.0,0.501,-200.0,37713.167805905105,0.0006343786652523303,-29379.168688683305,0.000297564527848407,0.2200215294441096,-67092.33649458841,-95750400.75032596,67092.33649458841,2.5418710820473024e+16
111,318400.0,0.501,-66.66666666666666,12571.055935301236,0.0006343786652522796,-9793.05622956215,0.0002975645278464287,0.22002152944121922,-22364.112164863385,-31916800.250149846,22364.11216486339,2824301202312482.5
111,318400.0,0.501,66.66666666666669,-12571.055935301352,0.0006343786652522796,9793.056229562062,0.0002975645278464287,0.22002152944121922,22364.112164863414,31916800.250149887,22364.112164863418,2824301202312490.0
111,318400.0,0.501,200.0,-37713.167805904755,0.0006343786652522902,29379.16868868319,0.00029756452784664855,0.220021529441537,67092.33649458794,95750400.75043231,67092.33649458794,2.5418710820773096e+16
111,318400.0,0.7505,-200.0,37713.167805904755,0.0009503017729975667,-29379.16868868342,0.00044575285059910986,0.2200215294440469,-67092.33649458818,-63918655.264388725,67092.33649458818,1.1327330675226182e+16
111,318400.0,0.7505,-66.66666666666666,12571.055935301178,0.0009503017729976808,-9793.05622956215,0.00044575285060133025,0.22002152944618605,-22364.112164863327,-21306218.421442244,22364.112164863334,1258592297234883.5
111,318400.0,0.7505,66.66666666666669,-12571.055935301294,0.0009503017729979411,9793.056229562091,0.00044575285059803433,0.2200215294428118,22364.112164863385,21306218.421465926,22364.11216486339,1258592297253502.2
111,318400.0,0.7505,200.0,-37713.167805904755,0.0009503017729976844,29379.16868868319,0.0004457528505966158,0.22002152944153033,67092.33649458794,63918655.26444651,67092.33649458794,1.1327330675352862e+16
111,318400.0,1.0,-200.0,37713.167805904755,0.0012662248807430853,-29379.168688683305,0.0005939411733461302,0.2200215294411891,-67092.33649458806,-47970950.77597384,67092.33649458806,6380121834735070.0
111,318400.0,1.0,-66.66666666666666,12571.055935301236,0.0012662248807430853,-9793.05622956215,0.0005939411733461302,0.2200215294411891,-22364.112164863385,-15990316.925325114,22364.112164863396,708902426081719.5
111,318400.0,1.0,66.66666666666669,-12571.055935301294,0.0012662248807432245,9793.056229562062,0.0005939411733523424,0.22002152944574332,22364.112164863356,15990316.92529349,22364.112164863367,708902426066888.2
111,318400.0,1.0,200.0,-37713.167805905105,0.0012662248807431655,29379.168688683305,0.0005939411733501005,0.2200215294441028,67092.33649458841,47970950.775913775,67092.33649458841,6380121834649836.0
111,636800.0,0.002,-200.0,37713.167805904755,2.5324497614864426e-06,-29379.168688683305,1.1878823467046037e-06,0.22002152944571438,-67092.33649458806,-23985475387.93986,67092.33649458806,1.5950304586506188e+21
111,636800.0,0.002,-66.66666666666666,12571.055935301236,2.532449761486167e-06,-9793.05622956215,1.1878823466922544e-06,0.22002152944118755,-22364.112164863385,-7995158462.662573,22364.112164863385,1.7722560652043138e+20
111,636800.0,0.002,66.66666666666669,-12571.055935301294,2.532449761486749e-06,9793.056229562091,1.1878823466969658e-06,0.22002152944283174,22364.112164863385,7995158462.655349,22364.112164863385,1.7722560651902553e+20
111,636800.0,0.002,200.0,-37713.167805904755,2.532449761486167e-06,29379.168688683305,1.1878823466922544e-06,0.22002152944118755,67092.33649458806,23985475387.98697,67092.33649458806,1.5950304586837829e+21
111,636800.0,0.2515,-200.0,37713.167805904755,0.00031845555750689887,-29379.16868868319,0.00014937620509666738,0.22002152944151193,-67092.33649458794,-190739366.90244716,67092.33649458794,1.00867903271823e+17
111,636800.0,0.2515,-66.66666666666666,12571.055935301236,0.0003184555575068809,-9793.05622956215,0.0001493762050965455,0.22002152944117767,-22364.112164863385,-63579788.96749678,22364.112164863385,1.1207544807999366e+16
111,636800.0,0.2515,66.66666666666669,-12571.055935301236,0.0003184555575068803,9793.056229562033,0.00014937620509728936,0.22002152944336992,22364.11216486327,63579788.967439465,22364.11216486327,1.1207544807887626e+16
111,636800.0,0.2515,200.0,-37713.167805904755,0.00031845555750689887,29379.16868868319,0.00014937620509666738,0.22002152944151193,67092.33649458794,190739366.90244716,67092.33649458794,1.00867903271823e+17
111,636800.0,0.501,-200.0,37713.167805904755,0.0006343786652522796,-29379.168688683305,0.0002975645278464287,0.22002152944121922,-67092.33649458806,-95750400.75044654,67092.33649458806,2.5418710820810748e+16
111,636800.0,0.501,-66.66666666666666,12571.055935301178,0.0006343786652524344,-9793.056229562091,0.00029756452784760146,0.22002152944284614,-22364.11216486327,-31916800.250120606,22364.112164863272,2824301202290190.5
111,636800.0,0.501,66.66666666666669,-12571.055935301294,0.0006343786652523517,9793.056229562062,0.0002975645278495172,0.22002152944573652,22364.112164863356,31916800.250087086,22364.11216486336,2824301202253846.5
111,636800.0,0.501,200.0,-37713.167805904755,0.0006343786652522796,29379.168688683305,0.0002975645278464287,0.22002152944121922,67092.33649458806,95750400.75044654,67092.33649458806,2.5418710820810748e+16
111,636800.0,0.7505,-200.0,37713.167805904755,0.0009503017729976613,-29379.168688683305,0.00044575285059627755,0.2200215294412071,-67092.33649458806,-63918655.264456645,67092.33649458806,1.1327330675370092e+16
111,636800.0,0.7505,-66.66666666666666,12571.05593530112,0.0009503017729977825,-9793.056229562062,0.0004457528506009379,0.2200215294457516,-22364.11216486318,-21306218.42144362,22364.112164863185,1258592297237082.8
111,636800.0,0.7505,66.66666666666669,-12571.055935301352,0.0009503017729976844,9793.056229562004,0.0004457528505966158,0.22002152944153033,22364.112164863356,21306218.421482846,22364.11216486336,1258592297261509.2
111,636800.0,0.7505,200.0,-37713.167805904755,0.0009503017729977825,29379.168688683305,0.0004457528506009379,0.2200215294457516,67092.33649458806,63918655.26432945,67092.33649458806,1.1327330675133238e+16
111,636800.0,1.0,-200.0,37713.167805904755,0.0012662248807429864,-29379.16868868342,0.0005939411733499223,0.220021529444033,-67092.33649458818,-47970950.77592177,67092.33649458818,6380121834653622.0
111,636800.0,1.0,-66.66666666666666,12571.055935301178,0.0012662248807431202,-9793.05622956212,0.0005939411733466108,0.22002152944153305,-22364.112164863298,-15990316.925322358,22364.11216486331,708902426080566.8
111,636800.0,1.0,66.66666666666669,-12571.055935301352,0.0012662248807430853,9793.056229562062,0.0005939411733461302,0.2200215294411891,22364.112164863414,15990316.925325135,22364.112164863425,708902426081721.4
111,636800.0,1.0,200.0,-37713.167805904755,0.0012662248807430853,29379.168688683305,0.0005939411733461302,0.2200215294411891,67092.33649458806,47970950.77597384,67092.33649458806,6380121834735070.0
111,955200.0000000001,0.002,-200.0,37713.167805904755,2.532449761486167e-06,-29379.168688683305,1.1878823466922544e-06,0.22002152944118755,-67092.33649458806,-23985475387.98697,67092.33649458806,1.5950304586837829e+21
111,955200.0000000001,0.002,-66.66666666666666,12571.055935301178,2.5324497614862944e-06,-9793.056229562178,1.1878823467001157e-06,0.22002152944407755,-22364.112164863356,-7995158462.652691,22364.112164863356,1.772256065180852e+20
111,955200.0000000001,0.002,66.66666666666669,-12571.055935301352,2.532449761486167e-06,9793.056229562062,1.1878823466922544e-06,0.22002152944118755,22364.112164863414,7995158462.662583,22364.112164863414,1.7722560652043184e+20
111,955200.0000000001,0.002,200.0,-37713.16780590464,2.5324497614861517e-06,29379.168688683654,1.1878823467056782e-06,0.22002152944616293,67092.3364945883,23985475387.938293,67092.3364945883,1.5950304586477443e+21
111,955200.0000000001,0.2515,-200.0,37713.167805904755,0.0003184555575068809,-29379.168688683305,0.0001493762050965455,0.22002152944117767,-67092.33649458806,-190739366.9024844,67092.33649458806,1.0086790327198798e+17
111,955200.0000000001,0.2515,-66.66666666666666,12571.055935301178,0.0003184555575069634,-9793.056229562091,0.00014937620509713486,0.22002152944279996,-22364.11216486327,-63579788.96743772,22364.11216486327,1.120754480791081e+16
111,955200.0000000001,0.2515,66.66666666666669,-12571.055935301178,0.0003184555575068869,9793.056229562004,0.00014937620509824378,0.22002152944617237,22364.11216486318,63579788.96736486,22364.11216486318,1.120754480774432e+16
111,955200.0000000001,0.2515,200.0,-37713.167805904755,0.00031845555750689887,29379.16868868319,0.00014937620509666738,0.22002152944151193,67092.33649458794,190739366.90244716,67092.33649458794,1.00867903271823e+17
111,955200.0000000001,0.501,-200.0,37713.167805904755,0.0006343786652522796,-29379.168688683305,0.0002975645278464287,0.22002152944121922,-67092.33649458806,-95750400.75044654,67092.33649458806,2.5418710820810748e+16
111,955200.0000000001,0.501,-66.66666666666666,12571.055935301236,0.0006343786652522796,-9793.05622956215,0.0002975645278464287,0.22002152944121922,-22364.112164863385,-31916800.250149846,22364.11216486339,2824301202312482.5
111,955200.0000000001,0.501,66.66666666666669,-12571.055935301294,0.0006343786652523303,9793.056229562004,0.000297564527848407,0.2200215294441096,22364.112164863298,31916800.25010936,22364.1121648633,2824301202274906.5
111,955200.0000000001,0.501,200.0,-37713.167805904755,0.0006343786652524344,29379.168688683305,0.00029756452784760146,0.22002152944284614,67092.33649458806,95750400.75035933,67092.33649458806,2.5418710820610384e+16
111,955200.0000000001,0.7505,-200.0,37713.167805904755,0.0009503017729977825,-29379.168688683305,0.0004457528506009379,0.2200215294457516,-67092.33649458806,-63918655.26432945,67092.33649458806,1.1327330675133238e+16
111,955200.0000000001,0.7505,-66.66666666666666,12571.055935301236,0.0009503017729976613,-9793.05622956215,0.00044575285059627755,0.2200215294412071,-22364.112164863385,-21306218.421486214,22364.11216486339,1258592297263422.8
111,955200.0000000001,0.7505,66.66666666666669,-12571.055935301294,0.0009503017729977825,9793.056229562062,0.0004457528506009379,0.2200215294457516,22364.112164863356,21306218.421443786,22364.11216486336,1258592297237102.5
111,955200.0000000001,0.7505,200.0,-37713.167805904755,0.0009503017729976844,29379.16868868319,0.0004457528505966158,0.22002152944153033,67092.33649458794,63918655.26444651,67092.33649458794,1.1327330675352862e+16
111,955200.0000000001,1.0,-200.0,37713.167805904755,0.0012662248807430853,-29379.168688683305,0.0005939411733461302,0.2200215294411891,-67092.33649458806,-47970950.77597384,67092.33649458806,6380121834735070.0
111,955200.0000000001,1.0,-66.66666666666666,12571.055935301236,0.0012662248807430853,-9793.05622956215,0.0005939411733461302,0.2200215294411891,-22364.112164863385,-15990316.925325114,22364.112164863396,708902426081719.5
111,955200.0000000001,1.0,66.66666666666669,-12571.055935301352,0.0012662248807430853,9793.056229562062,0.0005939411733461302,0.2200215294411891,22364.112164863414,15990316.925325135,22364.112164863425,708902426081721.4
111,955200.0000000001,1.0,200.0,-37713.167805905454,0.0012662248807430345,29379.168688683305,0.0005939411733491236,0.22002152944342457,67092.33649458876,47970950.77593232,67092.33649458876,6380121834670890.0
111,1273600.0,0.002,-200.0,37713.167805904755,2.5324497614864426e-06,-29379.168688683305,1.1878823467046037e-06,0.22002152944571438,-67092.33649458806,-23985475387.93986,67092.33649458806,1.5950304586506188e+21
111,1273600.0,0.002,-66.66666666666666,12571.055935301236,2.532449761486167e-06,-9793.05622956215,1.1878823466922544e-06,0.22002152944118755,-22364.112164863385,-7995158462.662573,22364.112164863385,1.7722560652043138e+20
111,1273600.0,0.002,66.66666666666669,-12571.055935301294,2.532449761486749e-06,9793.056229562091,1.1878823466969658e-06,0.22002152944283174,22364.112164863385,7995158462.655349,22364.112164863385,1.7722560651902553e+20
111,1273600.0,0.002,200.0,-37713.167805904755,2.5324497614862487e-06,29379.16868868319,1.187882346693212e-06,0.22002152944152806,67092.33649458794,23985475387.98281,67092.33649458794,1.595030458681206e+21
111,1273600.0,0.2515,-200.0,37713.167805904755,0.0003184555575068809,-29379.168688683305,0.0001493762050965455,0.22002152944117767,-67092.33649458806,-190739366.9024844,67092.33649458806,1.0086790327198798e+17
111,1273600.0,0.2515,-66.66666666666666,12571.05593530112,0.0003184555575069221,-9793.056229562062,0.00014937620509810557,0.22002152944571654,-22364.11216486318,-63579788.967369705,22364.11216486318,1.1207544807765058e+16
111,1273600.0,0.2515,66.66666666666669,-12571.055935301352,0.00031845555750689887,9793.056229562004,0.00014937620509666738,0.22002152944151193,22364.112164863356,63579788.96748441,22364.112164863356,1.1207544807981046e+16
111,1273600.0,0.2515,200.0,-37713.167805904755,0.0003184555575069221,29379.168688683305,0.00014937620509810557,0.22002152944571654,67092.33649458806,190739366.90210488,67092.33649458806,1.0086790326988104e+17
111,1273600.0,0.501,-200.0,37713.167805904755,0.0006343786652522902,-29379.16868868319,0.00029756452784664855,0.220021529441537,-67092.33649458794,-95750400.75043231,67092.33649458794,2.5418710820773096e+16
111,1273600.0,0.501,-66.66666666666666,12571.055935301178,0.0006343786652522221,-9793.05622956212,0.00029756452784831454,0.2200215294440479,-22364.112164863298,-31916800.250115607,22364.1121648633,2824301202276662.0
111,1273600.0,0.501,66.66666666666669,-12571.055935301352,0.0006343786652522796,9793.056229562062,0.0002975645278464287,0.22002152944121922,22364.112164863414,31916800.250149887,22364.112164863418,2824301202312490.0
111,1273600.0,0.501,200.0,-37713.167805904755,0.0006343786652522796,29379.168688683305,0.0002975645278464287,0.22002152944121922,67092.33649458806,95750400.75044654,67092.33649458806,2.5418710820810748e+16
111,1273600.0,0.7505,-200.0,37713.167805904755,0.0009503017729976613,-29379.168688683305,0.00044575285059627755,0.2200215294412071,-67092.33649458806,-63918655.264456645,67092.33649458806,1.1327330675370092e+16
111,1273600.0,0.7505,-66.66666666666666,12571.055935301236,0.0009503017729976613,-9793.05622956215,0.00044575285059627755,0.2200215294412071,-22364.112164863385,-21306218.421486214,22364.11216486339,1258592297263422.8
111,1273600.0,0.7505,66.66666666666669,-12571.055935301294,0.0009503017729977165,9793.056229562004,0.0004457528505992476,0.2200215294441136,22364.112164863298,21306218.421459515,22364.112164863305,1258592297246641.0
111,1273600.0,0.7505,200.0,-37713.167805904755,0.0009503017729976613,29379.168688683305,0.00044575285059627755,0.2200215294412071,67092.33649458806,63918655.264456645,67092.33649458806,1.1327330675370092e+16
111,1273600.0,1.0,-200.0,37713.16780590464,0.0012662248807431013,-29379.168688683654,0.0005939411733529057,0.2200215294462034,-67092.3364945883,-47970950.775874816,67092.3364945883,6380121834589548.0
111,1273600.0,1.0,-66.66666666666666,12571.055935301178,0.0012662248807434118,-9793.056229562091,0.0005939411733484976,0.22002152944282966,-22364.11216486327,-15990316.925310157,22364.11216486328,708902426076060.8
111,1273600.0,1.0,66.66666666666669,-12571.055935301178,0.0012662248807431013,9793.056229562004,0.0005939411733529057,0.2200215294462034,22364.11216486318,15990316.925291905,22364.112164863192,708902426065532.6
111,1273600.0,1.0,200.0,-37713.167805904755,0.0012662248807431202,29379.16868868319,0.0005939411733466108,0.22002152944153305,67092.33649458794,47970950.775965676,67092.33649458794,6380121834724722.0
147,318400.0,0.002,-200.0,29813.697449095664,2.516652567646208e-06,-21962.032471513026,8.840403281158438e-07,0.12339501821885553,-51775.72992060869,-19410499859.447014,51775.72992060869,1.715056020986081e+21
147,318400.0,0.002,-66.66666666666666,9937.899149698846,2.5166525676518625e-06,-7320.677490504488,8.840403281242229e-07,0.12339501822064015,-17258.576640203333,-6470166619.796159,17258.576640203333,1.9056178010596187e+20
147,318400.0,0.002,66.66666666666669,-9937.899149698904,2.5166525676500393e-06,7320.677490504313,8.840403281291627e-07,0.12339501822219794,17258.576640203217,6470166619.796317,17258.576640203217,1.905617801038297e+20
147,318400.0,0.002,200.0,-29813.69744909543,2.516652567648951e-06,21962.032471513143,8.840403281477593e-07,0.12339501822749613,51775.72992060857,19410499859.35117,51775.72992060857,1.71505602086224e+21
147,318400.0,0.2515,-200.0,29813.697449095664,0.0003164690603814736,-21962.032471513143,0.00011116807126153396,0.12339501822103027,-51775.72992060881,-154357851.76485524,51775.72992060881,1.0845818265476813e+17
147,318400.0,0.2515,-66.66666666666666,9937.899149698787,0.0003164690603820283,-7320.677490504488,0.00011116807126425337,0.1233950182266347,-17258.576640203275,-51452617.25473422,17258.57664020328,1.2050909183274018e+16
147,318400.0,0.2515,66.66666666666669,-9937.899149698846,0.00031646906038149434,7320.677490504138,0.00011116807126057272,0.12339501821888017,17258.576640202984,51452617.25499775,17258.576640202984,1.2050909184071596e+16
147,318400.0,0.2515,200.0,-29813.697449095664,0.00031646906038149434,21962.032471513026,0.00011116807126057272,0.12339501821888017,51775.72992060869,154357851.76499248,51775.72992060869,1.0845818265664323e+17
147,318400.0,0.501,-200.0,29813.69744909613,0.0006304214681959406,-21962.03247151326,0.0002214521021987561,0.12339501822502781,-51775.72992060939,-77487025.3867327,51775.72992060939,2.7331461163856124e+16
147,318400.0,0.501,-66.66666666666666,9937.89914969873,0.00063042146819604,-7320.677490504313,0.0002214521022010166,0.12339501822750804,-17258.576640203042,-25829008.46221152,17258.57664020305,3036829018144210.0
147,318400.0,0.501,66.66666666666669,-9937.899149698846,0.0006304214681953561,7320.677490504138,0.00022145210219302734,0.1233950182188724,17258.576640202984,25829008.462338727,17258.576640202988,3036829018363307.0
147,318400.0,0.501,200.0,-29813.697449095664,0.0006304214681953561,21962.032471513026,0.00022145210219302734,0.1233950182188724,51775.72992060869,77487025.38701579,51775.72992060869,2.7331461165269468e+16
147,318400.0,0.7505,-200.0,29813.697449095664,0.0009443738760112515,-21962.03247151326,0.0003317361331304345,0.12339501822202273,-51775.72992060892,-51726848.3927472,51775.72992060893,1.2179708901574522e+16
147,318400.0,0.7505,-66.66666666666666,9937.899149698904,0.0009443738760094002,-7320.677490504488,0.00033173613312825843,0.12339501822088768,-17258.57664020339,-17242282.79762533,17258.576640203402,1353300989081657.8
147,318400.0,0.7505,66.66666666666669,-9937.899149698904,0.0009443738760113035,7320.677490504488,0.00033173613312861334,0.12339501822065431,17258.57664020339,17242282.797592368,17258.576640203402,1353300989078762.0
147,318400.0,0.7505,200.0,-29813.697449095664,0.0009443738760088441,21962.032471512677,0.00033173613313574354,0.12339501822660141,51775.72992060834,51726848.39277306,51775.72992060834,1.2179708901184402e+16
147,318400.0,1.0,-200.0,29813.69744909543,0.0012583262838233309,-21962.032471513026,0.00044202016406167776,0.12339501822090801,-51775.72992060846,-38820999.718851395,51775.729920608464,6860224083827682.0
147,318400.0,1.0,-66.66666666666666,9937.899149698846,0.0012583262838230238,-7320.677490504429,0.00044202016406139316,0.12339501822080934,-17258.576640203275,-12940333.2396212,17258.576640203293,762247120426322.2
147,318400.0,1.0,66.66666666666669,-9937.899149698787,0.0012583262838237132,7320.677490504255,0.00044202016405596147,0.12339501821764151,17258.576640203042,12940333.239632182,17258.57664020306,762247120445035.2
147,318400.0,1.0,200.0,-29813.697449095664,0.0012583262838226604,21962.032471513026,0.00044202016407103974,0.12339501822626653,51775.72992060869,38820999.71877967,51775.72992060869,6860224083537144.0
147,636800.0,0.002,-200.0,29813.697449095664,2.5166525676453506e-06,-21962.032471513026,8.840403281420721e-07,0.12339501822626156,-51775.72992060869,-19410499859.38965,51775.72992060869,1.715056020884314e+21
147,636800.0,0.002,-66.66666666666666,9937.899149698846,2.5166525676518625e-06,-7320.677490504488,8.840403281242229e-07,0.12339501822064015,-17258.576640203333,-6470166619.796159,17258.576640203333,1.9056178010596187e+20
147,636800.0,0.002,66.66666666666669,-9937.89914969902,2.5166525676454996e-06,7320.677490504226,8.840403281183859e-07,0.12339501821963465,17258.576640203246,6470166619.81538,17258.576640203246,1.9056178010847635e+20
147,636800.0,0.002,200.0,-29813.697449095664,2.516652567646208e-06,21962.032471513026,8.840403281158438e-07,0.12339501821885553,51775.72992060869,19410499859.447014,51775.72992060869,1.715056020986081e+21
147,636800.0,0.2515,-200.0,29813.697449095198,0.0003164690603814997,-21962.032471513026,0.00011116807126058558,0.12339501821890453,-51775.729920608224,-154357851.7649868,51775.729920608224,1.084581826566162e+17
147,636800.0,0.2515,-66.66666666666666,9937.899149698787,0.00031646906038149434,-7320.6774905044,0.00011116807126057272,0.12339501821888017,-17258.576640203188,-51452617.25499836,17258.576640203188,1.205090918407188e+16
147,636800.0,0.2515,66.66666666666669,-9937.899149698904,0.00031646906038161344,7320.677490504313,0.00011116807126030391,0.12339501821819053,17258.576640203217,51452617.25499487,17258.57664020322,1.2050909184130202e+16
147,636800.0,0.2515,200.0,-29813.69744909578,0.00031646906038192726,21962.032471512794,0.00011116807126318023,0.12339501822433116,51775.72992060857,154357851.76440647,51775.72992060857,1.0845818265155486e+17
147,636800.0,0.501,-200.0,29813.697449095314,0.0006304214681953292,-21962.03247151326,0.00022145210219475715,0.12339501822081067,-51775.72992060857,-77487025.38695207,51775.72992060857,2.7331461164842356e+16
147,636800.0,0.501,-66.66666666666666,9937.899149698787,0.0006304214681953561,-7320.6774905044,0.00022145210219302734,0.1233950182188724,-17258.576640203188,-25829008.462339032,17258.57664020319,3036829018363379.0
147,636800.0,0.501,66.66666666666669,-9937.899149698846,0.0006304214681953561,7320.677490504138,0.00022145210219302734,0.1233950182188724,17258.576640202984,25829008.462338727,17258.576640202988,3036829018363307.0
147,636800.0,0.501,200.0,-29813.697449095314,0.0006304214681963276,21962.032471513492,0.00022145210219635787,0.12339501822220371,51775.72992060881,77487025.38678168,51775.72992060881,2.733146116444749e+16
147,636800.0,0.7505,-200.0,29813.697449095664,0.0009443738760091957,-21962.032471513026,0.00033173613312549317,0.12339501821888392,-51775.72992060869,-51726848.392931834,51775.72992060869,1.2179708901937254e+16
147,636800.0,0.7505,-66.66666666666666,9937.899149698846,0.000944373876010629,-7320.677490504488,0.0003317361331305009,0.1233950182222348,-17258.576640203333,-17242282.797592495,17258.576640203344,1353300989063352.5
147,636800.0,0.7505,66.66666666666669,-9937.899149698846,0.0009443738760102218,7320.677490504342,0.0003317361331374734,0.12339501822752828,17258.576640203188,17242282.797559164,17258.5766402032,1353300989006442.0
147,636800.0,0.7505,200.0,-29813.697449095664,0.0009443738760091348,21962.032471513143,0.00033173613312835606,0.12339501822102966,51775.72992060881,51726848.39288589,51775.729920608814,1.2179708901727086e+16
147,636800.0,1.0,-200.0,29813.69744909648,0.001258326283825956,-21962.032471513026,0.00044202016406209355,0.12339501822062532,-51775.729920609505,-38820999.71877608,51775.72992060951,6860224083815054.0
147,636800.0,1.0,-66.66666666666666,9937.899149698787,0.0012583262838230481,-7320.6774905044,0.00044202016405790745,0.12339501821885841,-17258.576640203188,-12940333.23963212,17258.576640203206,762247120438336.5
147,636800.0,1.0,66.66666666666669,-9937.89914969902,0.001258326283825054,7320.677490504371,0.0004420201640725679,0.12339501822665028,17258.57664020339,12940333.239566766,17258.57664020341,762247120387791.6
147,636800.0,1.0,200.0,-29813.69744909613,0.0012583262838241978,21962.03247151326,0.000442020164069339,0.12339501822501543,51775.72992060939,38820999.71875437,51775.729920609396,6860224083590122.0
147,955200.0000000001,0.002,-200.0,29813.697449095664,2.516652567646208e-06,-21962.032471513026,8.840403281158438e-07,0.12339501821885553,-51775.72992060869,-19410499859.447014,51775.72992060869,1.715056020986081e+21
147,955200.0000000001,0.002,-66.66666666666666,9937.89914969873,2.516652567648951e-06,-7320.677490504313,8.840403281477593e-07,0.12339501822749613,-17258.576640203042,-6470166619.7837925,17258.576640203042,1.9056178009580854e+20
147,955200.0000000001,0.002,66.66666666666669,-9937.899149698846,2.516652567646208e-06,7320.677490504138,8.840403281158438e-07,0.12339501821885553,17258.576640202984,6470166619.815704,17258.576640202984,1.9056178010956648e+20
147,955200.0000000001,0.002,200.0,-29813.697449096362,2.51665256764684e-06,21962.03247151291,8.840403281232653e-07,0.12339501822086536,51775.72992060927,19410499859.424995,51775.72992060927,1.715056020957324e+21
147,955200.0000000001,0.2515,-200.0,29813.69744909648,0.0003164690603822391,-21962.032471513026,0.00011116807126161277,0.12339501822060828,-51775.729920609505,-154357851.76451293,51775.729920609505,1.0845818265461726e+17
147,955200.0000000001,0.2515,-66.66666666666666,9937.899149698787,0.00031646906038149434,-7320.6774905044,0.00011116807126057272,0.12339501821888017,-17258.576640203188,-51452617.25499836,17258.576640203188,1.205090918407188e+16
147,955200.0000000001,0.2515,66.66666666666669,-9937.899149698962,0.00031646906038222705,7320.6774905041675,0.00011116807126223232,0.12339501822199306,17258.57664020313,51452617.25480778,17258.57664020313,1.2050909183711988e+16
147,955200.0000000001,0.2515,200.0,-29813.697449095664,0.0003164690603813859,21962.032471512677,0.00011116807126401027,0.12339501822659597,51775.72992060834,154357851.76451424,51775.72992060834,1.0845818264993427e+17
147,955200.0000000001,0.501,-200.0,29813.697449095314,0.0006304214681953292,-21962.03247151326,0.00022145210219475715,0.12339501822081067,-51775.72992060857,-77487025.38695207,51775.72992060857,2.7331461164842356e+16
147,955200.0000000001,0.501,-66.66666666666666,9937.899149698846,0.0006304214681951506,-7320.6774905041675,0.0002214521021995904,0.12339501822626686,-17258.576640203013,-25829008.462262187,17258.576640203017,3036829018183315.5
147,955200.0000000001,0.501,66.66666666666669,-9937.899149698962,0.0006304214681954757,7320.6774905041675,0.00022145210219488672,0.12339501822089771,17258.57664020313,25829008.462310765,17258.576640203133,3036829018312362.0
147,955200.0000000001,0.501,200.0,-29813.697449095664,0.0006304214681951506,21962.032471513026,0.0002214521021995904,0.12339501822626686,51775.72992060869,77487025.38678604,51775.72992060869,2.7331461163649452e+16
147,955200.0000000001,0.7505,-200.0,29813.69744909648,0.0009443738760113035,-21962.032471513026,0.00033173613312861334,0.12339501822065431,-51775.729920609505,-51726848.39277644,51775.72992060951,1.2179708901708522e+16
147,955200.0000000001,0.7505,-66.66666666666666,9937.899149698787,0.0009443738760091957,-7320.6774905044,0.00033173613312549317,0.12339501821888392,-17258.576640203188,-17242282.797644235,17258.5766402032,1353300989104187.2
147,955200.0000000001,0.7505,66.66666666666669,-9937.899149698787,0.0009443738760096084,7320.677490504255,0.000331736133124002,0.12339501821766678,17258.576640203042,17242282.797645897,17258.576640203053,1353300989116330.8
147,955200.0000000001,0.7505,200.0,-29813.69744909578,0.0009443738760104048,21962.032471512794,0.0003317361331332623,0.12339501822434769,51775.72992060857,51726848.3927397,51775.72992060858,1.2179708901366712e+16
147,955200.0000000001,1.0,-200.0,29813.697449095664,0.0012583262838230481,-21962.032471513026,0.00044202016405790745,0.12339501821885841,-51775.72992060869,-38820999.7188957,51775.72992060869,6860224083944776.0
147,955200.0000000001,1.0,-66.66666666666666,9937.899149698787,0.001258326283822655,-7320.677490504488,0.0004420201640591761,0.12339501821964384,-17258.576640203275,-12940333.239631705,17258.576640203293,762247120433968.9
147,955200.0000000001,1.0,66.66666666666669,-9937.899149698846,0.0012583262838230804,7320.677490504342,0.00044202016405798893,0.12339501821889756,17258.576640203188,12940333.239631563,17258.576640203206,762247120438055.5
147,955200.0000000001,1.0,200.0,-29813.69744909543,0.001258326283823487,21962.03247151291,0.00044202016405687366,0.12339501821819517,51775.72992060834,38820999.718893364,51775.72992060834,6860224083976772.0
147,1273600.0,0.002,-200.0,29813.697449095314,2.5166525676500393e-06,-21962.032471513492,8.840403281291627e-07,0.12339501822219794,-51775.72992060881,-19410499859.388634,51775.72992060881,1.7150560209344112e+21
147,1273600.0,0.002,-66.66666666666666,9937.899149698787,2.516652567646208e-06,-7320.6774905044,8.840403281158438e-07,0.12339501821885553,-17258.576640203188,-6470166619.815781,17258.576640203188,1.90561780109571e+20
147,1273600.0,0.002,66.66666666666669,-9937.899149698904,2.5166525676460646e-06,7320.6774905044,8.840403281227956e-07,0.12339501822081028,17258.576640203304,6470166619.810564,17258.576640203304,1.905617801065765e+20
147,1273600.0,0.002,200.0,-29813.697449095664,2.516652567646208e-06,21962.032471513026,8.840403281158438e-07,0.12339501821885553,51775.72992060869,19410499859.447014,51775.72992060869,1.715056020986081e+21
147,1273600.0,0.2515,-200.0,29813.697449095664,0.00031646906038149434,-21962.032471513026,0.00011116807126057272,0.12339501821888017,-51775.72992060869,-154357851.76499248,51775.72992060869,1.0845818265664323e+17
147,1273600.0,0.2515,-66.66666666666666,9937.899149698787,0.00031646906038149434,-7320.6774905044,0.00011116807126057272,0.12339501821888017,-17258.576640203188,-51452617.25499836,17258.576640203188,1.205090918407188e+16
147,1273600.0,0.2515,66.66666666666669,-9937.899149698904,0.0003164690603820009,7320.677490504313,0.00011116807126224875,0.1233950182222059,17258.576640203217,51452617.25483993,17258.57664020322,1.205090918370855e+16
147,1273600.0,0.2515,200.0,-29813.697449095664,0.0003164690603814736,21962.032471513143,0.00011116807126153396,0.12339501822103027,51775.72992060881,154357851.76485524,51775.72992060881,1.0845818265476813e+17
147,1273600.0,0.501,-200.0,29813.69744909648,0.0006304214681967844,-21962.032471513026,0.00022145210219509328,0.12339501822061559,-51775.729920609505,-77487025.38678133,51775.729920609505,2.733146116476037e+16
147,1273600.0,0.501,-66.66666666666666,9937.899149698787,0.0006304214681963665,-7320.677490504488,0.00022145210220036064,0.12339501822664922,-17258.576640203275,-25829008.462208364,17258.576640203282,3036829018162283.0
147,1273600.0,0.501,66.66666666666669,-9937.899149698904,0.0006304214681959406,7320.677490504342,0.0002214521021987561,0.12339501822502781,17258.576640203246,25829008.46224441,17258.576640203253,3036829018206279.5
147,1273600.0,0.501,200.0,-29813.69744909543,0.00063042146819604,21962.032471513143,0.0002214521022010166,0.12339501822750804,51775.72992060857,77487025.38663372,51775.72992060857,2.7331461163297284e+16
147,1273600.0,0.7505,-200.0,29813.697449096362,0.0009443738760094002,-21962.03247151291,0.00033173613312825843,0.12339501822088768,-51775.72992060927,-51726848.39287508,51775.72992060928,1.2179708901734476e+16
147,1273600.0,0.7505,-66.66666666666666,9937.899149698787,0.0009443738760091957,-7320.6774905044,0.00033173613312549317,0.12339501821888392,-17258.576640203188,-17242282.797644235,17258.5766402032,1353300989104187.2
147,1273600.0,0.7505,66.66666666666669,-9937.899149698846,0.0009443738760102218,7320.677490504342,0.0003317361331374734,0.12339501822752828,17258.576640203188,17242282.797559164,17258.5766402032,1353300989006442.0
147,1273600.0,0.7505,200.0,-29813.697449095664,0.0009443738760091957,21962.032471513026,0.00033173613312549317,0.12339501821888392,51775.72992060869,51726848.392931834,51775.72992060869,1.2179708901937254e+16
147,1273600.0,1.0,-200.0,29813.697449095664,0.0012583262838226604,-21962.032471513026,0.00044202016407103974,0.12339501822626653,-51775.72992060869,-38820999.71877967,51775.72992060869,6860224083537144.0
147,1273600.0,1.0,-66.66666666666666,9937.899149698904,0.001258326283822566,-7320.677490504197,0.0004420201640716117,0.12339501822660436,-17258.5766402031,-12940333.239592398,17258.57664020312,762247120391063.8
147,1273600.0,1.0,66.66666666666669,-9937.899149698904,0.0012583262838230238,7320.6774905044,0.00044202016406139316,0.12339501822080934,17258.576640203304,12940333.23962122,17258.576640203322,762247120426324.8
147,1273600.0,1.0,200.0,-29813.69744909543,0.0012583262838233309,21962.032471513026,0.00044202016406167776,0.12339501822090801,51775.72992060846,38820999.718851395,51775.729920608464,6860224083827682.0
194,318400.0,0.002,-200.0,22676.845018838183,2.113102058055893e-06,-16496.797391285072,6.651078545953319e-07,0.09907023823222783,-39173.642410123255,-17683195881.374847,39173.642410123255,1.7344978276326008e+21
194,318400.0,0.002,-66.66666666666666,7558.948339610361,2.1131020580589143e-06,-5498.932463762583,6.651078546528496e-07,0.09907023824907946,-13057.880803372944,-5894398627.070666,13057.880803372944,1.9272198081469052e+20
194,318400.0,0.002,66.66666666666669,-7558.948339610244,2.1131020580619666e-06,5498.932463762903,6.651078545219427e-07,0.09907023820979512,13057.880803373148,5894398627.167586,13057.880803373148,1.9272198089055987e+20
194,318400.0,0.002,200.0,-22676.845018838183,2.1131020580619666e-06,16496.79739128484,6.651078545219427e-07,0.09907023820979512,39173.64241012302,17683195881.504375,39173.64241012302,1.734497828015356e+21
194,318400.0,0.2515,-200.0,22676.845018838183,0.00026572258380128593,-16496.79739128484,8.36373127061255e-05,0.09907023820977905,-39173.64241012302,-140621836.03582448,39173.64241012302,1.0968766031347312e+17
194,318400.0,0.2515,-66.66666666666666,7558.948339610535,0.00026572258380128593,-5498.932463762641,8.36373127061255e-05,0.09907023820977905,-13057.880803373177,-46873945.34527065,13057.880803373177,1.2187517812605952e+16
194,318400.0,0.2515,66.66666666666669,-7558.948339610244,0.00026572258380128593,5498.932463762903,8.36373127061255e-05,0.09907023820977905,13057.880803373148,46873945.345270544,13057.88080337315,1.2187517812605898e+16
194,318400.0,0.2515,200.0,-22676.845018838183,0.00026572258380128593,16496.79739128484,8.36373127061255e-05,0.09907023820977905,39173.64241012302,140621836.03582448,39173.64241012302,1.0968766031347312e+17
194,318400.0,0.501,-200.0,22676.845018837834,0.0005293320655422589,-16496.797391284956,0.0001666095175938251,0.09907023825354883,-39173.64241012279,-70591600.32426314,39173.64241012279,2.7641289513016148e+16
194,318400.0,0.501,-66.66666666666666,7558.948339610419,0.0005293320655429662,-5498.932463762641,0.00016660951757611902,0.0990702382322271,-13057.88080337306,-23530533.44161568,13057.880803373064,3071254390987346.5
194,318400.0,0.501,66.66666666666669,-7558.948339610302,0.0005293320655416956,5498.932463762962,0.00016660951757467327,0.09907023823098333,13057.880803373264,23530533.44168584,13057.88080337327,3071254391040744.0
194,318400.0,0.501,200.0,-22676.845018837717,0.0005293320655415789,16496.797391285072,0.00016660951756229577,0.09907023821630709,39173.64241012279,70591600.32554981,39173.64241012279,2.764128952347787e+16
194,318400.0,0.7505,-200.0,22676.845018838183,0.0007929415472877644,-16496.79739128484,0.0002495817224093232,0.09907023820976385,-39173.64241012302,-47123773.16856596,39173.64241012303,1.2317777598968512e+16
194,318400.0,0.7505,-66.66666666666666,7558.948339610535,0.0007929415472877644,-5498.932463762641,0.0002495817224093232,0.09907023820976385,-13057.880803373177,-15707924.389520586,13057.880803373188,1368641955440704.5
194,318400.0,0.7505,66.66666666666669,-7558.948339610244,0.0007929415472877644,5498.932463762903,0.0002495817224093232,0.09907023820976385,13057.880803373148,15707924.38952055,13057.880803373158,1368641955440698.5
194,318400.0,0.7505,200.0,-22676.845018838183,0.0007929415472877644,16496.79739128484,0.0002495817224093232,0.09907023820976385,39173.64241012302,47123773.16856596,39173.64241012303,1.2317777598968512e+16
194,318400.0,1.0,-200.0,22676.845018837717,0.0010565510290250779,-16496.797391285072,0.00033255392727009385,0.09907023821633794,-39173.64241012279,-35366391.76310095,39173.6424101228,6937991311680702.0
194,318400.0,1.0,-66.66666666666666,7558.948339610535,0.0010565510290307827,-5498.932463762641,0.0003325539272609792,0.09907023820983742,-13057.880803373177,-11788797.254337214,13057.880803373197,770887923562209.8
194,318400.0,1.0,66.66666666666669,-7558.948339610244,0.0010565510290307827,5498.932463762903,0.0003325539272609792,0.09907023820983742,13057.880803373148,11788797.254337186,13057.880803373168,770887923562206.4
194,318400.0,1.0,200.0,-22676.845018838183,0.0010565510290307827,16496.79739128484,0.0003325539272609792,0.09907023820983742,39173.64241012302,35366391.76301479,39173.64241012303,6937991312061100.0
194,636800.0,0.002,-200.0,22676.845018838183,2.1131020580619666e-06,-16496.79739128484,6.651078545219427e-07,0.09907023820979512,-39173.64241012302,-17683195881.504375,39173.64241012302,1.734497828015356e+21
194,636800.0,0.002,-66.66666666666666,7558.948339610361,2.1131020580503635e-06,-5498.932463762641,6.651078545401169e-07,0.09907023821629735,-13057.880803373002,-5894398627.182452,13057.880803373002,1.927219808800232e+20
194,636800.0,0.002,66.66666666666669,-7558.948339610244,2.1131020580619666e-06,5498.932463762903,6.651078545219427e-07,0.09907023820979512,13057.880803373148,5894398627.167586,13057.880803373148,1.9272198089055987e+20
194,636800.0,0.002,200.0,-22676.845018838183,2.1131020580619666e-06,16496.79739128484,6.651078545219427e-07,0.09907023820979512,39173.64241012302,17683195881.504375,39173.64241012302,1.734497828015356e+21
194,636800.0,0.2515,-200.0,22676.845018838183,0.0002657225838005249,-16496.797391285072,8.363731271536459e-05,0.09907023823223435,-39173.642410123255,-140621836.03479156,39173.642410123255,1.096876602892409e+17
194,636800.0,0.2515,-66.66666666666666,7558.948339610535,0.00026572258380128593,-5498.932463762641,8.36373127061255e-05,0.09907023820977905,-13057.880803373177,-46873945.34527065,13057.880803373177,1.2187517812605952e+16
194,636800.0,0.2515,66.66666666666669,-7558.948339610419,0.00026572258379982676,5498.93246376302,8.363731270842476e-05,0.09907023821631414,13057.880803373439,46873945.345389634,13057.88080337344,1.2187517811936354e+16
194,636800.0,0.2515,200.0,-22676.845018837717,0.00026572258379982676,16496.797391285072,8.363731270842476e-05,0.09907023821631414,39173.64241012279,140621836.03617778,39173.64241012279,1.0968766030744102e+17
194,636800.0,0.501,-200.0,22676.845018837834,0.0005293320655422589,-16496.797391284956,0.0001666095175938251,0.09907023825354883,-39173.64241012279,-70591600.32426314,39173.64241012279,2.7641289513016148e+16
194,636800.0,0.501,-66.66666666666666,7558.948339610419,0.0005293320655429662,-5498.932463762641,0.00016660951757611902,0.0990702382322271,-13057.88080337306,-23530533.44161568,13057.880803373064,3071254390987346.5
194,636800.0,0.501,66.66666666666669,-7558.948339610244,0.00052933206554452,5498.932463762903,0.0001666095175577285,0.09907023820977452,13057.880803373148,23530533.441787116,13057.880803373153,3071254391665404.5
194,636800.0,0.501,200.0,-22676.845018838183,0.00052933206554452,16496.79739128484,0.0001666095175577285,0.09907023820977452,39173.64241012302,70591600.3253678,39173.64241012303,2.7641289524993668e+16
194,636800.0,0.7505,-200.0,22676.845018838183,0.0007929415472877644,-16496.79739128484,0.0002495817224093232,0.09907023820976385,-39173.64241012302,-47123773.16856596,39173.64241012303,1.2317777598968512e+16
194,636800.0,0.7505,-66.66666666666666,7558.948339610419,0.0007929415472853845,-5498.932463762641,0.0002495817224368648,0.09907023823222355,-13057.88080337306,-15707924.389407093,13057.880803373071,1368641955138618.0
194,636800.0,0.7505,66.66666666666669,-7558.948339610302,0.0007929415472866577,5498.932463763049,0.0002495817224584927,0.09907023824907557,13057.880803373351,15707924.389261797,13057.880803373362,1368641954901475.5
194,636800.0,0.7505,200.0,-22676.845018838183,0.0007929415472877644,16496.79739128484,0.0002495817224093232,0.09907023820976385,39173.64241012302,47123773.16856596,39173.64241012303,1.2317777598968512e+16
194,636800.0,1.0,-200.0,22676.845018838183,0.0010565510290307827,-16496.79739128484,0.0003325539272609792,0.09907023820983742,-39173.64241012302,-35366391.76301479,39173.64241012303,6937991312061100.0
194,636800.0,1.0,-66.66666666666666,7558.948339610535,0.0010565510290307827,-5498.932463762641,0.0003325539272609792,0.09907023820983742,-13057.880803373177,-11788797.254337214,13057.880803373197,770887923562209.8
194,636800.0,1.0,66.66666666666669,-7558.948339610244,0.0010565510290307827,5498.932463762903,0.0003325539272609792,0.09907023820983742,13057.880803373148,11788797.254337186,13057.880803373168,770887923562206.4
194,636800.0,1.0,200.0,-22676.845018838183,0.0010565510290307827,16496.79739128484,0.0003325539272609792,0.09907023820983742,39173.64241012302,35366391.76301479,39173.64241012303,6937991312061100.0
194,955200.0000000001,0.002,-200.0,22676.845018837834,2.113102058053067e-06,-16496.797391284956,6.651078546659058e-07,0.09907023825351728,-39173.64241012279,-17683195881.227024,39173.64241012279,1.7344978272644684e+21
194,955200.0000000001,0.002,-66.66666666666666,7558.948339610361,2.1131020580503635e-06,-5498.932463762641,6.651078545401169e-07,0.09907023821629735,-13057.880803373002,-5894398627.182452,13057.880803373002,1.927219808800232e+20
194,955200.0000000001,0.002,66.66666666666669,-7558.948339610302,2.1131020580509996e-06,5498.932463762962,6.651078545894706e-07,0.09907023823094052,13057.880803373264,5894398627.14153,13057.880803373264,1.9272198085142944e+20
194,955200.0000000001,0.002,200.0,-22676.845018838183,2.113102058055893e-06,16496.797391285072,6.651078545953319e-07,0.09907023823222783,39173.642410123255,17683195881.374847,39173.642410123255,1.7344978276326008e+21
194,955200.0000000001,0.2515,-200.0,22676.845018838183,0.00026572258380128593,-16496.79739128484,8.36373127061255e-05,0.09907023820977905,-39173.64241012302,-140621836.03582448,39173.64241012302,1.0968766031347312e+17
194,955200.0000000001,0.2515,-66.66666666666666,7558.948339610535,0.00026572258380128593,-5498.932463762641,8.36373127061255e-05,0.09907023820977905,-13057.880803373177,-46873945.34527065,13057.880803373177,1.2187517812605952e+16
194,955200.0000000001,0.2515,66.66666666666669,-7558.948339610244,0.00026572258380128593,5498.932463762903,8.36373127061255e-05,0.09907023820977905,13057.880803373148,46873945.345270544,13057.88080337315,1.2187517812605898e+16
194,955200.0000000001,0.2515,200.0,-22676.845018838183,0.00026572258380128593,16496.79739128484,8.36373127061255e-05,0.09907023820977905,39173.64241012302,140621836.03582448,39173.64241012302,1.0968766031347312e+17
194,955200.0000000001,0.501,-200.0,22676.845018838183,0.00052933206554452,-16496.79739128484,0.0001666095175577285,0.09907023820977452,-39173.64241012302,-70591600.3253678,39173.64241012303,2.7641289524993668e+16
194,955200.0000000001,0.501,-66.66666666666666,7558.948339610535,0.00052933206554452,-5498.932463762641,0.0001666095175577285,0.09907023820977452,-13057.880803373177,-23530533.44178717,13057.88080337318,3071254391665418.0
194,955200.0000000001,0.501,66.66666666666669,-7558.948339610244,0.00052933206554452,5498.932463762903,0.0001666095175577285,0.09907023820977452,13057.880803373148,23530533.441787116,13057.880803373153,3071254391665404.5
194,955200.0000000001,0.501,200.0,-22676.845018838183,0.00052933206554452,16496.79739128484,0.0001666095175577285,0.09907023820977452,39173.64241012302,70591600.3253678,39173.64241012303,2.7641289524993668e+16
194,955200.0000000001,0.7505,-200.0,22676.845018837717,0.0007929415472833826,-16496.797391285072,0.00024958172241621004,0.09907023821632618,-39173.64241012279,-47123773.1686854,39173.64241012279,1.2317777598288584e+16
194,955200.0000000001,0.7505,-66.66666666666666,7558.948339610535,0.0007929415472877644,-5498.932463762641,0.0002495817224093232,0.09907023820976385,-13057.880803373177,-15707924.389520586,13057.880803373188,1368641955440704.5
194,955200.0000000001,0.7505,66.66666666666669,-7558.948339610244,0.0007929415472877644,5498.932463762903,0.0002495817224093232,0.09907023820976385,13057.880803373148,15707924.38952055,13057.880803373158,1368641955440698.5
194,955200.0000000001,0.7505,200.0,-22676.845018837717,0.0007929415472833826,16496.797391285072,0.00024958172241621004,0.09907023821632618,39173.64241012279,47123773.1686854,39173.64241012279,1.2317777598288584e+16
194,955200.0000000001,1.0,-200.0,22676.845018837717,0.0010565510290250779,-16496.797391285072,0.00033255392727009385,0.09907023821633794,-39173.64241012279,-35366391.76310095,39173.6424101228,6937991311680702.0
194,955200.0000000001,1.0,-66.66666666666666,7558.948339610361,0.0010565510290250779,-5498.932463762641,0.00033255392727009385,0.09907023821633794,-13057.880803373002,-11788797.254365847,13057.880803373022,770887923519932.0
194,955200.0000000001,1.0,66.66666666666669,-7558.948339610244,0.0010565510290307827,5498.932463762903,0.0003325539272609792,0.09907023820983742,13057.880803373148,11788797.254337186,13057.880803373168,770887923562206.4
194,955200.0000000001,1.0,200.0,-22676.845018838183,0.0010565510290277394,16496.797391285072,0.00033255392729765297,0.09907023823225893,39173.642410123255,35366391.762756124,39173.64241012326,6937991310530950.0
194,1273600.0,0.002,-200.0,22676.845018838183,2.113102058055893e-06,-16496.797391285072,6.651078545953319e-07,0.09907023823222783,-39173.642410123255,-17683195881.374847,39173.642410123255,1.7344978276326008e+21
194,1273600.0,0.002,-66.66666666666666,7558.948339610535,2.1131020580619666e-06,-5498.932463762641,6.651078545219427e-07,0.09907023820979512,-13057.880803373177,-5894398627.1676,13057.880803373177,1.927219808905607e+20
194,1273600.0,0.002,66.66666666666669,-7558.948339610244,2.1131020580619666e-06,5498.932463762903,6.651078545219427e-07,0.09907023820979512,13057.880803373148,5894398627.167586,13057.880803373148,1.9272198089055987e+20
194,1273600.0,0.002,200.0,-22676.845018837834,2.113102058053067e-06,16496.797391284956,6.651078546659058e-07,0.09907023825351728,39173.64241012279,17683195881.227024,39173.64241012279,1.7344978272644684e+21
194,1273600.0,0.2515,-200.0,22676.845018838183,0.00026572258380128593,-16496.79739128484,8.36373127061255e-05,0.09907023820977905,-39173.64241012302,-140621836.03582448,39173.64241012302,1.0968766031347312e+17
194,1273600.0,0.2515,-66.66666666666666,7558.948339610419,0.0002657225838005249,-5498.932463762641,8.363731271536459e-05,0.09907023823223435,-13057.88080337306,-46873945.34492565,13057.88080337306,1.2187517809913122e+16
194,1273600.0,0.2515,66.66666666666669,-7558.948339610244,0.00026572258380128593,5498.932463762903,8.36373127061255e-05,0.09907023820977905,13057.880803373148,46873945.345270544,13057.88080337315,1.2187517812605898e+16
194,1273600.0,0.2515,200.0,-22676.845018838183,0.00026572258380128593,16496.79739128484,8.36373127061255e-05,0.09907023820977905,39173.64241012302,140621836.03582448,39173.64241012302,1.0968766031347312e+17
194,1273600.0,0.501,-200.0,22676.845018838067,0.0005293320655437487,-16496.797391285072,0.00016660951759055233,0.09907023824909901,-39173.64241012314,-70591600.32420799,39173.642410123146,2.7641289514102576e+16
194,1273600.0,0.501,-66.66666666666666,7558.948339610535,0.00052933206554452,-5498.932463762641,0.0001666095175577285,0.09907023820977452,-13057.880803373177,-23530533.44178717,13057.88080337318,3071254391665418.0
194,1273600.0,0.501,66.66666666666669,-7558.948339610244,0.00052933206554452,5498.932463762903,0.0001666095175577285,0.09907023820977452,13057.880803373148,23530533.441787116,13057.880803373153,3071254391665404.5
194,1273600.0,0.501,200.0,-22676.845018838183,0.00052933206554452,16496.79739128484,0.0001666095175577285,0.09907023820977452,39173.64241012302,70591600.3253678,39173.64241012303,2.7641289524993668e+16
194,1273600.0,0.7505,-200.0,22676.845018837717,0.0007929415472833826,-16496.797391285072,0.00024958172241621004,0.09907023821632618,-39173.64241012279,-47123773.1686854,39173.64241012279,1.2317777598288584e+16
194,1273600.0,0.7505,-66.66666666666666,7558.948339610419,0.0007929415472853845,-5498.932463762641,0.0002495817224368648,0.09907023823222355,-13057.88080337306,-15707924.389407093,13057.880803373071,1368641955138618.0
194,1273600.0,0.7505,66.66666666666669,-7558.948339610302,0.0007929415472843653,5498.932463762816,0.00024958172246336704,0.09907023825351807,13057.880803373118,15707924.389275182,13057.88080337313,1368641954847967.5
194,1273600.0,0.7505,200.0,-22676.845018838183,0.0007929415472877644,16496.79739128484,0.0002495817224093232,0.09907023820976385,39173.64241012302,47123773.16856596,39173.64241012303,1.2317777598968512e+16
194,1273600.0,1.0,-200.0,22676.845018838183,0.0010565510290307827,-16496.79739128484,0.0003325539272609792,0.09907023820983742,-39173.64241012302,-35366391.76301479,39173.64241012303,6937991312061100.0
194,1273600.0,1.0,-66.66666666666666,7558.948339610361,0.0010565510290252958,-5498.932463762641,0.0003325539272947493,0.09907023823098714,-13057.880803373002,-11788797.25428485,13057.880803373022,770887923405625.1
194,1273600.0,1.0,66.66666666666669,-7558.948339610244,0.0010565510290307827,5498.932463762903,0.0003325539272609792,0.09907023820983742,13057.880803373148,11788797.254337186,13057.880803373168,770887923562206.4
194,1273600.0,1.0,200.0,-22676.845018838183,0.0010565510290307827,16496.79739128484,0.0003325539272609792,0.09907023820983742,39173.64241012302,35366391.76301479,39173.64241012303,6937991312061100.0
256,318400.0,0.002,-200.0,18018.895002001314,1.5374370847556319e-06,-13155.797913399409,5.300006699801657e-07,0.11883876561378315,-31174.692915400723,-19169954360.549625,31174.692915400723,1.7299021382835993e+21
256,318400.0,0.002,-66.66666666666666,6006.298333998944,1.5374370847580277e-06,-4385.265971135959,5.300006700585307e-07,0.11883876564855539,-10391.564305134903,-6389984786.741437,10391.564305134903,1.9221134864138676e+20
256,318400.0,0.002,66.66666666666669,-6006.298333999119,1.53743708475696e-06,4385.265971135785,5.300006699413581e-07,0.11883876559617468,10391.564305134903,6389984786.895454,10391.564305134903,1.9221134872637496e+20
256,318400.0,0.002,200.0,-18018.89500200108,1.5374370847517059e-06,13155.797913400107,5.300006700513856e-07,0.11883876564632848,31174.69291540119,19169954360.32005,31174.69291540119,1.7299021378187328e+21
256,318400.0,0.2515,-200.0,18018.895002001314,0.00019333271340868662,-13155.797913399874,6.664758423715449e-05,0.11883876556713426,-31174.69291540119,-152444965.09648922,31174.69291540119,1.0939703418934749e+17
256,318400.0,0.2515,-66.66666666666666,6006.298333999177,0.00019333271340848726,-4385.26597113593,6.664758425560815e-05,0.11883876563318851,-10391.564305135107,-50814988.36405552,10391.564305135107,1.2155226014310656e+16
256,318400.0,0.2515,66.66666666666669,-6006.298333999002,0.00019333271340853326,4385.265971135785,6.664758424106375e-05,0.11883876558126392,10391.564305134787,50814988.365221016,10391.564305134787,1.2155226019615142e+16
256,318400.0,0.2515,200.0,-18018.895002001664,0.0001933327134082441,13155.797913400107,6.664758424089256e-05,0.11883876558100893,31174.69291540177,152444965.09589574,31174.69291540177,1.0939703417708005e+17
256,318400.0,0.501,-200.0,18018.89500200108,0.0003851279897310391,-13155.79791339999,0.0001327651678612543,0.11883876566983075,-31174.692915401072,-76526763.91250284,31174.692915401076,2.756805172043116e+16
256,318400.0,0.501,-66.66666666666666,6006.298333999061,0.0003851279897326117,-4385.26597113593,0.00013276516780441787,0.1188387655671111,-10391.56430513499,-25508921.30523762,10391.564305134993,3063116860449077.5
256,318400.0,0.501,66.66666666666669,-6006.298333999002,0.00038512798973336165,4385.265971135697,0.00013276516787045736,0.11883876568487285,10391.5643051347,25508921.303844783,10391.564305134703,3063116857401621.0
256,318400.0,0.501,200.0,-18018.895002001314,0.0003851279897317473,13155.797913400107,0.0001327651678382347,0.11883876562818378,31174.69291540142,76526763.91378726,31174.69291540142,2.756805172999159e+16
256,318400.0,0.7505,-200.0,18018.895002001664,0.0005769232660552589,-13155.797913400107,0.00019888275138288907,0.11883876558102385,-31174.69291540177,-51085821.08143208,31174.692915401774,1.2285140672419322e+16
256,318400.0,0.7505,-66.66666666666666,6006.298333999061,0.0005769232660539288,-4385.265971135959,0.0001988827514453754,0.11883876565624696,-10391.56430513502,-17028607.02661264,10391.564305135027,1365015629411364.0
256,318400.0,0.7505,66.66666666666669,-6006.298333999061,0.0005769232660542283,4385.265971135639,0.00019888275138440313,0.11883876558325786,10391.5643051347,17028607.027158715,10391.564305134707,1365015630248236.5
256,318400.0,0.7505,200.0,-18018.895002001314,0.0005769232660521434,13155.79791339999,0.0001988827514137995,0.11883876561924729,31174.692915401305,51085821.08083455,31174.692915401305,1.2285140668600228e+16
256,318400.0,1.0,-200.0,18018.895002000965,0.0007687185423789547,-13155.797913399641,0.0002650003350292594,0.11883876564856835,-31174.692915400607,-38339908.72044631,31174.69291540061,6919608551088414.0
256,318400.0,1.0,-66.66666666666666,6006.298333999119,0.0007687185423776766,-4385.265971136047,0.00026500033496352175,0.11883876559000375,-10391.564305135165,-12779969.573839834,10391.564305135178,768845394947072.1
256,318400.0,1.0,66.66666666666669,-6006.298333999002,0.0007687185423776766,4385.265971135697,0.00026500033496352175,0.11883876559000375,10391.5643051347,12779969.573839262,10391.564305134712,768845394947003.2
256,318400.0,1.0,200.0,-18018.895002001314,0.0007687185423744679,13155.79791339999,0.00026500033499505534,0.11883876561927814,31174.692915401305,38339908.721172795,31174.69291540131,6919608552874976.0
256,636800.0,0.002,-200.0,18018.89500200108,1.5374370847540346e-06,-13155.797913399758,5.30000670074144e-07,0.11883876565617443,-31174.69291540084,-19169954360.20645,31174.69291540084,1.729902137670129e+21
256,636800.0,0.002,-66.66666666666666,6006.298333999119,1.5374370847640973e-06,-4385.265971135959,5.300006701502502e-07,0.11883876568874845,-10391.564305135078,-6389984786.601541,10391.564305135078,1.9221134857486677e+20
256,636800.0,0.002,66.66666666666669,-6006.298333999002,1.5374370847571618e-06,4385.265971135668,5.300006699035046e-07,0.11883876557916817,10391.56430513467,6389984786.943037,10391.56430513467,1.9221134875382242e+20
256,636800.0,0.002,200.0,-18018.895002001664,1.5374370847571618e-06,13155.797913399641,5.300006699035046e-07,0.11883876557916817,31174.692915401305,19169954360.82745,31174.692915401305,1.7299021387841014e+21
256,636800.0,0.2515,-200.0,18018.89500200143,0.00019333271340863842,-13155.797913399874,6.664758425791923e-05,0.11883876564124436,-31174.692915401305,-152444965.0914789,31174.692915401305,1.0939703412118078e+17
256,636800.0,0.2515,-66.66666666666666,6006.298333999119,0.00019333271340744672,-4385.265971135959,6.664758426978797e-05,0.11883876568503556,-10391.564305135078,-50814988.36315149,10391.564305135078,1.215522600913834e+16
256,636800.0,0.2515,66.66666666666669,-6006.298333999235,0.0001933327134077775,4385.265971135726,6.664758426184079e-05,0.11883876565628773,10391.564305134962,50814988.3637168,10391.564305134962,1.2155226012036896e+16
256,636800.0,0.2515,200.0,-18018.895002001198,0.00019333271340862308,13155.797913399758,6.664758425835014e-05,0.11883876564279995,31174.692915400956,152444965.09138334,31174.692915400956,1.0939703411976371e+17
256,636800.0,0.501,-200.0,18018.89500200143,0.0003851279897322708,-13155.79791339999,0.00013276516781224367,0.11883876558133133,-31174.69291540142,-76526763.91528557,31174.69291540142,2.756805174078542e+16
256,636800.0,0.501,-66.66666666666666,6006.298333999002,0.00038512798973317034,-4385.265971135959,0.00013276516790597685,0.11883876574857825,-10391.564305134962,-25508921.303131875,10391.564305134965,3063116855762786.5
256,636800.0,0.501,66.66666666666669,-6006.298333998944,0.0003851279897321542,4385.265971135843,0.00013276516779767747,0.11883876555532669,10391.564305134787,25508921.30540176,10391.564305134789,3063116860759983.0
256,636800.0,0.501,200.0,-18018.895002001314,0.000385127989728312,13155.797913399874,0.00013276516785341017,0.11883876565747115,31174.69291540119,76526763.9134677,31174.69291540119,2.756805172368895e+16
256,636800.0,0.7505,-200.0,18018.895002000965,0.0005769232660553911,-13155.797913399641,0.0001988827514394991,0.118838765648622,-31174.692915400607,-51085821.07987521,31174.69291540061,1.2285140665424712e+16
256,636800.0,0.7505,-66.66666666666666,6006.298333999061,0.0005769232660565627,-4385.26597113593,0.0001988827513717402,0.11883876556716313,-10391.56430513499,-17028607.027212773,10391.564305134998,1365015630422134.8
256,636800.0,0.7505,66.66666666666669,-6006.298333999002,0.000576923266056037,4385.265971135785,0.00019888275138342463,0.11883876558134332,10391.564305134787,17028607.027120043,10391.564305134794,1365015630261690.8
256,636800.0,0.7505,200.0,-18018.895002001314,0.000576923266054566,13155.797913399409,0.00019888275141007503,0.11883876561379826,31174.692915400723,51085821.08074348,31174.692915400727,1.22851406690599e+16
256,636800.0,1.0,-200.0,18018.895002001664,0.0007687185423787784,-13155.797913400107,0.00026500033495384964,0.11883876558098819,-31174.69291540177,-38339908.721614435,31174.692915401774,6919608555027086.0
256,636800.0,1.0,-66.66666666666666,6006.298333999177,0.0007687185423796027,-4385.26597113593,0.0002650003350123396,0.1188387656331927,-10391.564305135107,-12779969.573561078,10391.56430513512,768845394663793.2
256,636800.0,1.0,66.66666666666669,-6006.298333999119,0.0007687185423783553,4385.265971135785,0.00026500033497071034,0.11883876559624129,10391.564305134903,12779969.573792603,10391.564305134916,768845394905320.9
256,636800.0,1.0,200.0,-18018.89500200108,0.000768718542377152,13155.79791339999,0.000265000335052377,0.11883876566985976,31174.692915401072,38339908.72017199,31174.692915401076,6919608549881342.0
256,955200.0000000001,0.002,-200.0,18018.89500200143,1.5374370847639377e-06,-13155.797913399641,5.300006701414286e-07,0.11883876568481709,-31174.692915401072,-19169954359.837734,31174.692915401072,1.729902137230926e+21
256,955200.0000000001,0.002,-66.66666666666666,6006.298333999061,1.5374370847517059e-06,-4385.265971135988,5.300006700513856e-07,0.11883876564632848,-10391.564305135049,-6389984786.774161,10391.564305135049,1.922113486465747e+20
256,955200.0000000001,0.002,66.66666666666669,-6006.298333999002,1.5374370847574562e-06,4385.265971135814,5.300006700128859e-07,0.11883876562817444,10391.564305134816,6389984786.80196,10391.564305134816,1.9221134867449083e+20
256,955200.0000000001,0.002,200.0,-18018.895002001198,1.5374370847548416e-06,13155.79791339999,5.30000669911732e-07,0.11883876558321639,31174.69291540119,19169954360.821625,31174.69291540119,1.729902138730381e+21
256,955200.0000000001,0.2515,-200.0,18018.895002001314,0.00019333271340716632,-13155.79791339999,6.664758425124852e-05,0.11883876561926517,-31174.692915401305,-152444965.09413704,31174.692915401305,1.0939703414307971e+17
256,955200.0000000001,0.2515,-66.66666666666666,6006.298333999061,0.0001933327134077775,-4385.265971135959,6.664758426184079e-05,0.11883876565628773,-10391.56430513502,-50814988.36371709,10391.56430513502,1.2155226012037032e+16
256,955200.0000000001,0.2515,66.66666666666669,-6006.298333999002,0.00019333271340868662,4385.265971135697,6.664758423715449e-05,0.11883876556713426,10391.5643051347,50814988.36550115,10391.564305134701,1.2155226021040884e+16
256,955200.0000000001,0.2515,200.0,-18018.895002001664,0.0001933327134082441,13155.797913400107,6.664758424089256e-05,0.11883876558100893,31174.69291540177,152444965.09589574,31174.69291540177,1.0939703417708005e+17
256,955200.0000000001,0.501,-200.0,18018.895002001547,0.0003851279897312877,-13155.797913399758,0.0001327651678167136,0.11883876558994012,-31174.692915401305,-76526763.91518621,31174.692915401305,2.75680517389289e+16
256,955200.0000000001,0.501,-66.66666666666666,6006.298333999119,0.0003851279897312877,-4385.265971136047,0.0001327651678167136,0.11883876558994012,-10391.564305135165,-25508921.3050655,10391.564305135169,3063116859881815.0
256,955200.0000000001,0.501,66.66666666666669,-6006.298333999002,0.00038512798972968214,4385.265971135785,0.00013276516783249597,0.11883876561918474,10391.564305134787,25508921.304837536,10391.564305134789,3063116859153339.0
256,955200.0000000001,0.501,200.0,-18018.89500200108,0.0003851279897308654,13155.797913399758,0.00013276516785358882,0.11883876565621516,31174.69291540084,76526763.91300243,31174.692915400843,2.7568051723614148e+16
256,955200.0000000001,0.7505,-200.0,18018.895002000965,0.0005769232660553911,-13155.797913399641,0.0001988827514394991,0.118838765648622,-31174.692915400607,-51085821.07987521,31174.69291540061,1.2285140665424712e+16
256,955200.0000000001,0.7505,-66.66666666666666,6006.298333999119,0.0005769232660577196,-4385.265971135959,0.0001988827514738774,0.11883876568874696,-10391.564305135078,-17028607.02625352,10391.564305135085,1365015629020137.0
256,955200.0000000001,0.7505,66.66666666666669,-6006.298333999002,0.0005769232660550887,4385.265971135668,0.00019888275138132388,0.1188387655792235,10391.56430513467,17028607.027163975,10391.564305134678,1365015630290497.0
256,955200.0000000001,0.7505,200.0,-18018.89500200143,0.000576923266056037,13155.79791339999,0.00019888275138342463,0.11883876558134332,31174.69291540142,51085821.08135531,31174.69291540142,1.228514067235288e+16
256,955200.0000000001,1.0,-200.0,18018.895002001314,0.0007687185423718411,-13155.797913399874,0.0002650003350367181,0.11883876565745742,-31174.69291540119,-38339908.72064951,31174.692915401192,6919608550699156.0
256,955200.0000000001,1.0,-66.66666666666666,6006.298333999177,0.0007687185423801668,-4385.265971135988,0.0002650003350232695,0.11883876564282124,-10391.564305135165,-12779969.573496778,10391.564305135178,768845394600380.1
256,955200.0000000001,1.0,66.66666666666669,-6006.298333999002,0.000768718542378514,4385.265971135668,0.0002650003349517496,0.11883876557918642,10391.56430513467,12779969.573887084,10391.564305134683,768845395015308.1
256,955200.0000000001,1.0,200.0,-18018.895002001664,0.0007687185423795453,13155.797913399641,0.0002650003349254549,0.11883876555528396,31174.692915401305,38339908.72201603,31174.69291540131,6919608556509750.0
256,1273600.0,0.002,-200.0,18018.895002001314,1.5374370847632315e-06,-13155.797913399525,5.30000670283219e-07,0.11883876574851186,-31174.69291540084,-19169954359.30073,31174.69291540084,1.729902136305303e+21
256,1273600.0,0.002,-66.66666666666666,6006.298333999119,1.5374370847606758e-06,-4385.265971135872,5.300006700430424e-07,0.11883876564120033,-10391.56430513499,-6389984786.751489,10391.56430513499,1.9221134865262402e+20
256,1273600.0,0.002,66.66666666666669,-6006.298333999235,1.5374370847540346e-06,4385.265971135726,5.30000670074144e-07,0.11883876565617443,10391.564305134962,6389984786.736313,10391.564305134962,1.922113486300642e+20
256,1273600.0,0.002,200.0,-18018.895002001314,1.5374370847514454e-06,13155.797913399758,5.300006701374597e-07,0.11883876568496847,31174.692915401072,19169954359.992203,31174.692915401072,1.7299021372568348e+21
256,1273600.0,0.2515,-200.0,18018.895002000965,0.00019333271340827695,-13155.797913399641,6.664758425986412e-05,0.11883876564862463,-31174.692915400607,-152444965.09125775,31174.692915400607,1.0939703411479109e+17
256,1273600.0,0.2515,-66.66666666666666,6006.298333999061,0.00019333271340799438,-4385.265971135959,6.66475842500062e-05,0.11883876561381686,-10391.56430513502,-50814988.36462455,10391.56430513502,1.2155226016353826e+16
256,1273600.0,0.2515,66.66666666666669,-6006.298333999002,0.00019333271340868662,4385.265971135697,6.664758423715449e-05,0.11883876556713426,10391.5643051347,50814988.36550115,10391.564305134701,1.2155226021040884e+16
256,1273600.0,0.2515,200.0,-18018.89500200143,0.00019333271340853326,13155.79791339999,6.664758424106375e-05,0.11883876558126392,31174.69291540142,152444965.09564868,31174.69291540142,1.0939703417651563e+17
256,1273600.0,0.501,-200.0,18018.895002001664,0.00038512798973177595,-13155.797913400107,0.0001327651678118832,0.11883876558099138,-31174.69291540177,-76526763.91539639,31174.692915401774,2.7568051740935744e+16
256,1273600.0,0.501,-66.66666666666666,6006.298333999119,0.00038512798973336165,-4385.265971135901,0.00013276516787045736,0.11883876568487285,-10391.56430513502,-25508921.30384557,10391.564305135023,3063116857401809.5
256,1273600.0,0.501,66.66666666666669,-6006.298333999002,0.000385127989732196,4385.265971135785,0.000132765167841199,0.11883876563321359,10391.564305134787,25508921.304511108,10391.564305134789,3063116858751752.0
256,1273600.0,0.501,200.0,-18018.89500200108,0.0003851279897310391,13155.79791339999,0.0001327651678612543,0.11883876566983075,31174.692915401072,76526763.91250284,31174.692915401076,2.756805172043116e+16
256,1273600.0,0.7505,-200.0,18018.895002001547,0.0005769232660549447,-13155.797913399758,0.00019888275139550728,0.11883876559623287,-31174.692915401305,-51085821.081111915,31174.692915401305,1.228514067086008e+16
256,1273600.0,0.7505,-66.66666666666666,6006.298333999235,0.0005769232660521434,-4385.2659711360175,0.0001988827514137995,0.11883876561924729,-10391.564305135253,-17028607.026947282,10391.56430513526,1365015629844862.2
256,1273600.0,0.7505,66.66666666666669,-6006.298333999061,0.0005769232660542283,4385.265971135639,0.00019888275138440313,0.11883876558325786,10391.5643051347,17028607.027158715,10391.564305134707,1365015630248236.5
256,1273600.0,0.7505,200.0,-18018.89500200108,0.0005769232660529774,13155.797913400107,0.00019888275143678508,0.11883876564637294,31174.69291540119,51085821.08014124,31174.69291540119,1.2285140665760464e+16
256,1273600.0,1.0,-200.0,18018.89500200108,0.0007687185423768833,-13155.797913399758,0.0002650003350371304,0.11883876565626826,-31174.69291540084,-38339908.72041798,31174.692915400843,6919608550677468.0
256,1273600.0,1.0,-66.66666666666666,6006.298333999061,0.0007687185423787784,-4385.265971135959,0.00026500033495384964,0.11883876558098819,-10391.56430513502,-12779969.573872827,10391.564305135033,768845395003174.0
256,1273600.0,1.0,66.66666666666669,-6006.298333999002,0.0007687185423786726,4385.265971135814,0.0002650003350064407,0.11883876562818957,10391.564305134816,12779969.573604755,10391.564305134829,768845394697979.0
256,1273600.0,1.0,200.0,-18018.895002001314,0.0007687185423804709,13155.797913399874,0.0002650003349389626,0.1188387655671128,31174.69291540119,38339908.72176704,31174.692915401192,6919608555804276.0
337,318400.0,0.002,-200.0,13864.488948243321,1.1416757039905553e-06,-9878.575386966462,3.9739170008146224e-07,0.12115799187632045,-23743.064335209783,-19640864606.15121,23743.064335209783,1.784867404733214e+21
337,318400.0,0.002,-66.66666666666666,4621.496316080855,1.1416757039145756e-06,-3292.8584623214847,3.973917000048483e-07,0.12115799184573027,-7914.354778402339,-6546954869.241329,7914.354778402339,1.9831860060233492e+20
337,318400.0,0.002,66.66666666666669,-4621.496316080389,1.1416757039484078e-06,3292.85846232163,3.9739169976670893e-07,0.12115799169334021,7914.354778402019,6546954869.491991,7914.354778402019,1.9831860084000614e+20
337,318400.0,0.002,200.0,-13864.488948243437,1.1416757039484078e-06,9878.575386966695,3.9739169976670893e-07,0.12115799169334021,23743.064335210132,19640864608.479343,23743.064335210132,1.784867407560668e+21
337,318400.0,0.2515,-200.0,13864.488948243437,0.00014356571977151763,-9878.575386966695,4.997200624565587e-05,0.12115799169329346,-23743.064335210132,-156189778.19864032,23743.064335210132,1.1287297495733187e+17
337,318400.0,0.2515,-66.66666666666666,4621.4963160807965,0.00014356571977151763,-3292.8584623214265,4.997200624565587e-05,0.12115799169329346,-7914.354778402223,-52063259.39953918,7914.354778402224,1.2541441661922106e+16
337,318400.0,0.2515,66.66666666666669,-4621.496316080389,0.00014356571977151763,3292.85846232163,4.997200624565587e-05,0.12115799169329346,7914.354778402019,52063259.39953784,7914.35477840202,1.254144166192146e+16
337,318400.0,0.2515,200.0,-13864.488948243437,0.00014356571977151763,9878.575386966695,4.997200624565587e-05,0.12115799169329346,23743.064335210132,156189778.19864032,23743.064335210132,1.1287297495733187e+17
337,318400.0,0.501,-200.0,13864.488948243437,0.00028598976383912444,-9878.575386966695,9.954662079155003e-05,0.12115799169327358,-23743.064335210132,-78406645.1436192,23743.064335210132,2.8443988789862148e+16
337,318400.0,0.501,-66.66666666666666,4621.4963160805055,0.00028598976384364264,-3292.8584623214847,9.954662069595512e-05,0.12115799145674863,-7914.35477840199,-26135548.383545756,7914.354778401993,3160443204942431.0
337,318400.0,0.501,66.66666666666669,-4621.496316080447,0.0002859897638496624,3292.8584623216593,9.95466208704175e-05,0.12115799187632377,7914.354778402107,26135548.37810562,7914.354778402108,3160443193864731.0
337,318400.0,0.501,200.0,-13864.488948243437,0.00028598976383912444,9878.575386966695,9.954662079155003e-05,0.12115799169327358,23743.064335210132,78406645.1436192,23743.064335210132,2.8443988789862148e+16
337,318400.0,0.7505,-200.0,13864.488948243437,0.0004284138079066596,-9878.575386966695,0.00014912123533740413,0.12115799169324237,-23743.064335210132,-52340745.1258609,23743.064335210136,1.267548417465911e+16
337,318400.0,0.7505,-66.66666666666666,4621.4963160807965,0.0004284138079066596,-3292.8584623214265,0.00014912123533740413,0.12115799169324237,-7914.354778402223,-17446915.04195109,7914.354778402228,1408387130517270.2
337,318400.0,0.7505,66.66666666666669,-4621.496316080331,0.00042841380789399996,3292.8584623216593,0.00014912123542677584,0.12115799184562823,7914.35477840199,17446915.041280456,7914.354778401995,1408387128829031.2
337,318400.0,0.7505,200.0,-13864.488948243321,0.0004284138079223897,9878.575386966462,0.00014912123545553874,0.12115799187630921,23743.064335209783,52340745.11966514,23743.064335209783,1.2675484154575568e+16
337,318400.0,1.0,-200.0,13864.488948243437,0.0005708378519571311,-9878.575386966462,0.00019869585000234816,0.12115799184570414,-23743.0643352099,-39281729.21546399,23743.064335209903,7139469621691256.0
337,318400.0,1.0,-66.66666666666666,4621.4963160807965,0.0005708378519740647,-3292.8584623214265,0.0001986958498832751,0.1211579916933025,-7914.354778402223,-13093909.73898773,7914.354778402232,793274403360702.0
337,318400.0,1.0,66.66666666666669,-4621.496316080331,0.0005708378519571311,3292.8584623216593,0.00019869585000234816,0.12115799184570414,7914.35477840199,13093909.738485828,7914.354778401999,793274402409879.2
337,318400.0,1.0,200.0,-13864.488948243437,0.0005708378519740647,9878.575386966695,0.0001986958498832751,0.1211579916933025,23743.064335210132,39281729.216968924,23743.064335210136,7139469630248380.0
337,636800.0,0.002,-200.0,13864.488948243437,1.1416757039484078e-06,-9878.575386966695,3.9739169976670893e-07,0.12115799169334021,-23743.064335210132,-19640864608.479343,23743.064335210132,1.784867407560668e+21
337,636800.0,0.002,-66.66666666666666,4621.4963160807965,1.1416757039484078e-06,-3292.8584623214265,3.9739169976670893e-07,0.12115799169334021,-7914.354778402223,-6546954869.49216,7914.354778402223,1.9831860084001636e+20
337,636800.0,0.002,66.66666666666669,-4621.496316080447,1.1416757039905553e-06,3292.8584623216593,3.9739170008146224e-07,0.12115799187632045,7914.354778402107,6546954868.716115,7914.354778402107,1.9831860052585483e+20
337,636800.0,0.002,200.0,-13864.488948243437,1.1416757039145756e-06,9878.575386966462,3.973917000048483e-07,0.12115799184573027,23743.0643352099,19640864607.72637,23743.0643352099,1.7848674054214477e+21
337,636800.0,0.2515,-200.0,13864.488948243321,0.00014356571977677303,-9878.575386966462,4.99720062852493e-05,0.1211579918764131,-23743.064335209783,-156189778.1801652,23743.064335209783,1.1287297477846726e+17
337,636800.0,0.2515,-66.66666666666666,4621.4963160807965,0.00014356571977151763,-3292.8584623214265,4.997200624565587e-05,0.12115799169329346,-7914.354778402223,-52063259.39953918,7914.354778402224,1.2541441661922106e+16
337,636800.0,0.2515,66.66666666666669,-4621.496316080389,0.00014356571977151763,3292.85846232163,4.997200624565587e-05,0.12115799169329346,7914.354778402019,52063259.39953784,7914.35477840202,1.254144166192146e+16
337,636800.0,0.2515,200.0,-13864.48894824367,0.00014356571977403837,9878.575386966579,4.9972006224963973e-05,0.12115799158870312,23743.06433521025,156189778.203184,23743.06433521025,1.1287297505080755e+17
337,636800.0,0.501,-200.0,13864.488948243437,0.00028598976383912444,-9878.575386966695,9.954662079155003e-05,0.12115799169327358,-23743.064335210132,-78406645.1436192,23743.064335210132,2.8443988789862148e+16
337,636800.0,0.501,-66.66666666666666,4621.4963160807965,0.00028598976383912444,-3292.8584623214265,9.954662079155003e-05,0.12115799169327358,-7914.354778402223,-26135548.381202586,7914.354778402226,3160443198872651.5
337,636800.0,0.501,66.66666666666669,-4621.496316080331,0.0002859897638305709,3292.8584623216593,9.95466208511512e-05,0.12115799184560182,7914.35477840199,26135548.380208015,7914.354778401993,3160443195087985.5
337,636800.0,0.501,200.0,-13864.488948243437,0.0002859897638305709,9878.575386966462,9.95466208511512e-05,0.12115799184560182,23743.0643352099,78406645.14063703,23743.0643352099,2.8443988755801268e+16
337,636800.0,0.7505,-200.0,13864.488948243321,0.0004284138079223897,-9878.575386966462,0.00014912123545553874,0.12115799187630921,-23743.064335209783,-52340745.11966514,23743.064335209783,1.2675484154575568e+16
337,636800.0,0.7505,-66.66666666666666,4621.496316080622,0.0004284138079223897,-3292.8584623214265,0.00014912123545553874,0.12115799187630921,-7914.354778402048,-17446915.039885707,7914.354778402053,1408387128285745.0
337,636800.0,0.7505,66.66666666666669,-4621.496316080389,0.0004284138079066596,3292.85846232163,0.00014912123533740413,0.12115799169324237,7914.354778402019,17446915.04195064,7914.354778402024,1408387130517197.8
337,636800.0,0.7505,200.0,-13864.488948243437,0.0004284138079066596,9878.575386966695,0.00014912123533740413,0.12115799169324237,23743.064335210132,52340745.1258609,23743.064335210136,1.267548417465911e+16
337,636800.0,1.0,-200.0,13864.488948243437,0.0005708378519740647,-9878.575386966695,0.0001986958498832751,0.1211579916933025,-23743.064335210132,-39281729.216968924,23743.064335210136,7139469630248380.0
337,636800.0,1.0,-66.66666666666666,4621.4963160807965,0.0005708378519740647,-3292.8584623214265,0.0001986958498832751,0.1211579916933025,-7914.354778402223,-13093909.73898773,7914.354778402232,793274403360702.0
337,636800.0,1.0,66.66666666666669,-4621.496316080331,0.0005708378519571311,3292.8584623216593,0.00019869585000234816,0.12115799184570414,7914.35477840199,13093909.738485828,7914.354778401999,793274402409879.2
337,636800.0,1.0,200.0,-13864.488948243437,0.0005708378519740647,9878.575386966695,0.0001986958498832751,0.1211579916933025,23743.064335210132,39281729.216968924,23743.064335210136,7139469630248380.0
337,955200.0000000001,0.002,-200.0,13864.488948243437,1.1416757039145756e-06,-9878.575386966462,3.973917000048483e-07,0.12115799184573027,-23743.0643352099,-19640864607.72637,23743.0643352099,1.7848674054214477e+21
337,955200.0000000001,0.002,-66.66666666666666,4621.4963160807965,1.1416757039484078e-06,-3292.8584623214265,3.9739169976670893e-07,0.12115799169334021,-7914.354778402223,-6546954869.49216,7914.354778402223,1.9831860084001636e+20
337,955200.0000000001,0.002,66.66666666666669,-4621.496316080389,1.1416757039484078e-06,3292.85846232163,3.9739169976670893e-07,0.12115799169334021,7914.354778402019,6546954869.491991,7914.354778402019,1.9831860084000614e+20
337,955200.0000000001,0.002,200.0,-13864.48894824367,1.1416757039665496e-06,9878.575386966579,3.973916993848772e-07,0.12115799145666166,23743.06433521025,19640864610.240448,23743.06433521025,1.7848674109906462e+21
337,955200.0000000001,0.2515,-200.0,13864.488948243321,0.00014356571977677303,-9878.575386966462,4.99720062852493e-05,0.1211579918764131,-23743.064335209783,-156189778.1801652,23743.064335209783,1.1287297477846726e+17
337,955200.0000000001,0.2515,-66.66666666666666,4621.4963160807965,0.00014356571977151763,-3292.8584623214265,4.997200624565587e-05,0.12115799169329346,-7914.354778402223,-52063259.39953918,7914.354778402224,1.2541441661922106e+16
337,955200.0000000001,0.2515,66.66666666666669,-4621.496316080389,0.00014356571977151763,3292.85846232163,4.997200624565587e-05,0.12115799169329346,7914.354778402019,52063259.39953784,7914.35477840202,1.254144166192146e+16
337,955200.0000000001,0.2515,200.0,-13864.488948243437,0.00014356571977151763,9878.575386966695,4.997200624565587e-05,0.12115799169329346,23743.064335210132,156189778.19864032,23743.064335210132,1.1287297495733187e+17
337,955200.0000000001,0.501,-200.0,13864.488948243437,0.00028598976383912444,-9878.575386966695,9.954662079155003e-05,0.12115799169327358,-23743.064335210132,-78406645.1436192,23743.064335210132,2.8443988789862148e+16
337,955200.0000000001,0.501,-66.66666666666666,4621.4963160807965,0.00028598976383912444,-3292.8584623214265,9.954662079155003e-05,0.12115799169327358,-7914.354778402223,-26135548.381202586,7914.354778402226,3160443198872651.5
337,955200.0000000001,0.501,66.66666666666669,-4621.496316080331,0.0002859897638305709,3292.8584623216593,9.95466208511512e-05,0.12115799184560182,7914.35477840199,26135548.380208015,7914.354778401993,3160443195087985.5
337,955200.0000000001,0.501,200.0,-13864.488948243321,0.0002859897638496624,9878.575386966462,9.95466208704175e-05,0.12115799187632377,23743.064335209783,78406645.1343283,23743.064335209783,2.844398874479086e+16
337,955200.0000000001,0.7505,-200.0,13864.488948243437,0.0004284138079066596,-9878.575386966695,0.00014912123533740413,0.12115799169324237,-23743.064335210132,-52340745.1258609,23743.064335210136,1.267548417465911e+16
337,955200.0000000001,0.7505,-66.66666666666666,4621.496316080855,0.00042841380789399996,-3292.8584623214847,0.00014912123542677584,0.12115799184562823,-7914.354778402339,-17446915.041281223,7914.354778402344,1408387128829155.5
337,955200.0000000001,0.7505,66.66666666666669,-4621.496316080389,0.0004284138079066596,3292.85846232163,0.00014912123533740413,0.12115799169324237,7914.354778402019,17446915.04195064,7914.354778402024,1408387130517197.8
337,955200.0000000001,0.7505,200.0,-13864.488948243321,0.0004284138079223897,9878.575386966462,0.00014912123545553874,0.12115799187630921,23743.064335209783,52340745.11966514,23743.064335209783,1.2675484154575568e+16
337,955200.0000000001,1.0,-200.0,13864.488948243437,0.0005708378519571311,-9878.575386966462,0.00019869585000234816,0.12115799184570414,-23743.0643352099,-39281729.21546399,23743.064335209903,7139469621691256.0
337,955200.0000000001,1.0,-66.66666666666666,4621.4963160807965,0.0005708378519740647,-3292.8584623214265,0.0001986958498832751,0.1211579916933025,-7914.354778402223,-13093909.73898773,7914.354778402232,793274403360702.0
337,955200.0000000001,1.0,66.66666666666669,-4621.496316080331,0.0005708378519571311,3292.8584623216593,0.00019869585000234816,0.12115799184570414,7914.35477840199,13093909.738485828,7914.354778401999,793274402409879.2
337,955200.0000000001,1.0,200.0,-13864.48894824367,0.0005708378519841488,9878.575386966579,0.00019869584980099672,0.12115799158868075,23743.06433521025,39281729.21810799,23743.064335210252,7139469636161244.0
337,1273600.0,0.002,-200.0,13864.488948243437,1.1416757039484078e-06,-9878.575386966695,3.9739169976670893e-07,0.12115799169334021,-23743.064335210132,-19640864608.479343,23743.064335210132,1.784867407560668e+21
337,1273600.0,0.002,-66.66666666666666,4621.496316080855,1.1416757039145756e-06,-3292.8584623214847,3.973917000048483e-07,0.12115799184573027,-7914.354778402339,-6546954869.241329,7914.354778402339,1.9831860060233492e+20
337,1273600.0,0.002,66.66666666666669,-4621.496316080331,1.141675703994959e-06,3292.8584623216884,3.9739170018860794e-07,0.12115799194071959,7914.354778402019,6546954868.502761,7914.354778402019,1.9831860041890818e+20
337,1273600.0,0.002,200.0,-13864.488948243437,1.1416757039484078e-06,9878.575386966695,3.9739169976670893e-07,0.12115799169334021,23743.064335210132,19640864608.479343,23743.064335210132,1.784867407560668e+21
337,1273600.0,0.2515,-200.0,13864.488948243437,0.00014356571977151763,-9878.575386966695,4.997200624565587e-05,0.12115799169329346,-23743.064335210132,-156189778.19864032,23743.064335210132,1.1287297495733187e+17
337,1273600.0,0.2515,-66.66666666666666,4621.4963160807965,0.00014356571977151763,-3292.8584623214265,4.997200624565587e-05,0.12115799169329346,-7914.354778402223,-52063259.39953918,7914.354778402224,1.2541441661922106e+16
337,1273600.0,0.2515,66.66666666666669,-4621.496316080331,0.00014356571976725048,3292.8584623216593,4.997200627558798e-05,0.12115799184563758,7914.35477840199,52063259.3975479,7914.35477840199,1.2541441646897282e+16
337,1273600.0,0.2515,200.0,-13864.488948243437,0.00014356571977151763,9878.575386966695,4.997200624565587e-05,0.12115799169329346,23743.064335210132,156189778.19864032,23743.064335210132,1.1287297495733187e+17
337,1273600.0,0.501,-200.0,13864.488948243321,0.0002859897638496624,-9878.575386966462,9.95466208704175e-05,0.12115799187632377,-23743.064335209783,-78406645.1343283,23743.064335209783,2.844398874479086e+16
337,1273600.0,0.501,-66.66666666666666,4621.4963160807965,0.00028598976383912444,-3292.8584623214265,9.954662079155003e-05,0.12115799169327358,-7914.354778402223,-26135548.381202586,7914.354778402226,3160443198872651.5
337,1273600.0,0.501,66.66666666666669,-4621.496316080331,0.0002859897638305709,3292.8584623216593,9.95466208511512e-05,0.12115799184560182,7914.35477840199,26135548.380208015,7914.354778401993,3160443195087985.5
337,1273600.0,0.501,200.0,-13864.488948243437,0.00028598976383912444,9878.575386966695,9.954662079155003e-05,0.12115799169327358,23743.064335210132,78406645.1436192,23743.064335210132,2.8443988789862148e+16
337,1273600.0,0.7505,-200.0,13864.488948243437,0.0004284138079066596,-9878.575386966695,0.00014912123533740413,0.12115799169324237,-23743.064335210132,-52340745.1258609,23743.064335210136,1.267548417465911e+16
337,1273600.0,0.7505,-66.66666666666666,4621.4963160807965,0.0004284138079066596,-3292.8584623214265,0.00014912123533740413,0.12115799169324237,-7914.354778402223,-17446915.04195109,7914.354778402228,1408387130517270.2
337,1273600.0,0.7505,66.66666666666669,-4621.496316080389,0.0004284138079066596,3292.85846232163,0.00014912123533740413,0.12115799169324237,7914.354778402019,17446915.04195064,7914.354778402024,1408387130517197.8
337,1273600.0,0.7505,200.0,-13864.48894824367,0.0004284138079133384,9878.575386966579,0.00014912123519422426,0.12115799145680325,23743.06433521025,52340745.13056421,23743.064335210252,1.2675484199000156e+16
337,1273600.0,1.0,-200.0,13864.488948243437,0.0005708378519740647,-9878.575386966695,0.0001986958498832751,0.1211579916933025,-23743.064335210132,-39281729.216968924,23743.064335210136,7139469630248380.0
337,1273600.0,1.0,-66.66666666666666,4621.496316080622,0.0005708378519952747,-3292.8584623214265,0.0001986958500408054,0.12115799187641231,-7914.354778402048,-13093909.737431664,7914.3547784020575,793274402102817.1
337,1273600.0,1.0,66.66666666666669,-4621.496316080389,0.0005708378519740647,3292.85846232163,0.0001986958498832751,0.1211579916933025,7914.354778402019,13093909.738987396,7914.354778402028,793274403360661.1
337,1273600.0,1.0,200.0,-13864.488948243437,0.0005708378519740647,9878.575386966695,0.0001986958498832751,0.1211579916933025,23743.064335210132,39281729.216968924,23743.064335210136,7139469630248380.0
445,318400.0,0.002,-200.0,10985.709786119056,1.1400345341264237e-06,-7791.243530352018,3.123995063497521e-07,0.07509044246010771,-18776.953316471074,-15884904886.56371,18776.953316471074,1.8063403342427618e+21
445,318400.0,0.002,-66.66666666666666,3661.9032620368525,1.1400345341220985e-06,-2597.08117678063,3.1239950536330897e-07,0.07509044198646128,-6258.984438817482,-5294968296.702459,6258.984438817482,2.007044828496333e+20
445,318400.0,0.002,66.66666666666669,-3661.9032620370854,1.1400345343163543e-06,2597.0811767804553,3.123994985706308e-07,0.07509043869540385,6258.984438817541,5294968303.90473,6258.984438817541,2.0070449157769822e+20
445,318400.0,0.002,200.0,-10985.709786119056,1.1400345344765022e-06,7791.243530351785,3.123994932353422e-07,0.07509043610945552,18776.95331647084,15884904928.602373,18776.95331647084,1.8063404859016573e+21
445,318400.0,0.2515,-200.0,10985.709786118357,0.0001433593427078103,-7791.243530352134,3.928423648960997e-05,0.07509043693513515,-18776.95331647049,-126321311.51325156,18776.95331647049,1.1423090663843234e+17
445,318400.0,0.2515,-66.66666666666666,3661.903262036969,0.0001433593426850694,-2597.081176780426,3.928423737986926e-05,0.07509044036235686,-6258.984438817395,-42107103.7772734,6258.984438817396,1.2692322384534298e+16
445,318400.0,0.2515,66.66666666666669,-3661.903262036969,0.00014335934267319193,2597.081176780339,3.928423685434785e-05,0.07509043836576805,6258.984438817308,42107103.819860734,6258.984438817309,1.269232272411479e+16
445,318400.0,0.2515,200.0,-10985.709786119172,0.00014335934269274893,7791.243530351785,3.928423698351662e-05,0.07509043883908359,18776.953316470957,126321311.41467069,18776.953316470957,1.1423090376606946e+17
445,318400.0,0.501,-200.0,10985.709786119056,0.00028557865081234616,-7791.243530351785,7.825607421084655e-05,0.07509043836569021,-18776.95331647084,-63412794.0760523,18776.95331647084,2.8786187028148616e+16
445,318400.0,0.501,-66.66666666666666,3661.903262037027,0.000285578650781587,-2597.0811767805426,7.825607526606215e-05,0.07509044040692536,-6258.98443881757,-21137598.007540453,6258.984438817573,3198465139086591.5
445,318400.0,0.501,66.66666666666669,-3661.903262037202,0.0002855786508071156,2597.0811767804844,7.825607466565847e-05,0.07509043924126835,6258.984438817686,21137598.01711043,6258.98443881769,3198465188165846.0
445,318400.0,0.501,200.0,-10985.709786118474,0.0002855786508122498,7791.243530351785,7.825607573911632e-05,0.07509044129863648,18776.95331647026,63412793.98957375,18776.953316470263,2.8786185903810908e+16
445,318400.0,0.7505,-200.0,10985.70978611859,0.0004277979589816782,-7791.243530352134,0.00011722791489028881,0.07509044261209871,-18776.953316470725,-42331525.339258,18776.953316470728,1.2827977121416278e+16
445,318400.0,0.7505,-66.66666666666666,3661.9032620368525,0.00042779795887719444,-2597.0811767804844,0.00011722791386880043,0.0750904413401478,-6258.984438817337,-14110508.458198717,6258.984438817345,1425330816105436.8
445,318400.0,0.7505,66.66666666666669,-3661.903262037027,0.0004277979589069734,2597.0811767805717,0.00011722791626031833,0.07509044439347146,6258.984438817599,14110508.437179714,6258.984438817606,1425330757950395.8
445,318400.0,0.7505,200.0,-10985.70978611894,0.0004277979588196997,7791.243530351669,0.00011722791581751484,0.07509044385683306,18776.953316470608,42331525.33078025,18776.95331647061,1.2827976918487762e+16
445,318400.0,1.0,-200.0,10985.709786118823,0.0005700172672669243,-7791.2435303526,0.00015619974932264445,0.07509043870264319,-18776.953316471423,-31769809.81729222,18776.953316471427,7225361693358136.0
445,318400.0,1.0,-66.66666666666666,3661.9032620369107,0.0005700172671111047,-2597.081176780368,0.00015619975008281299,0.07509043947457339,-6258.984438817279,-10589936.604846023,6258.984438817292,802817958112953.2
445,318400.0,1.0,66.66666666666669,-3661.903262036969,0.0005700172669994334,2597.08117678063,0.00015619975222275675,0.07509044156148008,6258.984438817599,10589936.596642923,6258.9844388176125,802817936115750.0
445,318400.0,1.0,200.0,-10985.709786119405,0.0005700172670676904,7791.243530351901,0.00015619974980156994,0.07509043921560579,18776.953316471307,31769809.82081706,18776.95331647131,7225361649050550.0
445,636800.0,0.002,-200.0,10985.70978611859,1.1400345340773964e-06,-7791.243530352251,3.1239950041084645e-07,0.0750904396115358,-18776.95331647084,-15884904908.291056,18776.95331647084,1.8063404029219876e+21
445,636800.0,0.002,-66.66666666666666,3661.903262036969,1.1400345344270952e-06,-2597.0811767803098,3.1239949563685637e-07,0.07509043727045218,-6258.984438817279,-5294968306.899206,6258.984438817279,2.0070449534735273e+20
445,636800.0,0.002,66.66666666666669,-3661.9032620370854,1.1400345343584205e-06,2597.081176780397,3.1239949732603716e-07,0.07509043809154459,6258.984438817482,5294968305.196345,6258.984438817482,2.0070449317690026e+20
445,636800.0,0.002,200.0,-10985.709786119056,1.1400345341809324e-06,7791.243530351785,3.123994978476466e-07,0.07509043836568083,18776.95331647084,15884904916.052425,18776.95331647084,1.8063404325635938e+21
445,636800.0,0.2515,-200.0,10985.709786119056,0.00014335934267319193,-7791.243530351785,3.928423685434785e-05,0.07509043836576805,-18776.95331647084,-126321311.45970948,18776.95331647084,1.1423090451726323e+17
445,636800.0,0.2515,-66.66666666666666,3661.9032620369107,0.00014335934268828876,-2597.081176780368,3.928423703373168e-05,0.07509043903572464,-6258.984438817279,-42107103.80230655,6258.98443881728,1.2692322608200624e+16
445,636800.0,0.2515,66.66666666666669,-3661.9032620371436,0.00014335934269418392,2597.081176780426,3.92842359307758e-05,0.0750904348130262,6258.98443881757,42107103.883270316,6258.984438817571,1.2692323320908652e+16
445,636800.0,0.2515,200.0,-10985.709786119522,0.00014335934269137224,7791.243530352134,3.928423771451919e-05,0.07509044163509729,18776.953316471656,126321311.25162502,18776.953316471656,1.1423089951485208e+17
445,636800.0,0.501,-200.0,10985.709786119056,0.00028557865083567543,-7791.243530351669,7.825607427152783e-05,0.0750904384698749,-18776.953316470725,-63412794.06779904,18776.953316470725,2.878618698350553e+16
445,636800.0,0.501,-66.66666666666666,3661.903262036969,0.0002855786507796413,-2597.0811767804553,7.825607437760033e-05,0.07509043870290553,-6258.984438817424,-21137598.024435535,6258.984438817428,3198465211712477.0
445,636800.0,0.501,66.66666666666669,-3661.903262037202,0.0002855786509044204,2597.081176780397,7.825607354958976e-05,0.07509043704825505,6258.984438817599,21137598.031466614,6258.9844388176025,3198465279397191.0
445,636800.0,0.501,200.0,-10985.70978611894,0.00028557865080294385,7791.243530352018,7.825607585179475e-05,0.07509044151977098,18776.953316470957,63412793.98512082,18776.95331647096,2.8786185820916424e+16
445,636800.0,0.7505,-200.0,10985.709786119056,0.00042779795892930364,-7791.2435303524835,0.00011722791438764894,0.07509044198655229,-18776.95331647154,-42331525.35675781,18776.953316471543,1.2827977231422808e+16
445,636800.0,0.7505,-66.66666666666666,3661.903262036969,0.00042779795900226605,-2597.08117678063,0.00011722791183866427,0.07509043869542979,-6258.984438817599,-14110508.471429834,6258.984438817606,1425330865472905.5
445,636800.0,0.7505,66.66666666666669,-3661.903262036969,0.0004277979589514874,2597.081176780339,0.00011722791156729712,0.07509043836560701,6258.984438817308,14110508.475268519,6258.984438817315,1425330872071679.0
445,636800.0,0.7505,200.0,-10985.709786119056,0.0004277979589309589,7791.243530352018,0.00011722791475767337,0.07509044246001015,18776.953316471074,42331525.347271815,18776.953316471077,1.2827977150440352e+16
445,636800.0,1.0,-200.0,10985.709786118823,0.0005700172670290133,-7791.243530352018,0.0001561997510301696,0.07509044040705375,-18776.95331647084,-31769809.80536779,18776.953316470845,7225361535387056.0
445,636800.0,1.0,-66.66666666666666,3661.9032620369107,0.0005700172670902118,-2597.081176780397,0.00015619975197429426,0.0750904412986745,-6258.984438817308,-10589936.596250277,6258.9844388173215,802817938669714.5
445,636800.0,1.0,66.66666666666669,-3661.9032620370854,0.000570017267137674,2597.081176780426,0.00015619975101346752,0.07509044036236673,6258.984438817512,10589936.599980302,6258.984438817525,802817948546465.5
445,636800.0,1.0,200.0,-10985.709786119289,0.0005700172670799527,7791.243530352018,0.00015619974983178825,0.07509043924142897,18776.953316471307,31769809.819752067,18776.95331647131,7225361646254922.0
445,955200.0000000001,0.002,-200.0,10985.709786118357,1.140034534455608e-06,-7791.243530352134,3.1239949494732433e-07,0.075090436935215,-18776.95331647049,-15884904922.792744,18776.95331647049,1.8063404661037182e+21
445,955200.0000000001,0.002,-66.66666666666666,3661.9032620368525,1.1400345341809324e-06,-2597.0811767804553,3.123994978476466e-07,0.07509043836568083,-6258.984438817308,-5294968305.345474,6258.984438817308,2.007044925066616e+20
445,955200.0000000001,0.002,66.66666666666669,-3661.9032620369107,1.1400345340773964e-06,2597.081176780688,3.1239950041084645e-07,0.0750904396115358,6258.984438817599,5294968302.758597,6258.984438817599,2.0070448921316845e+20
445,955200.0000000001,0.002,200.0,-10985.70978611859,1.140034534261715e-06,7791.243530352134,3.123995067028753e-07,0.07509044261204342,18776.953316470725,15884904883.55585,18776.953316470725,1.806340330159073e+21
445,955200.0000000001,0.2515,-200.0,10985.709786119522,0.00014335934270417883,-7791.243530351901,3.928423657633598e-05,0.07509043727048685,-18776.953316471423,-126321311.49675609,18776.953316471423,1.1423090613407899e+17
445,955200.0000000001,0.2515,-66.66666666666666,3661.9032620368525,0.00014335934267319193,-2597.0811767804553,3.928423685434785e-05,0.07509043836576805,-6258.984438817308,-42107103.819860734,6258.984438817309,1.269232272411479e+16
445,955200.0000000001,0.2515,66.66666666666669,-3661.903262037318,0.00014335934269274893,2597.0811767803098,3.928423698351662e-05,0.07509043883908359,6258.984438817628,42107103.8048497,6258.984438817629,1.2692322640649954e+16
445,955200.0000000001,0.2515,200.0,-10985.70978611859,0.0001433593426482848,7791.243530351901,3.9284237625571325e-05,0.07509044134019355,18776.95331647049,126321311.30690911,18776.95331647049,1.1423090003212398e+17
445,955200.0000000001,0.501,-200.0,10985.709786118823,0.0002855786507826325,-7791.243530352367,7.825607734371728e-05,0.0750904443935942,-18776.95331647119,-63412793.90487742,18776.95331647119,2.878618472332165e+16
445,955200.0000000001,0.501,-66.66666666666666,3661.903262036969,0.0002855786507796413,-2597.0811767804553,7.825607437760033e-05,0.07509043870290553,-6258.984438817424,-21137598.024435535,6258.984438817428,3198465211712477.0
445,955200.0000000001,0.501,66.66666666666669,-3661.9032620371436,0.0002855786509007173,2597.0811767804844,7.825607441064151e-05,0.07509043870264294,6258.984438817628,21137598.015477154,6258.984438817632,3198465209011781.5
445,955200.0000000001,0.501,200.0,-10985.70978611894,0.00028557865082262787,7791.243530351901,7.825607479152577e-05,0.0750904394746621,18776.95331647084,63412794.04106362,18776.95331647084,2.8786186600947516e+16
445,955200.0000000001,0.7505,-200.0,10985.709786118707,0.0004277979588829958,-7791.243530352134,0.00011722791404324892,0.07509044156159747,-18776.95331647084,-42331525.36970477,18776.953316470845,1.2827977306795636e+16
445,955200.0000000001,0.7505,-66.66666666666666,3661.9032620368525,0.0004277979589514874,-2597.0811767804553,0.00011722791156729712,0.07509043836560701,-6258.984438817308,-14110508.475268519,6258.984438817315,1425330872071679.0
445,955200.0000000001,0.7505,66.66666666666669,-3661.9032620371436,0.00042779795906247337,2597.0811767802807,0.00011722790983654776,0.07509043610937882,6258.984438817424,14110508.486414455,6258.984438817432,1425330914158817.2
445,955200.0000000001,0.7505,200.0,-10985.709786119522,0.00042779795900567554,7791.243530352134,0.00011722791413412523,0.07509044163495183,18776.953316471656,42331525.35612302,18776.95331647166,1.2827977286907984e+16
445,955200.0000000001,1.0,-200.0,10985.70978611894,0.0005700172669148962,-7791.243530351669,0.00015619975458697883,0.07509044385687402,-18776.953316470608,-31769809.760755178,18776.95331647061,7225361206330890.0
445,955200.0000000001,1.0,-66.66666666666666,3661.9032620370854,0.0005700172671793527,-2597.0811767804553,0.0001561997486629704,0.07509043809146072,-6258.984438817541,-10589936.610390559,6258.984438817554,802817972708116.2
445,955200.0000000001,1.0,66.66666666666669,-3661.9032620371436,0.0005700172670716193,2597.081176780426,0.00015619975219911488,0.0750904415197306,6258.98443881757,10589936.595507406,6258.984438817583,802817936358766.1
445,955200.0000000001,1.0,200.0,-10985.709786118707,0.0005700172671504414,7791.243530352018,0.00015619974963710864,0.0750904390356795,18776.953316470725,31769809.818862442,18776.953316470728,7225361664265138.0
445,1273600.0,0.002,-200.0,10985.70978611894,1.1400345345483569e-06,-7791.243530351901,3.123994952078692e-07,0.07509043704824946,-18776.95331647084,-15884904920.66564,18776.95331647084,1.806340463090767e+21
445,1273600.0,0.002,-66.66666666666666,3661.903262037027,1.1400345343477977e-06,-2597.081176780397,3.1239949050324236e-07,0.0750904348129986,-6258.984438817424,-5294968313.31928,6258.984438817424,2.0070450194365592e+20
445,1273600.0,0.002,66.66666666666669,-3661.9032620370854,1.1400345341358901e-06,2597.081176780426,3.123994996029973e-07,0.07509043921547014,6258.984438817512,5294968303.462184,6258.984438817512,2.0070449025118595e+20
445,1273600.0,0.002,200.0,-10985.709786119056,1.140034534274169e-06,7791.243530351669,3.1239949809032124e-07,0.07509043847006025,18776.953316470725,15884904913.982075,18776.953316470725,1.80634042975721e+21
445,1273600.0,0.2515,-200.0,10985.709786119056,0.00014335934266577235,-7791.2435303524835,3.928423779946905e-05,0.07509044198667267,-18776.95331647154,-126321311.25352687,18776.95331647154,1.142308990208154e+17
445,1273600.0,0.2515,-66.66666666666666,3661.903262036969,0.00014335934269024372,-2597.08117678063,3.9284236945284105e-05,0.0750904386955478,-6258.984438817599,-42107103.80839619,6258.9844388176,1.269232266535488e+16
445,1273600.0,0.2515,66.66666666666669,-3661.903262037202,0.00014335934270417883,2597.081176780397,3.928423657633598e-05,0.07509043727048685,6258.984438817599,42107103.83221026,6258.9844388176,1.269232290376138e+16
445,1273600.0,0.2515,200.0,-10985.709786119056,0.00014335934267319193,7791.243530351785,3.928423685434785e-05,0.07509043836576805,18776.95331647084,126321311.45970948,18776.95331647084,1.1423090451726323e+17
445,1273600.0,0.501,-200.0,10985.70978611859,0.00028557865078640977,-7791.243530352251,7.825607485294172e-05,0.07509043961157164,-18776.95331647084,-63412794.04506814,18776.95331647084,2.8786186555764292e+16
445,1273600.0,0.501,-66.66666666666666,3661.903262037027,0.000285578650781587,-2597.0811767805426,7.825607526606215e-05,0.07509044040692536,-6258.98443881757,-21137598.007540453,6258.984438817573,3198465139086591.5
445,1273600.0,0.501,66.66666666666669,-3661.9032620370854,0.00028557865083599424,2597.081176780426,7.825607525770545e-05,0.07509044036227626,6258.984438817512,21137598.003952138,6258.984438817515,3198465139769637.5
445,1273600.0,0.501,200.0,-10985.709786119056,0.0002855786507985853,7791.243530352018,7.825607634058749e-05,0.075090442460103,18776.953316471074,63412793.95835691,18776.953316471074,2.8786185461315856e+16
445,1273600.0,0.7505,-200.0,10985.709786119056,0.0004277979589514874,-7791.243530351785,0.00011722791156729712,0.07509043836560701,-18776.95331647084,-42331525.4258482,18776.953316470845,1.2827977848670918e+16
445,1273600.0,0.7505,-66.66666666666666,3661.9032620369107,0.0004277979589816782,-2597.0811767804844,0.00011722791489028881,0.07509044261209871,-6258.984438817395,-14110508.446405403,6258.984438817403,1425330791265665.5
445,1273600.0,0.7505,66.66666666666669,-3661.9032620371436,0.0004277979589373899,2597.081176780426,0.00011722791402544795,0.07509044151969725,6258.98443881757,14110508.455035461,6258.984438817577,1425330812296304.2
445,1273600.0,0.7505,200.0,-10985.70978611859,0.00042779795887719444,7791.243530351901,0.00011722791386880043,0.0750904413401478,18776.95331647049,42331525.37463781,18776.953316470495,1.282797734497414e+16
445,1273600.0,1.0,-200.0,10985.709786119289,0.0005700172670799527,-7791.243530352018,0.00015619974983178825,0.07509043924142897,-18776.953316471307,-31769809.819752067,18776.95331647131,7225361646254922.0
445,1273600.0,1.0,-66.66666666666666,3661.9032620368525,0.0005700172670903663,-2597.0811767804553,0.00015619974892387267,0.0750904383657546,-6258.984438817308,-10589936.610692441,6258.9844388173215,802817970026143.9
445,1273600.0,1.0,66.66666666666669,-3661.9032620370854,0.00057001726716268,2597.081176780339,0.00015619975234391328,0.07509044163495794,6258.984438817424,10589936.593247898,6258.984438817438,802817934870291.8
445,1273600.0,1.0,200.0,-10985.709786118823,0.0005700172670310967,7791.243530352367,0.00015619975517706944,0.07509044439361158,18776.95331647119,31769809.74634923,18776.953316471194,7225361151739474.0
588,318400.0,0.002,-200.0,8299.968769491883,7.778143444263494e-07,-5870.980374232167,2.3530477787869558e-07,0.09151864786070098,-14170.94914372405,-17438431167.852985,14170.94914372405,1.8134533661422935e+21
588,318400.0,0.002,-66.66666666666666,2766.6562564925407,7.778143444263494e-07,-1956.9934580831323,2.3530477787869558e-07,0.09151864786070098,-4723.649714575673,-5812810389.285545,4723.649714575673,2.0149481846033924e+20
588,318400.0,0.002,66.66666666666669,-2766.6562564924825,7.778143442362213e-07,1956.993458083045,2.3530478985181525e-07,0.09151865721901233,4723.6497145755275,5812810365.787709,4723.6497145755275,2.0149479795482404e+20
588,318400.0,0.002,200.0,-8299.968769491185,7.778143442362213e-07,5870.980374232633,2.3530478985181525e-07,0.09151865721901233,14170.949143723818,17438431097.359726,14170.949143723818,1.8134531815927088e+21
588,318400.0,0.2515,-200.0,8299.968769491185,9.781015378768995e-05,-5870.980374232633,2.9589577323839557e-05,0.09151865721887803,-14170.949143723818,-138675396.4005046,14170.949143723818,1.146807066370554e+17
588,318400.0,0.2515,-66.66666666666666,2766.6562564924825,9.781015382206786e-05,-1956.9934580831614,2.9589576340844872e-05,0.0915186510738664,-4723.649714575644,-46225132.24738336,4723.649714575645,1.2742301584079622e+16
588,318400.0,0.2515,66.66666666666669,-2766.6562564925407,9.78101538116012e-05,1956.993458083074,2.9589575818220255e-05,0.09151864786056478,4723.649714575615,46225132.32037028,4723.649714575616,1.274230203420018e+16
588,318400.0,0.2515,200.0,-8299.968769491883,9.78101538116012e-05,5870.980374232167,2.9589575818220255e-05,0.09151864786056478,14170.94914372405,138675396.9610835,14170.94914372405,1.1468071830775635e+17
588,318400.0,0.501,-200.0,8299.968769491883,0.00019484249327880995,-5870.980374232167,5.894384685854949e-05,0.09151864786049413,-14170.94914372405,-69614495.68005505,14170.94914372405,2.889954009977995e+16
588,318400.0,0.501,-66.66666666666666,2766.6562564925407,0.000194842493226584,-1956.9934580831614,5.8943847692963134e-05,0.0915186505006459,-4723.649714575702,-23204831.871512774,4723.649714575704,3211059920176024.5
588,318400.0,0.501,66.66666666666669,-2766.6562564924825,0.00019484249323123342,1956.993458083045,5.8943849857811716e-05,0.09151865721874482,4723.6497145755275,23204831.799547438,4723.649714575529,3211059684308655.5
588,318400.0,0.501,200.0,-8299.968769491883,0.00019484249327880995,5870.980374232167,5.894384685854949e-05,0.09151864786049413,14170.94914372405,69614495.68005505,14170.94914372405,2.889954009977995e+16
588,318400.0,0.7505,-200.0,8299.968769491185,0.0002918748326746723,-5870.980374232633,8.829812239185539e-05,0.091518657218914,-14170.949143723818,-46471501.92500654,14170.94914372382,1.2878490025307806e+16
588,318400.0,0.7505,-66.66666666666666,2766.656256492599,0.0002918748326746723,-1956.9934580831032,8.829812239185539e-05,0.091518657218914,-4723.649714575702,-15490500.641672442,4723.649714575707,1430943336145979.2
588,318400.0,0.7505,66.66666666666669,-2766.6562564924825,0.00029187483266786697,1956.993458083074,8.829811914887444e-05,0.09151865050065469,4723.649714575557,15490500.689704886,4723.649714575561,1430943441256217.2
588,318400.0,0.7505,200.0,-8299.968769491185,0.0002918748326746723,5870.980374232633,8.829812239185539e-05,0.091518657218914,14170.949143723818,46471501.92500654,14170.94914372382,1.2878490025307806e+16
588,318400.0,1.0,-200.0,8299.968769491185,0.00038890717211815916,-5870.980374232633,0.00011765239492582519,0.09151865721886125,-14170.949143723818,-34876862.19471751,14170.94914372382,7253812726381006.0
588,318400.0,1.0,-66.66666666666666,2766.6562564925407,0.00038890717221340664,-1956.9934580831323,0.00011765238893927246,0.09151864786047462,-4723.649714575673,-11625620.778565364,4723.64971457568,805979273842392.9
588,318400.0,1.0,66.66666666666669,-2766.6562564925407,0.0003889071722547883,1956.993458083074,0.00011765239101735611,0.09151865107396999,4723.649714575615,11625620.760214938,4723.649714575623,805979245370493.9
588,318400.0,1.0,200.0,-8299.968769491185,0.00038890717211815916,5870.980374232633,0.00011765239492582519,0.09151865721886125,14170.949143723818,34876862.19471751,14170.94914372382,7253812726381006.0
588,636800.0,0.002,-200.0,8299.968769491185,7.778143441045092e-07,-5870.980374232051,2.3530478197152358e-07,0.09151865112013875,-14170.949143723235,-17438431149.03069,14170.949143723235,1.8134533030566468e+21
588,636800.0,0.002,-66.66666666666666,2766.6562564924825,7.778143445098566e-07,-1956.9934580831614,2.3530478203456144e-07,0.0915186510737868,-4723.649714575644,-5812810380.105901,4723.649714575644,2.0149481134288326e+20
588,636800.0,0.002,66.66666666666669,-2766.6562564925407,7.778143444263494e-07,1956.993458083074,2.3530477787869558e-07,0.09151864786070098,4723.649714575615,5812810389.285474,4723.649714575615,2.014948184603343e+20
588,636800.0,0.002,200.0,-8299.968769490952,7.778143442180925e-07,5870.980374232517,2.3530478120971729e-07,0.09151865050082127,14170.949143723468,17438431151.43166,14170.949143723468,1.8134533147989256e+21
588,636800.0,0.2515,-200.0,8299.968769491185,9.781015378768995e-05,-5870.980374232633,2.9589577323839557e-05,0.09151865721887803,-14170.949143723818,-138675396.4005046,14170.949143723818,1.146807066370554e+17
588,636800.0,0.2515,-66.66666666666666,2766.6562564925407,9.781015376091765e-05,-1956.9934580831323,2.9589577367123943e-05,0.0915186575367301,-4723.649714575673,-46225132.13943415,4723.649714575673,1.2742300700176836e+16
588,636800.0,0.2515,66.66666666666669,-2766.656256492366,9.781015376091765e-05,1956.9934580830159,2.9589577367123943e-05,0.0915186575367301,4723.649714575382,46225132.139431305,4723.649714575382,1.2742300700175266e+16
588,636800.0,0.2515,200.0,-8299.968769491883,9.78101538116012e-05,5870.980374232167,2.9589575818220255e-05,0.09151864786056478,14170.94914372405,138675396.9610835,14170.94914372405,1.1468071830775635e+17
588,636800.0,0.501,-200.0,8299.968769491185,0.00019484249323123342,-5870.980374232633,5.8943849857811716e-05,0.09151865721874482,-14170.949143723818,-69614495.39862873,14170.94914372382,2.8899537158766596e+16
588,636800.0,0.501,-66.66666666666666,2766.656256492599,0.00019484249323123342,-1956.9934580831032,5.8943849857811716e-05,0.09151865721874482,-4723.649714575702,-23204831.799548294,4723.649714575704,3211059684308893.0
588,636800.0,0.501,66.66666666666669,-2766.6562564924825,0.00019484249323123342,1956.993458083045,5.8943849857811716e-05,0.09151865721874482,4723.6497145755275,23204831.799547438,4723.649714575529,3211059684308655.5
588,636800.0,0.501,200.0,-8299.968769491185,0.00019484249323123342,5870.980374232633,5.8943849857811716e-05,0.09151865721874482,14170.949143723818,69614495.39862873,14170.94914372382,2.8899537158766596e+16
588,636800.0,0.7505,-200.0,8299.968769491883,0.00029187483274598997,-5870.980374232167,8.829811789906294e-05,0.09151864786087033,-14170.94914372405,-46471502.112862065,14170.94914372405,1.2878491335877144e+16
588,636800.0,0.7505,-66.66666666666666,2766.6562564925407,0.00029187483274598997,-1956.9934580831323,8.829811789906294e-05,0.09151864786087033,-4723.649714575673,-15490500.7042906,4723.6497145756775,1430943481764730.0
588,636800.0,0.7505,66.66666666666669,-2766.6562564924825,0.0002918748326746723,1956.993458083045,8.829812239185539e-05,0.091518657218914,4723.6497145755275,15490500.64167187,4723.649714575532,1430943336145873.5
588,636800.0,0.7505,200.0,-8299.968769491883,0.00029187483274598997,5870.980374232167,8.829811789906294e-05,0.09151864786087033,14170.94914372405,46471502.112862065,14170.94914372405,1.2878491335877144e+16
588,636800.0,1.0,-200.0,8299.968769491185,0.00038890717211815916,-5870.980374232633,0.00011765239492582519,0.09151865721886125,-14170.949143723818,-34876862.19471751,14170.94914372382,7253812726381006.0
588,636800.0,1.0,-66.66666666666666,2766.656256492599,0.00038890717211815916,-1956.9934580831032,0.00011765239492582519,0.09151865721886125,-4723.649714575702,-11625620.731575202,4723.64971457571,805979191820489.1
588,636800.0,1.0,66.66666666666669,-2766.6562564924825,0.00038890717211815916,1956.993458083045,0.00011765239492582519,0.09151865721886125,4723.6497145755275,11625620.731574774,4723.649714575535,805979191820429.5
588,636800.0,1.0,200.0,-8299.968769491185,0.00038890717211815916,5870.980374232633,0.00011765239492582519,0.09151865721886125,14170.949143723818,34876862.19471751,14170.94914372382,7253812726381006.0
588,955200.0000000001,0.002,-200.0,8299.968769491068,7.77814344225246e-07,-5870.980374232517,2.3530478336092257e-07,0.09151865217250299,-14170.949143723585,-17438431137.91778,14170.949143723585,1.8134532816410205e+21
588,955200.0000000001,0.002,-66.66666666666666,2766.6562564924825,7.778143445098566e-07,-1956.9934580831614,2.3530478203456144e-07,0.0915186510737868,-4723.649714575644,-5812810380.105901,4723.649714575644,2.0149481134288326e+20
588,955200.0000000001,0.002,66.66666666666669,-2766.6562564924825,7.778143442362213e-07,1956.993458083045,2.3530478985181525e-07,0.09151865721901233,4723.6497145755275,5812810365.787709,4723.6497145755275,2.0149479795482404e+20
588,955200.0000000001,0.002,200.0,-8299.968769491185,7.778143445098566e-07,5870.980374232633,2.3530478203456144e-07,0.0915186510737868,14170.949143723818,17438431140.31387,14170.949143723818,1.8134533020851521e+21
588,955200.0000000001,0.2515,-200.0,8299.968769491883,9.78101538116012e-05,-5870.980374232167,2.9589575818220255e-05,0.09151864786056478,-14170.94914372405,-138675396.9610835,14170.94914372405,1.1468071830775635e+17
588,955200.0000000001,0.2515,-66.66666666666666,2766.6562564925407,9.781015378538749e-05,-1956.9934580831614,2.95895762370895e-05,0.09151865050069098,-4723.649714575702,-46225132.27685591,4723.649714575702,1.2742301673441284e+16
588,955200.0000000001,0.2515,66.66666666666669,-2766.6562564925407,9.781015377402018e-05,1956.993458083045,2.9589576823961043e-05,0.09151865415227492,4723.649714575586,46225132.20490582,4723.649714575586,1.2742301167986034e+16
588,955200.0000000001,0.2515,200.0,-8299.968769491883,9.78101538116012e-05,5870.980374232167,2.9589575818220255e-05,0.09151864786056478,14170.94914372405,138675396.9610835,14170.94914372405,1.1468071830775635e+17
588,955200.0000000001,0.501,-200.0,8299.968769491883,0.00019484249327880995,-5870.980374232167,5.894384685854949e-05,0.09151864786049413,-14170.94914372405,-69614495.68005505,14170.94914372405,2.889954009977995e+16
588,955200.0000000001,0.501,-66.66666666666666,2766.656256492599,0.00019484249323123342,-1956.9934580831032,5.8943849857811716e-05,0.09151865721874482,-4723.649714575702,-23204831.799548294,4723.649714575704,3211059684308893.0
588,955200.0000000001,0.501,66.66666666666669,-2766.6562564925407,0.00019484249327880995,1956.993458083074,5.894384685854949e-05,0.09151864786049413,4723.649714575615,23204831.89335626,4723.649714575617,3211060011087931.0
588,955200.0000000001,0.501,200.0,-8299.968769491883,0.00019484249327880995,5870.980374232167,5.894384685854949e-05,0.09151864786049413,14170.94914372405,69614495.68005505,14170.94914372405,2.889954009977995e+16
588,955200.0000000001,0.7505,-200.0,8299.968769491185,0.0002918748326746723,-5870.980374232633,8.829812239185539e-05,0.091518657218914,-14170.949143723818,-46471501.92500654,14170.94914372382,1.2878490025307806e+16
588,955200.0000000001,0.7505,-66.66666666666666,2766.6562564925407,0.00029187483274598997,-1956.9934580831323,8.829811789906294e-05,0.09151864786087033,-4723.649714575673,-15490500.7042906,4723.6497145756775,1430943481764730.0
588,955200.0000000001,0.7505,66.66666666666669,-2766.6562564924825,0.00029187483266786697,1956.993458083074,8.829811914887444e-05,0.09151865050065469,4723.649714575557,15490500.689704886,4723.649714575561,1430943441256217.2
588,955200.0000000001,0.7505,200.0,-8299.968769491185,0.0002918748326252969,5870.980374232051,8.829811943485728e-05,0.09151865112017796,14170.949143723235,46471502.06269315,14170.949143723235,1.2878490887877126e+16
588,955200.0000000001,1.0,-200.0,8299.968769491185,0.0003889071720112028,-5870.9803742324,0.00011765239509779403,0.0915186575367397,-14170.949143723585,-34876862.19923018,14170.949143723587,7253812705175422.0
588,955200.0000000001,1.0,-66.66666666666666,2766.656256492599,0.00038890717211815916,-1956.9934580831032,0.00011765239492582519,0.09151865721886125,-4723.649714575702,-11625620.731575202,4723.64971457571,805979191820489.1
588,955200.0000000001,1.0,66.66666666666669,-2766.6562564924825,0.00038890717211815916,1956.993458083045,0.00011765239492582519,0.09151865721886125,4723.6497145755275,11625620.731574774,4723.649714575535,805979191820429.5
588,955200.0000000001,1.0,200.0,-8299.968769491185,0.00038890717211815916,5870.980374232633,0.00011765239492582519,0.09151865721886125,14170.949143723818,34876862.19471751,14170.94914372382,7253812726381006.0
588,1273600.0,0.002,-200.0,8299.968769491185,7.778143442362213e-07,-5870.980374232633,2.3530478985181525e-07,0.09151865721901233,-14170.949143723818,-17438431097.359726,14170.949143723818,1.8134531815927088e+21
588,1273600.0,0.002,-66.66666666666666,2766.6562564924825,7.778143445098566e-07,-1956.9934580831614,2.3530478203456144e-07,0.0915186510737868,-4723.649714575644,-5812810380.105901,4723.649714575644,2.0149481134288326e+20
588,1273600.0,0.002,66.66666666666669,-2766.6562564924825,7.778143442362213e-07,1956.993458083045,2.3530478985181525e-07,0.09151865721901233,4723.6497145755275,5812810365.787709,4723.6497145755275,2.0149479795482404e+20
588,1273600.0,0.002,200.0,-8299.968769491185,7.778143442362213e-07,5870.980374232633,2.3530478985181525e-07,0.09151865721901233,14170.949143723818,17438431097.359726,14170.949143723818,1.8134531815927088e+21
588,1273600.0,0.2515,-200.0,8299.968769491185,9.781015378768995e-05,-5870.980374232633,2.9589577323839557e-05,0.09151865721887803,-14170.949143723818,-138675396.4005046,14170.949143723818,1.146807066370554e+17
588,1273600.0,0.2515,-66.66666666666666,2766.6562564925407,9.78101538116012e-05,-1956.9934580831323,2.9589575818220255e-05,0.09151864786056478,-4723.649714575673,-46225132.32037085,4723.649714575673,1.2742302034200494e+16
588,1273600.0,0.2515,66.66666666666669,-2766.6562564924825,9.781015378768995e-05,1956.993458083045,2.9589577323839557e-05,0.09151865721887803,4723.6497145755275,46225132.133510545,4723.6497145755275,1.2742300737455574e+16
588,1273600.0,0.2515,200.0,-8299.968769491883,9.78101538116012e-05,5870.980374232167,2.9589575818220255e-05,0.09151864786056478,14170.94914372405,138675396.9610835,14170.94914372405,1.1468071830775635e+17
588,1273600.0,0.501,-200.0,8299.968769491185,0.0001948424932995812,-5870.980374232633,5.8943847899648796e-05,0.09151865107388887,-14170.949143723818,-69614495.57016125,14170.94914372382,2.889953907889923e+16
588,1273600.0,0.501,-66.66666666666666,2766.6562564925407,0.00019484249327880995,-1956.9934580831323,5.894384685854949e-05,0.09151864786049413,-4723.649714575673,-23204831.893356547,4723.649714575675,3211060011088010.0
588,1273600.0,0.501,66.66666666666669,-2766.6562564924825,0.00019484249323123342,1956.993458083045,5.8943849857811716e-05,0.09151865721874482,4723.6497145755275,23204831.799547438,4723.649714575529,3211059684308655.5
588,1273600.0,0.501,200.0,-8299.968769491185,0.00019484249323123342,5870.980374232633,5.8943849857811716e-05,0.09151865721874482,14170.949143723818,69614495.39862873,14170.94914372382,2.8899537158766596e+16
588,1273600.0,0.7505,-200.0,8299.968769491883,0.00029187483274598997,-5870.980374232167,8.829811789906294e-05,0.09151864786087033,-14170.94914372405,-46471502.112862065,14170.94914372405,1.2878491335877144e+16
588,1273600.0,0.7505,-66.66666666666666,2766.656256492599,0.0002918748326746723,-1956.9934580831032,8.829812239185539e-05,0.091518657218914,-4723.649714575702,-15490500.641672442,4723.649714575707,1430943336145979.2
588,1273600.0,0.7505,66.66666666666669,-2766.6562564925407,0.00029187483263371866,1956.993458083045,8.829812090017992e-05,0.09151865415243246,4723.649714575586,15490500.665604854,4723.64971457559,1430943384493553.5
588,1273600.0,0.7505,200.0,-8299.968769491068,0.0002918748326704179,5870.980374232517,8.829811995619294e-05,0.09151865217258327,14170.949143723585,46471502.03310714,14170.949143723587,1.287849073580167e+16
588,1273600.0,1.0,-200.0,8299.968769491883,0.00038890717221340664,-5870.980374232167,0.00011765238893927246,0.09151864786047462,-14170.94914372405,-34876862.335688785,14170.949143724052,7253813464578466.0
588,1273600.0,1.0,-66.66666666666666,2766.6562564925407,0.00038890717221340664,-1956.9934580831323,0.00011765238893927246,0.09151864786047462,-4723.649714575673,-11625620.778565364,4723.64971457568,805979273842392.9
588,1273600.0,1.0,66.66666666666669,-2766.6562564924825,0.00038890717211815916,1956.993458083045,0.00011765239492582519,0.09151865721886125,4723.6497145755275,11625620.731574774,4723.649714575535,805979191820429.5
588,1273600.0,1.0,200.0,-8299.968769491883,0.00038890717221340664,5870.980374232167,0.00011765238893927246,0.09151864786047462,14170.94914372405,34876862.335688785,14170.949143724052,7253813464578466.0
776,318400.0,0.002,-200.0,6547.260300947935,6.56076477434761e-07,-4474.473207582836,1.7924880576962668e-07,0.07464549590097633,-11021.733508530771,-16205514644.01637,11021.733508530771,1.890415522928997e+21
776,318400.0,0.002,-66.66666666666666,2182.420100318268,6.560764757028269e-07,-1491.491069189884,1.7924876586180572e-07,0.07464546305704801,-3673.911169508152,-5401838311.476026,3673.911169508152,2.1004626274316966e+20
776,318400.0,0.002,66.66666666666669,-2182.4201003184426,6.56076477395755e-07,1491.4910691895348,1.7924876017569292e-07,0.07464545793602748,3673.9111695079773,5401838310.407681,3673.9111695079773,2.1004627606928664e+20
776,318400.0,0.002,200.0,-6547.260300948052,6.560764762375831e-07,4474.473207583418,1.7924878065048233e-07,0.07464547525240978,11021.73350853147,16205514829.277325,11021.73350853147,1.8904160527584888e+21
776,318400.0,0.2515,-200.0,6547.260300948401,8.2501616972959e-05,-4474.473207583185,2.2540531656897775e-05,0.07464545847301308,-11021.733508531586,-128870894.14619552,11021.733508531586,1.1954777727314046e+17
776,318400.0,0.2515,-66.66666666666666,2182.4201003183844,8.250161703321523e-05,-1491.4910691899422,2.254053206692865e-05,0.07464546107970135,-3673.9111695083266,-42956964.63189975,3673.911169508327,1.3283085880405762e+16
776,318400.0,0.2515,66.66666666666669,-2182.420100318326,8.250161693667975e-05,1491.4910691895639,2.2540535277241444e-05,0.07464548251699948,3673.91116950789,42956964.2537006,3673.9111695078905,1.3283082096742902e+16
776,318400.0,0.2515,200.0,-6547.260300947935,8.250161703321523e-05,4474.473207583418,2.254053206692865e-05,0.07464546107970135,11021.733508531353,128870893.89577377,11021.733508531353,1.1954777292379008e+17
776,318400.0,0.501,-200.0,6547.260300948401,0.0001643471573448372,-4474.473207582952,4.4901819124385355e-05,0.07464547378453143,-11021.733508531353,-64692673.994724914,11021.733508531353,3.01260327862309e+16
776,318400.0,0.501,-66.66666666666666,2182.420100318559,0.0001643471573196242,-1491.4910691897967,4.490182769178513e-05,0.0746455022925913,-3673.9111695083557,-21564224.38217773,3673.9111695083575,3347335698880856.5
776,318400.0,0.501,66.66666666666669,-2182.420100318326,0.00016434715739699492,1491.491069189622,4.490183100593356e-05,0.07464551324129369,3673.911169507948,21564224.26217311,3673.9111695079505,3347335204754742.5
776,318400.0,0.501,200.0,-6547.260300948401,0.0001643471576276408,4474.473207583185,4.490182101850782e-05,0.0746454798252728,11021.733508531586,64692673.701581545,11021.733508531586,3.0126030244580492e+16
776,318400.0,0.7505,-200.0,6547.260300948168,0.0002461926982376831,-4474.473207583418,6.72630990440687e-05,0.07464546184725364,-11021.733508531586,-43185915.777469546,11021.733508531588,1.342505491380109e+16
776,318400.0,0.7505,-66.66666666666666,2182.420100318268,0.00024619269750767527,-1491.491069189884,6.726309938971442e-05,0.07464546305709253,-3673.911169508152,-14395305.293728864,3673.911169508156,1491672752867641.5
776,318400.0,0.7505,66.66666666666669,-2182.4201003183844,0.00024619269782090095,1491.4910691894765,6.72630983436467e-05,0.0746454605453982,3673.911169507861,14395305.29223546,3673.911169507865,1491672799264040.5
776,318400.0,0.7505,200.0,-6547.260300948401,0.0002461926985910701,4474.473207583418,6.726311906988469e-05,0.07464550608040685,11021.73350853182,43185914.82669994,11021.733508531821,1.342504691989228e+16
776,318400.0,1.0,-200.0,6547.260300948517,0.0003280382381030581,-4474.473207583418,8.962438788703637e-05,0.07464547119815439,-11021.733508531936,-32411029.72124817,11021.733508531937,7561664622460254.0
776,318400.0,1.0,-66.66666666666666,2182.4201003185008,0.00032803823821272576,-1491.491069189855,8.962438946984222e-05,0.07464547378478768,-3673.9111695083557,-10803676.55712881,3673.9111695083634,840184928374030.5
776,318400.0,1.0,66.66666666666669,-2182.4201003185008,0.0003280382382790035,1491.4910691894765,8.962439669690149e-05,0.07464548579302809,3673.9111695079773,10803676.494583989,3673.911169507985,840184792873563.9
776,318400.0,1.0,200.0,-6547.260300948634,0.00032803823826085636,4474.473207583185,8.962437960743676e-05,0.0746454573346791,11021.73350853182,32411029.914716367,11021.733508531823,7561666019570090.0
776,636800.0,0.002,-200.0,6547.260300948052,6.560764752256933e-07,-4474.4732075835345,1.792488006537311e-07,0.0746454921427753,-11021.733508531586,-16205514726.919569,11021.733508531586,1.8904156308370395e+21
776,636800.0,0.002,-66.66666666666666,2182.4201003184426,6.560764768071391e-07,-1491.491069189855,1.7924878041616877e-07,0.07464547492765389,-3673.9111695082975,-5401838272.549295,3673.9111695082975,2.100462286331697e+20
776,636800.0,0.002,66.66666666666669,-2182.4201003183844,6.560764778307405e-07,1491.4910691894474,1.7924878762436131e-07,0.07464548069822037,3673.911169507832,5401838249.617505,3673.911169507832,2.1004621173979572e+20
776,636800.0,0.002,200.0,-6547.260300948052,6.560764770083351e-07,4474.473207583884,1.792487769807717e-07,0.07464547202063204,11021.733508531936,16205514834.60733,11021.733508531936,1.8904161301625797e+21
776,636800.0,0.2515,-200.0,6547.260300948052,8.250161693630243e-05,-4474.473207583651,2.254053347427501e-05,0.07464547057623612,-11021.733508531703,-128870893.47774997,11021.733508531703,1.1954775799556907e+17
776,636800.0,0.2515,-66.66666666666666,2182.4201003185008,8.250161698109805e-05,-1491.4910691898258,2.2540540325927285e-05,0.0746455158751922,-3673.9111695083266,-42956963.56386198,3673.911169508327,1.3283076146391714e+16
776,636800.0,0.2515,66.66666666666669,-2182.4201003184426,8.250161695853662e-05,1491.4910691894765,2.2540534137273563e-05,0.07464547492718841,3673.911169507919,42956964.39401483,3673.9111695079196,1.3283083440303762e+16
776,636800.0,0.2515,200.0,-6547.260300948285,8.25016169854589e-05,4474.473207583302,2.2540532959171957e-05,0.07464546707564348,11021.733508531586,128870893.61085878,11021.733508531586,1.195477634594494e+17
776,636800.0,0.501,-200.0,6547.260300947586,0.0001643471570203667,-4474.473207583302,4.490182711897529e-05,0.07464550065993716,-11021.733508530888,-64692673.3135075,11021.733508530888,3.0126022058591084e+16
776,636800.0,0.501,-66.66666666666666,2182.420100318559,0.00016434715756629878,-1491.4910691897967,4.490181613746062e-05,0.0746454636523397,-3673.9111695083557,-21564224.737495832,3673.9111695083575,3347337421582127.5
776,636800.0,0.501,66.66666666666669,-2182.4201003183844,0.00016434715748374064,1491.4910691894765,4.490181632527763e-05,0.07464546435179421,3673.911169507861,21564224.741307743,3673.9111695078627,3347337393578488.5
776,636800.0,0.501,200.0,-6547.260300948168,0.00016434715765096232,4474.473207583418,4.490181561770596e-05,0.07464546184733625,11021.733508531586,64692674.23352907,11021.733508531586,3.0126037491714172e+16
776,636800.0,0.7505,-200.0,6547.260300948052,0.00024619269750767527,-4474.473207583651,6.726309938971442e-05,0.07464546305709253,-11021.733508531703,-43185915.881214984,11021.733508531705,1.3425054775826386e+16
776,636800.0,0.7505,-66.66666666666666,2182.420100318326,0.0002461926977087122,-1491.4910691900295,6.72631049391142e-05,0.07464547525211665,-3673.9111695083557,-14395305.200296082,3673.91116950836,1491672506733225.0
776,636800.0,0.7505,66.66666666666669,-2182.4201003184426,0.0002461926978947106,1491.4910691897676,6.72631183281041e-05,0.07464550485629083,3673.91116950821,14395304.991140008,3673.9111695082147,1491671912886533.8
776,636800.0,0.7505,200.0,-6547.260300948285,0.00024619269813050377,4474.4732075835345,6.726310848115412e-05,0.07464548285792631,11021.73350853182,43185915.37410181,11021.733508531821,1.3425051146703052e+16
776,636800.0,1.0,-200.0,6547.260300947935,0.00032803823870048755,-4474.473207583418,8.962438197593799e-05,0.07464546107990928,-11021.733508531353,-32411029.814800706,11021.733508531355,7561665619905552.0
776,636800.0,1.0,-66.66666666666666,2182.4201003183844,0.0003280382389577903,-1491.4910691898258,8.962439690419206e-05,0.07464548582940289,-3673.91116950821,-10803676.472046532,3673.911169508218,840184788987175.4
776,636800.0,1.0,66.66666666666669,-2182.420100318326,0.00032803823831711036,1491.491069189622,8.962441318559886e-05,0.07464551324157621,3673.911169507948,10803676.35535537,3673.9111695079564,840184483726722.8
776,636800.0,1.0,200.0,-6547.260300948168,0.00032803823869822043,4474.473207583069,8.962438008792158e-05,0.07464545793599656,11021.733508531237,32411029.86243416,11021.73350853124,7561665938491672.0
776,955200.0000000001,0.002,-200.0,6547.260300948401,6.560764769218226e-07,-4474.473207583185,1.7924876069105977e-07,0.0746454584731049,-11021.733508531586,-16205514938.891209,11021.733508531586,1.8904164737557484e+21
776,955200.0000000001,0.002,-66.66666666666666,2182.4201003184426,6.560764766339861e-07,-1491.491069189855,1.7924878948124004e-07,0.07464548251708208,-3673.9111695082975,-5401838254.90036,3673.9111695082975,2.1004620738801657e+20
776,955200.0000000001,0.002,66.66666666666669,-2182.4201003183844,6.560764765378305e-07,1491.4910691894765,1.7924876307430158e-07,0.07464546054541338,3673.911169507861,5401838310.913075,3673.911169507861,2.100462692760108e+20
776,955200.0000000001,0.002,200.0,-6547.260300948401,6.560764775548324e-07,4474.473207583185,1.7924878650150265e-07,0.07464547982580814,11021.733508531586,16205514762.257454,11021.733508531586,1.890415929345001e+21
776,955200.0000000001,0.2515,-200.0,6547.260300948168,8.250161706430586e-05,-4474.473207583418,2.2540532191246483e-05,0.0746454618468257,-11021.733508531586,-128870893.80121508,11021.733508531586,1.1954777160511107e+17
776,955200.0000000001,0.2515,-66.66666666666666,2182.420100318268,8.250161681963492e-05,-1491.491069189884,2.254053230714797e-05,0.07464546305721154,-3673.911169508152,-42956964.7035811,3673.9111695081524,1.328308559728307e+16
776,955200.0000000001,0.2515,66.66666666666669,-2182.4201003183844,8.250161693648596e-05,1491.491069189884,2.2540540302017863e-05,0.07464551579756268,3673.9111695082684,42956963.58864149,3673.911169508269,1.3283076174570806e+16
776,955200.0000000001,0.2515,200.0,-6547.260300948168,8.250161703258382e-05,4474.473207583069,2.2540531592089447e-05,0.07464545793587905,11021.733508531237,128870894.08526143,11021.733508531237,1.1954777796057822e+17
776,955200.0000000001,0.501,-200.0,6547.260300948168,0.0001643471575927642,-4474.4732075835345,4.49018324367006e-05,0.07464551782051872,-11021.733508531703,-64692672.5716714,11021.733508531703,3.0126014922944636e+16
776,955200.0000000001,0.501,-66.66666666666666,2182.420100318326,0.0001643471576234455,-1491.4910691899422,4.4901827189040716e-05,0.07464550034506327,-3673.9111695082684,-21564224.361852292,3673.9111695082706,3347335773837750.5
776,955200.0000000001,0.501,66.66666666666669,-2182.420100318268,0.00016434715750438984,1491.4910691894183,4.490181411111525e-05,0.07464545697132229,3673.9111695076863,21564224.812646918,3673.911169507688,3347337723700632.0
776,955200.0000000001,0.501,200.0,-6547.260300947819,0.00016434715737286682,4474.473207583069,4.4901815150129426e-05,0.07464546054534207,11021.733508530888,64692674.38218232,11021.733508530888,3.0126038119133908e+16
776,955200.0000000001,0.7505,-200.0,6547.260300947819,0.00024619269782090095,-4474.473207583069,6.72630983436467e-05,0.0746454605453982,-11021.733508530888,-43185915.876735,11021.73350853089,1.342505519339412e+16
776,955200.0000000001,0.7505,-66.66666666666666,2182.420100318559,0.00024619269779197985,-1491.491069189884,6.726311575515219e-05,0.07464549920790015,-3673.911169508443,-14395305.034978982,3673.911169508447,1491672027005735.5
776,955200.0000000001,0.7505,66.66666666666669,-2182.4201003184426,0.00024619269793518843,1491.4910691894474,6.726311037234071e-05,0.07464548717386797,3673.91116950789,14395305.107203498,3673.911169507894,1491672265751000.0
776,955200.0000000001,0.7505,200.0,-6547.260300948168,0.00024619269830594665,4474.473207582952,6.72631075559368e-05,0.07464548069801129,11021.73350853112,43185915.38672313,11021.733508531122,1.3425051516029812e+16
776,955200.0000000001,1.0,-200.0,6547.260300948052,0.00032803823826099585,-4474.473207583767,8.962441362643219e-05,0.07464551400142803,-11021.73350853182,-32411029.06017535,11021.733508531823,7561660279164716.0
776,955200.0000000001,1.0,-66.66666666666666,2182.4201003185008,0.00032803823849323656,-1491.4910691898258,8.962441481470668e-05,0.07464551587509184,-3673.9111695083266,-10803676.336318215,3673.9111695083343,840184453182738.8
776,955200.0000000001,1.0,66.66666666666669,-2182.4201003184426,0.0003280382384215983,1491.4910691894474,8.962440427596437e-05,0.07464549835288406,3673.91116950789,10803676.42675382,3673.9111695078977,840184650773542.1
776,955200.0000000001,1.0,200.0,-6547.260300948285,0.00032803823867932967,4474.473207583302,8.962443337834216e-05,0.07464554671260595,11021.733508531586,32411028.525561903,11021.733508531588,7561656946206828.0
776,1273600.0,0.002,-200.0,6547.260300947935,6.560764774447981e-07,-4474.473207583069,1.792487578042357e-07,0.07464545594975208,-11021.733508531004,-16205514944.998436,11021.733508531004,1.8904165346463454e+21
776,1273600.0,0.002,-66.66666666666666,2182.420100318326,6.560764762375831e-07,-1491.4910691900295,1.7924878065048233e-07,0.07464547525240978,-3673.9111695083557,-5401838276.422637,3673.9111695083557,2.100462280840325e+20
776,1273600.0,0.002,66.66666666666669,-2182.4201003184426,6.560764776485846e-07,1491.4910691894765,1.792487649406511e-07,0.07464546184708662,3673.911169507919,5401838298.496201,3673.911169507919,2.1004626490198734e+20
776,1273600.0,0.002,200.0,-6547.260300947586,6.560764751315076e-07,4474.473207583302,1.7924881085396953e-07,0.07464550065968222,11021.733508530888,16205514665.02806,11021.733508530888,1.8904154156868135e+21
776,1273600.0,0.2515,-200.0,6547.260300948052,8.250161688684182e-05,-4474.473207583418,2.254053416677011e-05,0.07464547525228601,-11021.73350853147,-128870893.2746321,11021.73350853147,1.195477506500207e+17
776,1273600.0,0.2515,-66.66666666666666,2182.4201003183844,8.250161709802738e-05,-1491.4910691898258,2.2540535821360108e-05,0.07464548582885121,-3673.91116950821,-42956964.10350124,3673.9111695082106,1.3283081455449654e+16
776,1273600.0,0.2515,66.66666666666669,-2182.420100318326,8.250161693683247e-05,1491.491069189622,2.25405399161464e-05,0.0746455132412228,3673.911169507948,42956963.63954979,3673.9111695079487,1.328307662935441e+16
776,1273600.0,0.2515,200.0,-6547.260300948052,8.250161681963492e-05,4474.473207583651,2.254053230714797e-05,0.07464546305721154,11021.733508531703,128870894.11082804,11021.733508531703,1.195477703757048e+17
776,1273600.0,0.501,-200.0,6547.260300948285,0.00016434715757955467,-4474.4732075835345,4.4901821917426334e-05,0.07464548285770567,-11021.73350853182,-64692673.62923642,11021.73350853182,3.0126029038356948e+16
776,1273600.0,0.501,-66.66666666666666,2182.4201003184426,0.0001643471574757804,-1491.491069189884,4.4901819627964595e-05,0.07464547533989999,-3673.9111695083266,-21564224.6321093,3673.9111695083284,3347336901162447.0
776,1273600.0,0.501,66.66666666666669,-2182.4201003183844,0.00016434715737286682,1491.4910691894765,4.4901815150129426e-05,0.07464546054534207,3673.911169507861,21564224.794046484,3673.9111695078627,3347337568788223.5
776,1273600.0,0.501,200.0,-6547.260300948052,0.0001643471573965517,4474.473207583418,4.490182176504322e-05,0.07464548251729528,11021.73350853147,64692673.71151681,11021.73350853147,3.012602924283218e+16
776,1273600.0,0.7505,-200.0,6547.260300948401,0.0002461926979650247,-4474.473207583185,6.726309744934542e-05,0.07464545847309378,-11021.733508531586,-43185915.89309528,11021.733508531588,1.3425055550383366e+16
776,1273600.0,0.7505,-66.66666666666666,2182.4201003183844,0.00024619269814493336,-1491.4910691899422,6.726309867300909e-05,0.07464546107992753,-3673.9111695083266,-14395305.269710442,3673.9111695083307,1491672784656084.2
776,1273600.0,0.7505,66.66666666666669,-2182.420100318268,0.00024619269801803633,1491.4910691894183,6.726309678713635e-05,0.07464545697116992,3673.9111695076863,14395305.304647045,3673.9111695076904,1491672868300392.2
776,1273600.0,0.7505,200.0,-6547.2603009477025,0.0002461926978562455,4474.4732075835345,6.726312324714706e-05,0.0746455157974702,11021.733508531237,43185914.76035108,11021.733508531239,1.3425045252411298e+16
776,1273600.0,1.0,-200.0,6547.260300948401,0.00032803823836730154,-4474.473207583069,8.962440816535161e-05,0.07464550485630449,-11021.73350853147,-32411029.187578324,11021.733508531472,7561661200672966.0
776,1273600.0,1.0,-66.66666666666666,2182.4201003183844,0.0003280382387075419,-1491.4910691899713,8.962441604133416e-05,0.07464551782080421,-3673.9111695083557,-10803676.319479963,3673.9111695083634,840184430184703.6
776,1273600.0,1.0,66.66666666666669,-2182.4201003184426,0.00032803823869822043,1491.4910691895348,8.962438008792158e-05,0.07464545793599656,3673.9111695079773,10803676.620804226,3673.911169507985,840185104275743.1
776,1273600.0,1.0,200.0,-6547.260300948052,0.0003280382378511675,4474.473207583651,8.962438293095827e-05,0.07464546305725227,11021.733508531703,32411029.868898682,11021.733508531706,7561665458754706.0
