setup_index,gmsl_true_mm,altimetry_estimate_mm,altimetry_std_mm,altimetry_z,truth_length_scale_m,truth_gmsl_std_nd,altimetry_degree_density,altimetry_error_std_nd,prior_z__accurate_prior__1,prior_z__length_scale__0p05,prior_z__length_scale__0p15,prior_z__length_scale__0p4,prior_z__mean_offset__1,prior_z__mean_offset__10,prior_z__mean_offset__50,prior_z__std_multiplier__0p5,prior_z__std_multiplier__2,prior_mean_mm__accurate_prior__1,prior_mean_mm__length_scale__0p05,prior_mean_mm__length_scale__0p15,prior_mean_mm__length_scale__0p4,prior_mean_mm__mean_offset__1,prior_mean_mm__mean_offset__10,prior_mean_mm__mean_offset__50,prior_mean_mm__std_multiplier__0p5,prior_mean_mm__std_multiplier__2,prior_std_mm__accurate_prior__1,prior_std_mm__length_scale__0p05,prior_std_mm__length_scale__0p15,prior_std_mm__length_scale__0p4,prior_std_mm__mean_offset__1,prior_std_mm__mean_offset__10,prior_std_mm__mean_offset__50,prior_std_mm__std_multiplier__0p5,prior_std_mm__std_multiplier__2,posterior_z__accurate_prior__1,posterior_z__length_scale__0p05,posterior_z__length_scale__0p15,posterior_z__length_scale__0p4,posterior_z__mean_offset__1,posterior_z__mean_offset__10,posterior_z__mean_offset__50,posterior_z__std_multiplier__0p5,posterior_z__std_multiplier__2,posterior_mean_mm__accurate_prior__1,posterior_mean_mm__length_scale__0p05,posterior_mean_mm__length_scale__0p15,posterior_mean_mm__length_scale__0p4,posterior_mean_mm__mean_offset__1,posterior_mean_mm__mean_offset__10,posterior_mean_mm__mean_offset__50,posterior_mean_mm__std_multiplier__0p5,posterior_mean_mm__std_multiplier__2,posterior_std_mm__accurate_prior__1,posterior_std_mm__length_scale__0p05,posterior_std_mm__length_scale__0p15,posterior_std_mm__length_scale__0p4,posterior_std_mm__mean_offset__1,posterior_std_mm__mean_offset__10,posterior_std_mm__mean_offset__50,posterior_std_mm__std_multiplier__0p5,posterior_std_mm__std_multiplier__2,prior_bias_mm__accurate_prior__1,prior_bias_mm__length_scale__0p05,prior_bias_mm__length_scale__0p15,prior_bias_mm__length_scale__0p4,prior_bias_mm__mean_offset__1,prior_bias_mm__mean_offset__10,prior_bias_mm__mean_offset__50,prior_bias_mm__std_multiplier__0p5,prior_bias_mm__std_multiplier__2,posterior_bias_mm__accurate_prior__1,posterior_bias_mm__length_scale__0p05,posterior_bias_mm__length_scale__0p15,posterior_bias_mm__length_scale__0p4,posterior_bias_mm__mean_offset__1,posterior_bias_mm__mean_offset__10,posterior_bias_mm__mean_offset__50,posterior_bias_mm__std_multiplier__0p5,posterior_bias_mm__std_multiplier__2,cg_iterations__accurate_prior__1,cg_iterations__length_scale__0p05,cg_iterations__length_scale__0p15,cg_iterations__length_scale__0p4,cg_iterations__mean_offset__1,cg_iterations__mean_offset__10,cg_iterations__mean_offset__50,cg_iterations__std_multiplier__0p5,cg_iterations__std_multiplier__2,runtime_s__accurate_prior__1,runtime_s__length_scale__0p05,runtime_s__length_scale__0p15,runtime_s__length_scale__0p4,runtime_s__mean_offset__1,runtime_s__mean_offset__10,runtime_s__mean_offset__50,runtime_s__std_multiplier__0p5,runtime_s__std_multiplier__2
0,-5.733699825678592,-5.585361065637558,0.08222237557849003,1.8041166896160565,636800.0,0.01,5.0,0.003,0.5733699825678726,0.5733699825678715,0.5733699825678743,0.5733699825678769,0.673369982567875,1.5733699825678955,5.5733699825679865,1.1467399651357453,0.2866849912839363,0.0,0.0,0.0,0.0,1.0,9.999999999999995,49.999999999999964,0.0,0.0,9.999999999999766,9.999999999999785,9.999999999999735,9.999999999999691,9.999999999999766,9.999999999999766,9.999999999999766,4.999999999999883,19.99999999999953,1.2535244592187618,1.1225221217083106,1.413928311051573,1.9400806991650483,1.242131755449355,1.1120066106913942,0.712260414380176,1.7584301565561715,1.0279984206792079,-5.614216507954936,-5.6141381097921945,-5.607114648001592,-5.571597812476361,-5.615302436541491,-5.627705691939189,-5.665808659481158,-5.581539350434698,-5.631288663337323,0.09531789894081687,0.10651167898984679,0.08952729547006187,0.08355426311492824,0.09531789894081687,0.09531789894081687,0.09531789894081687,0.08653199825797732,0.09962190629982143,5.733699825678592,5.733699825678592,5.733699825678592,5.733699825678592,6.733699825678592,15.733699825678586,55.733699825678556,5.733699825678592,5.733699825678592,0.11948331772365606,0.1195617158863973,0.12658517767699973,0.1621020132022304,0.11839738913710107,0.10599413373940259,0.06789116619743396,0.15216047524389342,0.10241116234126846,106,123,113,71,95,107,77,53,192,77.69708849499875,95.6095665519988,90.99940222199984,64.97874627700003,63.544707863999065,78.29280386400023,48.68066230399927,36.67762959399988,150.97285414399994
1,-2.9508497052365006,-3.1481151505139455,0.08222237557849003,-2.399169859658628,636800.0,0.01,5.0,0.003,0.2950849705236582,0.29508497052365745,0.2950849705236588,0.29508497052366073,0.3950849705236609,1.295084970523685,5.295084970523792,0.5901699410473163,0.1475424852618291,0.0,0.0,0.0,0.0,1.0,9.999999999999995,49.999999999999964,0.0,0.0,9.999999999999725,9.99999999999975,9.999999999999703,9.999999999999638,9.999999999999725,9.999999999999725,9.999999999999725,4.999999999999862,19.99999999999945,0.7822107822086177,0.7448806340669244,0.7461905513356135,0.30019187185573015,0.7737421078510125,0.6680572394390337,0.24379157425847972,0.5216975301986084,1.1390310104513235,-2.8762910177975294,-2.8715112097925375,-2.8840452827632044,-2.9257673948702965,-2.8770982340349076,-2.8871718935269293,-2.92761200486363,-2.9057061755376976,-2.8373772687070438,0.09531789785414413,0.10651169035069163,0.08952729614938482,0.08355426218288309,0.09531789785414413,0.09531789785414413,0.09531789785414413,0.08653199811319212,0.09962190272984325,2.9508497052365006,2.9508497052365006,2.9508497052365006,2.9508497052365006,3.9508497052365006,12.950849705236495,52.950849705236465,2.9508497052365006,2.9508497052365006,0.0745586874389712,0.0793384954439631,0.06680442247329621,0.02508231036620412,0.07375147120159298,0.06367781170957132,0.023237700372870762,0.045143529698802976,0.11347243652945682,106,117,98,49,107,103,97,59,238,76.50868184700084,92.67553114899965,74.38460854599907,39.0898006160005,81.2675481540009,73.06128544400053,65.38338357400062,40.477858440999626,188.6843933300006
2,-5.615688037829901,-5.573545585281389,0.08222237557849003,0.5125423858409711,636800.0,0.01,5.0,0.003,0.5615688037830032,0.5615688037830021,0.5615688037830049,0.5615688037830074,0.6615688037830055,1.561568803783026,5.561568803783117,1.1231376075660064,0.2807844018915016,0.0,0.0,0.0,0.0,1.0,9.999999999999995,49.999999999999964,0.0,0.0,9.999999999999766,9.999999999999785,9.999999999999735,9.999999999999691,9.999999999999766,9.999999999999766,9.999999999999766,4.999999999999883,19.99999999999953,-1.04106254482059,-1.0039725421899421,-1.1131166993472166,-1.8330435851205635,-1.05376870773205,-1.1431281915551241,-1.5970313052108895,-1.1892009934565515,-1.3925907334718537,-5.714919932268179,-5.722622838958256,-5.715342365465019,-5.7688466438421955,-5.716131057020499,-5.724648615268951,-5.767913706385313,-5.718591976124068,-5.754420581393833,0.09531789894081687,0.10651167898984679,0.08952729547006187,0.08355426311492824,0.09531789894081687,0.09531789894081687,0.09531789894081687,0.08653199825797732,0.09962190629982143,5.615688037829901,5.615688037829901,5.615688037829901,5.615688037829901,6.615688037829901,15.615688037829894,55.61568803782986,5.615688037829901,5.615688037829901,-0.09923189443827862,-0.10693480112835552,-0.09965432763511828,-0.15315860601229492,-0.10044301919059873,-0.10896057743905008,-0.15222566855541242,-0.10290393829416722,-0.1387325435639326,114,112,107,136,97,102,117,59,228,83.11257402100091,88.41550689599899,88.87697431800007,121.84663864100003,66.42119452299994,70.49577631700049,85.48830167099914,43.01752241500071,190.0547799119995
3,-6.848626872575139,-6.7689698240154845,0.08222237557849003,0.9688001349901768,636800.0,0.01,5.0,0.003,0.6848626872575325,0.6848626872575306,0.6848626872575343,0.6848626872575387,0.7848626872575352,1.684862687257559,5.684862687257664,1.369725374515065,0.34243134362876626,0.0,0.0,0.0,0.0,0.9999999999999997,9.999999999999993,49.99999999999996,0.0,0.0,9.999999999999728,9.999999999999755,9.999999999999702,9.999999999999638,9.999999999999728,9.999999999999728,9.999999999999728,4.999999999999864,19.999999999999456,1.3222425620852598,1.549442022748143,0.8806297977538549,-0.5894397276585335,1.3106163105997397,1.2104200339417437,0.6940913117865829,0.7256705935796101,1.9075368572638367,-6.722593491012191,-6.6835931954263685,-6.769786468373405,-6.897877074028393,-6.7237016808645205,-6.733252179335322,-6.782467547768678,-6.7858331459853485,-6.6585944190155235,0.09531789792349853,0.10651168273857761,0.08952729558189512,0.08355426202589598,0.09531789792349853,0.09531789792349853,0.09531789792349853,0.08653199832728428,0.09962190394171307,6.848626872575139,6.848626872575139,6.848626872575139,6.848626872575139,7.848626872575139,16.84862687257513,56.848626872575096,6.848626872575139,6.848626872575139,0.12603338156294797,0.16503367714877015,0.07884040420173388,-0.04925020145325387,0.12492519171061822,0.11537469323981675,0.0661593248064607,0.06279372658979021,0.19003245355961518,129,116,85,60,123,101,97,54,228,54.47344997699997,49.52617503499994,37.33264770899996,27.965169989999936,52.75202957599993,40.47553618500001,39.78505633300006,21.636549124999988,108.09267122400013
4,6.2847728952546955,6.27662968146718,0.08222237557849003,-0.09903890188312171,636800.0,0.01,5.0,0.003,-0.6284772895254866,-0.628477289525485,-0.6284772895254883,-0.6284772895254923,-0.5284772895254839,0.37152271047453983,4.371522710474645,-1.2569545790509733,-0.3142386447627433,0.0,0.0,0.0,0.0,0.9999999999999997,9.999999999999993,49.99999999999996,0.0,0.0,9.999999999999728,9.999999999999755,9.999999999999702,9.999999999999638,9.999999999999728,9.999999999999728,9.999999999999728,4.999999999999864,19.999999999999456,0.8046707651605237,0.8968337514184871,0.6104725954874073,0.23117159048903704,0.7975585551520822,0.7122944904092895,0.20205629988616075,0.5294200140059274,1.2158719086093035,6.36147242111029,6.38029616725503,6.339426855755543,6.30408826689936,6.360794500202695,6.352667308782999,6.304032477022044,6.330584667021087,6.405900369739599,0.09531789792349853,0.10651168273857761,0.08952729558189512,0.08355426202589598,0.09531789792349853,0.09531789792349853,0.09531789792349853,0.08653199832728428,0.09962190394171307,-6.2847728952546955,-6.2847728952546955,-6.2847728952546955,-6.2847728952546955,-5.2847728952546955,3.7152271047452974,43.71522710474526,-6.2847728952546955,-6.2847728952546955,0.07669952585559425,0.09552327200033428,0.05465396050084781,0.019315371644664125,0.07602160494799914,0.06789441352830305,0.019259581767348877,0.04581177176639173,0.12112747448490335,118,119,90,49,102,114,105,52,309,47.61656824800002,50.73352215299997,37.89669686600007,21.758631750000063,38.92290201399999,45.42138297500003,40.38830977600003,19.21848713700001,142.72250170099994
5,0.5200851391121616,0.7030412257940061,0.08222237557849003,2.2251374445778858,636800.0,0.01,5.0,0.003,-0.05200851391121757,-0.052008513911217434,-0.05200851391121771,-0.052008513911218045,0.04799148608878511,0.9479914860888089,4.947991486088914,-0.10401702782243515,-0.026004256955608786,0.0,0.0,0.0,0.0,0.9999999999999997,9.999999999999993,49.99999999999996,0.0,0.0,9.999999999999728,9.999999999999755,9.999999999999702,9.999999999999638,9.999999999999728,9.999999999999728,9.999999999999728,4.999999999999864,19.999999999999456,2.373895591561805,2.0165555022743877,2.6509856207215745,3.1449332380348607,2.3643304255435833,2.2596854713038703,1.8711010236862267,3.0589452391192387,1.781776686631915,0.7463598767896928,0.7348718589951442,0.7574207123618557,0.7828577149368758,0.7454481452715467,0.7354736082051165,0.6984345554924389,0.7847817834268818,0.69758912503339,0.09531789792349853,0.10651168273857761,0.08952729558189512,0.08355426202589598,0.09531789792349853,0.09531789792349853,0.09531789792349853,0.08653199832728428,0.09962190394171307,-0.5200851391121616,-0.5200851391121616,-0.5200851391121616,-0.5200851391121616,0.4799148608878381,9.479914860887831,49.479914860887796,-0.5200851391121616,-0.5200851391121616,0.22627473767753126,0.2147867198829826,0.23733557324969412,0.26277257582471425,0.2253630061593851,0.21538846909295495,0.17834941638027735,0.2646966443147202,0.1775039859212284,130,148,91,79,119,123,93,55,232,53.96180070299988,64.31966375000002,37.800406526000074,36.10124727799996,47.82804868899996,49.134278638999945,34.060550989000035,21.215535783000064,104.49691882299987
6,-13.182267738931412,-13.239898474147463,0.08222237557849003,-0.7009130399186354,636800.0,0.01,5.0,0.003,1.3182267738931865,1.3182267738931832,1.3182267738931908,1.3182267738931959,1.41822677389319,2.3182267738932203,6.318226773893355,2.636453547786373,0.6591133869465933,0.0,0.0,0.0,0.0,0.9999999999999997,9.999999999999993,49.99999999999996,0.0,0.0,9.999999999999655,9.99999999999968,9.999999999999623,9.999999999999584,9.999999999999655,9.999999999999655,9.999999999999655,4.999999999999828,19.99999999999931,1.2433629575687275,1.1385083701571446,1.1912586013284001,0.6340089415822496,1.2328153527127532,1.11735079594752,0.6876418881821178,0.6739823655512066,1.4609433507764615,-13.063752995460291,-13.061003305077017,-13.075617577337349,-13.12929358922519,-13.064758370983288,-13.075764209818793,-13.116723159625899,-13.12394669805741,-13.0367257840965,0.09531789792327755,0.10651167530516838,0.08952729615142727,0.08355426277430378,0.09531789792327755,0.09531789792327755,0.09531789792327755,0.08653199824643074,0.09962190166891735,13.182267738931412,13.182267738931412,13.182267738931412,13.182267738931412,14.182267738931412,23.182267738931404,63.18226773893137,13.182267738931412,13.182267738931412,0.11851474347112045,0.12126443385439423,0.10665016159406271,0.052974149706221496,0.11750936794812361,0.10650352911261862,0.06554457930551294,0.05832104087400225,0.14554195483491128,108,111,96,100,102,105,80,56,205,45.073788508999996,46.445046384999955,41.04803816200001,46.49364665399992,38.97733844000004,40.398229550999986,28.552147281999964,20.991653709999923,89.17800004900005
7,-6.678843173329343,-6.748044495920148,0.08222237557849003,-0.8416361374130368,636800.0,0.01,5.0,0.003,0.6678843173329527,0.6678843173329511,0.6678843173329542,0.6678843173329585,0.7678843173329555,1.6678843173329796,5.667884317333087,1.3357686346659055,0.33394215866647636,0.0,0.0,0.0,0.0,1.0,9.999999999999995,49.999999999999964,0.0,0.0,9.999999999999725,9.99999999999975,9.999999999999703,9.999999999999638,9.999999999999725,9.999999999999725,9.999999999999725,4.999999999999862,19.99999999999945,0.6982370076405564,0.596841647346358,0.7031664864079386,0.7838884236851537,0.6884287957357516,0.5581815481280323,0.13186509141678834,0.5613275718905136,0.8984008738851468,-6.612288689557078,-6.615272560598791,-6.6158905790583775,-6.613345954454627,-6.613223587697552,-6.625638481540808,-6.666274070015151,-6.630270376937631,-6.589342768858751,0.09531789785414413,0.10651169035069163,0.08952729614938482,0.08355426218288309,0.09531789785414413,0.09531789785414413,0.09531789785414413,0.08653199811319212,0.09962190272984325,6.678843173329343,6.678843173329343,6.678843173329343,6.678843173329343,7.678843173329343,16.678843173329337,56.678843173329305,6.678843173329343,6.678843173329343,0.0665544837722658,0.06357061273055198,0.06295259427096589,0.06549721887471627,0.06561958563179182,0.05320469178853582,0.012569103314192809,0.048572796391712636,0.08950040447059227,104,110,93,70,94,108,91,63,178,76.97994970499894,75.39882194799975,75.29815588899874,54.57056377399931,62.788169927000126,82.30187446799937,61.83571381299953,46.61992821000058,144.27249898100126
8,1.2786547881612274,1.460343993899524,0.08222237557849003,2.209729461840407,636800.0,0.01,5.0,0.003,-0.1278654788161262,-0.12786547881612587,-0.12786547881612656,-0.12786547881612736,-0.027865478816123525,0.8721345211839003,4.872134521184005,-0.2557309576322524,-0.0639327394080631,0.0,0.0,0.0,0.0,0.9999999999999997,9.999999999999993,49.99999999999996,0.0,0.0,9.999999999999728,9.999999999999755,9.999999999999702,9.999999999999638,9.999999999999728,9.999999999999728,9.999999999999728,4.999999999999864,19.999999999999456,1.5572668819709152,1.11213854676909,1.9687517401968437,2.792964274304966,1.5437036735144187,1.4238307115461508,0.8915624495129102,2.2666597615228885,1.1285203895080431,1.4270901938565759,1.3971105362160394,1.4549118071332006,1.512018856965471,1.4257973773374044,1.4143713385847256,1.3636366467163232,1.4747933868538485,1.3910801380010622,0.09531789792349853,0.10651168273857761,0.08952729558189512,0.08355426202589598,0.09531789792349853,0.09531789792349853,0.09531789792349853,0.08653199832728428,0.09962190394171307,-1.2786547881612274,-1.2786547881612274,-1.2786547881612274,-1.2786547881612274,-0.2786547881612277,8.721345211838766,48.72134521183873,-1.2786547881612274,-1.2786547881612274,0.14843540569534852,0.11845574805481207,0.1762570189719732,0.23336406880424354,0.14714258917617706,0.13571655042349828,0.08498185855509588,0.19613859869262118,0.11242534983983488,116,132,100,117,104,119,101,58,221,49.13626010000007,60.331416766000075,44.207854268000006,57.933416298,43.06716939900002,51.58909604500002,39.85852811899997,23.55296475600005,105.12033268000005
9,-1.5241055766917964,-1.4741328269343565,0.08222237557849003,0.6077755526503305,636800.0,0.01,5.0,0.003,0.15241055766918432,0.15241055766918382,0.15241055766918482,0.1524105576691859,0.25241055766918735,1.1524105576692145,5.152410557669334,0.30482111533836864,0.07620527883459216,0.0,0.0,0.0,0.0,1.0,9.999999999999995,49.999999999999964,0.0,0.0,9.999999999999693,9.999999999999725,9.99999999999966,9.99999999999959,9.999999999999693,9.999999999999693,9.999999999999693,4.999999999999846,19.999999999999385,-0.777608172606702,-0.8050006829112579,-0.6383644456181029,-0.45547933134462704,-0.7933576263295395,-0.8753310342942288,-1.4296384530837558,-0.6420572002032676,-1.1054666025076492,-1.5982255536958383,-1.6098475371065637,-1.5812566191929285,-1.5621628160343808,-1.5997267585299513,-1.6075402915242332,-1.660375709902262,-1.5796640693258348,-1.6342342641555356,0.09531789867328243,0.10651166171025399,0.08952729572179578,0.08355426190302666,0.09531789867328243,0.09531789867328243,0.09531789867328243,0.08653199842077823,0.09962190374084798,1.5241055766917964,1.5241055766917964,1.5241055766917964,1.5241055766917964,2.524105576691796,11.524105576691792,51.52410557669176,1.5241055766917964,1.5241055766917964,-0.07411997700404194,-0.08574196041476734,-0.05715104250113212,-0.038057239342584426,-0.07562118183815492,-0.08343471483243681,-0.13627013321046566,-0.05555849263403845,-0.11012868746373927,109,152,92,49,104,94,93,63,269,78.09724003100018,128.37541917700037,71.68856451200008,39.426218037999206,75.2612368680002,58.43567324700052,69.48403043299913,44.37170197500018,230.86142287999974
10,-7.553882218364229,-7.625883859733817,0.08222237557849003,-0.87569400498354,636800.0,0.01,5.0,0.003,0.7553882218364437,0.7553882218364418,0.7553882218364453,0.7553882218364503,0.8553882218364465,1.7553882218364705,5.7553882218365775,1.5107764436728874,0.37769411091822186,0.0,0.0,0.0,0.0,1.0,9.999999999999995,49.999999999999964,0.0,0.0,9.999999999999725,9.99999999999975,9.999999999999703,9.999999999999638,9.999999999999725,9.999999999999725,9.999999999999725,4.999999999999862,19.99999999999945,-0.12436560949074152,-0.39281953975898126,0.16823019307529655,0.5932170919582486,-0.138133490420336,-0.24375758256370592,-0.7214152272479095,0.11289993231502221,-1.0127508504436504,-7.565736486826236,-7.5957220915467385,-7.538821024047508,-7.504316401931382,-7.567048812294351,-7.577116678720209,-7.622646001305469,-7.544112761634166,-7.654774385076692,0.09531789785414413,0.10651169035069163,0.08952729614938482,0.08355426218288309,0.09531789785414413,0.09531789785414413,0.09531789785414413,0.08653199811319212,0.09962190272984325,7.553882218364229,7.553882218364229,7.553882218364229,7.553882218364229,8.55388221836423,17.553882218364222,57.553882218364194,7.553882218364229,7.553882218364229,-0.011854268462006878,-0.04183987318250981,0.015061194316720261,0.049565816432846965,-0.013166593930121984,-0.023234460355980424,-0.06876378294124041,0.00976945673006302,-0.10089216671246337,95,106,91,53,91,105,81,55,213,70.07669209800042,76.33344952399966,73.89819846699902,42.04447856900151,62.58557550899968,74.59758151599999,54.659746127999824,42.21172989399929,185.874781464001
11,20.96379659025309,20.431235240286323,0.08222237557849003,-6.477085418900107,636800.0,0.01,5.0,0.003,-2.0963796590253576,-2.0963796590253545,-2.0963796590253647,-2.0963796590253736,-1.9963796590253553,-1.0963796590253352,2.9036203409747543,-4.192759318050715,-1.0481898295126788,0.0,0.0,0.0,0.0,0.9999999999999996,9.999999999999993,49.99999999999996,0.0,0.0,9.999999999999767,9.999999999999783,9.999999999999734,9.999999999999691,9.999999999999767,9.999999999999767,9.999999999999767,4.999999999999884,19.999999999999535,0.14043562270254403,0.09246335924688986,0.16030510606735873,0.1368067424769631,0.12790270692556338,0.029009317323633623,-0.4127374053826712,-0.26157985778156523,0.5723555593971434,20.977182618619448,20.973645018807225,20.978148272988065,20.9752273767294,20.975988007431237,20.96656169740404,20.924455328328314,20.941161562418028,21.020815739879332,0.09531789804294594,0.1065116888933202,0.0895272963354344,0.08355426252646432,0.09531789804294594,0.09531789804294594,0.09531789804294594,0.0865319984001335,0.09962190231243696,-20.96379659025309,-20.96379659025309,-20.96379659025309,-20.96379659025309,-19.96379659025309,-10.963796590253096,29.036203409746868,-20.96379659025309,-20.96379659025309,0.013386028366358715,0.009848428554136035,0.014351682734975668,0.011430786476310573,0.012191417178147645,0.002765107150949575,-0.039341261924775495,-0.02263502783506155,0.05701914962624244,98,97,83,37,91,97,85,53,241,39.94702691300017,40.44253577400002,35.094145982999976,15.674914519000026,35.454519644000015,39.356978475000005,32.15691074000006,20.855327994999925,115.37107545599997
12,9.082693759196662,8.892630349034134,0.08222237557849003,-2.3115777040653906,636800.0,0.01,5.0,0.003,-0.9082693759196909,-0.9082693759196885,-0.9082693759196933,-0.9082693759196991,-0.8082693759196882,0.0917306240803356,4.091730624080441,-1.8165387518393818,-0.45413468795984546,0.0,0.0,0.0,0.0,0.9999999999999997,9.999999999999993,49.99999999999996,0.0,0.0,9.999999999999728,9.999999999999755,9.999999999999702,9.999999999999638,9.999999999999728,9.999999999999728,9.999999999999728,4.999999999999864,19.999999999999456,0.675938441352384,0.6981512384792381,0.5731169639486406,0.0722499868986114,0.6647826378674859,0.57195847863516,0.14025582130696593,0.15651620865400054,1.3783851582021056,9.147122790552057,9.157055022413108,9.13400337103109,9.088730553533356,9.146059442814229,9.137211639079688,9.096062649255176,9.096237419502103,9.220011113021755,0.09531789792349853,0.10651168273857761,0.08952729558189512,0.08355426202589598,0.09531789792349853,0.09531789792349853,0.09531789792349853,0.08653199832728428,0.09962190394171307,-9.082693759196662,-9.082693759196662,-9.082693759196662,-9.082693759196662,-8.082693759196662,0.917306240803331,40.9173062408033,-9.082693759196662,-9.082693759196662,0.06442903135539524,0.07436126321644565,0.05130961183442828,0.006036794336694129,0.06336568361756711,0.0545178798830257,0.013368890058513827,0.013543660305440852,0.13731735382509314,141,119,102,56,121,126,112,58,265,61.25958747000004,54.825610907000055,43.88488552800004,24.891540244999987,49.71251095999992,52.484529468000005,45.363400882000064,23.826680412000087,125.67203870900005
13,-0.9346685530787777,-0.9771910381253276,0.08222237557849003,-0.5171643940882932,636800.0,0.01,5.0,0.003,0.0934668553078803,0.09346685530788006,0.09346685530788056,0.09346685530788115,0.193466855307883,1.0934668553079068,5.093466855308012,0.1869337106157606,0.04673342765394015,0.0,0.0,0.0,0.0,0.9999999999999997,9.999999999999993,49.99999999999996,0.0,0.0,9.999999999999728,9.999999999999755,9.999999999999702,9.999999999999638,9.999999999999728,9.999999999999728,9.999999999999728,4.999999999999864,19.999999999999456,1.6641714044308895,1.5583200029269084,1.6787159197182513,1.4675562747014665,1.6652818961272702,1.5543935279857626,1.1098182507718763,1.3185933409428288,2.299984760945308,-0.776043233024029,-0.7686892673218475,-0.7843776567361289,-0.8120479715646236,-0.7759373832898685,-0.7865070294452841,-0.8288830103380683,-0.8205680363059447,-0.7055396921564804,0.09531789792349853,0.10651168273857761,0.08952729558189512,0.08355426202589598,0.09531789792349853,0.09531789792349853,0.09531789792349853,0.08653199832728428,0.09962190394171307,0.9346685530787777,0.9346685530787777,0.9346685530787777,0.9346685530787777,1.9346685530787773,10.93466855307877,50.93466855307874,0.9346685530787777,0.9346685530787777,0.15862532005474872,0.16597928575693022,0.1502908963426488,0.12262058151415411,0.15873116978890922,0.14816152363349366,0.10578554274070939,0.11410051677283306,0.22912886092229734,131,138,122,52,129,91,87,69,213,53.403955874000076,59.49401619499997,51.110969745000034,22.70545542499997,51.653098989,32.76206569499993,31.062488166000094,28.664113638000003,98.68947141700005
14,-8.629406021398614,-8.49538920850182,0.08222237557849003,1.629931170850943,636800.0,0.01,5.0,0.003,0.8629406021398911,0.862940602139889,0.8629406021398939,0.8629406021398972,0.9629406021398945,1.862940602139925,5.86294060214006,1.7258812042797822,0.43147030106994555,0.0,0.0,0.0,0.0,0.9999999999999997,9.999999999999993,49.99999999999996,0.0,0.0,9.999999999999655,9.99999999999968,9.999999999999623,9.999999999999584,9.999999999999655,9.999999999999655,9.999999999999655,4.999999999999828,19.99999999999931,-1.5929567831395606,-1.3124854924708653,-1.758142693664075,-1.6470059442853704,-1.605688818002915,-1.703871003160013,-2.136972218346954,-1.7446224279805769,-1.3204606822219889,-8.781243313450103,-8.769201050015415,-8.786807783010746,-8.767020388858274,-8.782456904249564,-8.791815423752253,-8.833097721171889,-8.780371686277313,-8.760952825640604,0.09531789792327755,0.10651167530516838,0.08952729615142727,0.08355426277430378,0.09531789792327755,0.09531789792327755,0.09531789792327755,0.08653199824643074,0.09962190166891735,8.629406021398614,8.629406021398614,8.629406021398614,8.629406021398614,9.629406021398614,18.62940602139861,58.62940602139857,8.629406021398614,8.629406021398614,-0.15183729205148921,-0.13979502861680082,-0.1574017616121317,-0.13761436745966016,-0.15305088285095003,-0.16240940235363865,-0.20369169977327495,-0.150965664878699,-0.1315468042419905,105,127,129,105,113,130,93,49,226,40.37890139900014,54.967327341999976,57.15878559500004,49.31424693300005,45.10430943899996,53.54870212499998,34.575290389999964,18.334667845000013,102.00765556199997
15,3.8197723614609442,4.06937954143071,0.08222237557849003,3.035757337508313,636800.0,0.01,5.0,0.003,-0.3819772361461054,-0.38197723614610446,-0.3819772361461068,-0.3819772361461095,-0.2819772361461026,0.6180227638539226,4.618022763854034,-0.7639544722922108,-0.1909886180730527,0.0,0.0,0.0,0.0,0.9999999999999997,9.999999999999993,49.99999999999996,0.0,0.0,9.999999999999712,9.999999999999737,9.999999999999677,9.999999999999606,9.999999999999712,9.999999999999712,9.999999999999712,4.999999999999856,19.999999999999424,1.5394256484393734,1.6697618170140467,1.2630520196985195,0.25175420148743693,1.5281341417022962,1.427132316817009,0.9694264487529367,1.08040811219303,1.8431946252829918,3.966507178682768,3.997621496269491,3.9328499936836736,3.8408074979688194,3.9654308959932445,3.9558036143322965,3.912176053001339,3.913262234330687,4.003394915935001,0.09531789818532617,0.10651167908880896,0.0895272961518403,0.08355426198885042,0.09531789818532617,0.09531789818532617,0.09531789818532617,0.08653199824645463,0.09962190207985466,-3.8197723614609442,-3.8197723614609442,-3.8197723614609442,-3.8197723614609442,-2.8197723614609447,6.180227638539049,46.180227638539016,-3.8197723614609442,-3.8197723614609442,0.1467348172218239,0.1778491348085467,0.11307763222272937,0.02103513650787514,0.14565853453230027,0.13603125287135232,0.09240369154039474,0.09348987286974264,0.18362255447405662,151,120,83,83,137,109,91,55,280,68.99243595799999,54.19150806799996,35.63725047600008,40.39913789700006,60.61748947199999,45.090103924999994,35.96001609799998,22.226959333999957,138.142582103
16,-0.0009827212073015845,0.051893971190807575,0.08222237557849003,0.6430937080823299,636800.0,0.01,5.0,0.003,9.827212073016112e-05,9.827212073016086e-05,9.827212073016138e-05,9.827212073016202e-05,0.10009827212073284,1.0000982721207567,5.000098272120861,0.00019654424146032224,4.913606036508056e-05,0.0,0.0,0.0,0.0,0.9999999999999997,9.999999999999993,49.99999999999996,0.0,0.0,9.999999999999728,9.999999999999755,9.999999999999702,9.999999999999638,9.999999999999728,9.999999999999728,9.999999999999728,4.999999999999864,19.999999999999456,-0.8712551335271299,-0.8916808572847676,-0.7129235957208351,-0.17842527778236725,-0.8843261474597208,-0.9750601061751911,-1.5430774062896477,-0.6018458201510813,-1.1364799671321086,-0.08402892909016463,-0.09595714978247966,-0.06480884268870829,-0.015890913619172775,-0.08527483066194796,-0.09392340087698409,-0.1480656159080751,-0.053061642709897994,-0.11420101932461774,0.09531789792349853,0.10651168273857761,0.08952729558189512,0.08355426202589598,0.09531789792349853,0.09531789792349853,0.09531789792349853,0.08653199832728428,0.09962190394171307,0.0009827212073015845,0.0009827212073015845,0.0009827212073015845,0.0009827212073015845,1.0009827212073013,10.000982721207295,50.00098272120726,0.0009827212073015845,0.0009827212073015845,-0.08304620788286304,-0.09497442857517807,-0.0638261214814067,-0.01490819241187119,-0.08429210945464638,-0.0929406796696825,-0.14708289470077351,-0.05207892150259641,-0.11321829811731615,109,116,86,56,118,91,96,60,219,45.71165154899995,49.97700516500004,34.63482768100005,23.847402211999906,46.11118378899994,33.42738645599991,35.93185566599993,23.060495236000065,94.66069259000005
17,-17.670814880281345,-17.85117144895444,0.08222237557849003,-2.193521743979831,636800.0,0.01,5.0,0.003,1.7670814880281824,1.7670814880281778,1.767081488028187,1.7670814880281984,1.8670814880281852,2.767081488028209,6.767081488028314,3.534162976056365,0.8835407440140912,0.0,0.0,0.0,0.0,0.9999999999999997,9.999999999999993,49.99999999999996,0.0,0.0,9.999999999999728,9.999999999999755,9.999999999999702,9.999999999999638,9.999999999999728,9.999999999999728,9.999999999999728,4.999999999999864,19.999999999999456,-0.3101808081818197,-0.2868271812078659,-0.30565551245796185,-0.4723527605681205,-0.32234574085567663,-0.4008046763226376,-0.8409125750743718,-0.7951054053077234,0.1888499616529053,-17.700380662893448,-17.701365326006957,-17.698179391691404,-17.71028196660651,-17.7015401987043,-17.709018739506327,-17.75096889927487,-17.739616939883447,-17.652001287542163,0.09531789792349853,0.10651168273857761,0.08952729558189512,0.08355426202589598,0.09531789792349853,0.09531789792349853,0.09531789792349853,0.08653199832728428,0.09962190394171307,17.670814880281345,17.670814880281345,17.670814880281345,17.670814880281345,18.670814880281345,27.670814880281338,67.6708148802813,17.670814880281345,17.670814880281345,-0.029565782612102964,-0.030550445725612718,-0.027364511410059578,-0.03946708632516405,-0.030725318422955894,-0.03820385922498204,-0.08015401899352526,-0.06880205960210262,0.018813592739181928,104,115,86,43,105,114,102,50,201,42.635402071000044,52.26764493600001,38.43418039200003,19.71879940000008,44.934879327999965,48.77518772899998,42.662611255,19.63494365300005,95.06504281899993
18,-6.00715579769236,-5.905186362192517,0.08222237557849003,1.2401664970443735,636800.0,0.01,5.0,0.003,0.6007155797692526,0.600715579769251,0.6007155797692538,0.6007155797692578,0.7007155797692554,1.6007155797692796,5.600715579769387,1.2014311595385052,0.3003577898846263,0.0,0.0,0.0,0.0,1.0,9.999999999999995,49.999999999999964,0.0,0.0,9.999999999999725,9.99999999999975,9.999999999999703,9.999999999999638,9.999999999999725,9.999999999999725,9.999999999999725,4.999999999999862,19.99999999999945,1.8853561234851814,1.7750587378736435,2.0114211242100626,2.5382981571120924,1.868325432041729,1.746011757968154,1.1819468674575098,2.0329749399394528,2.0802758522881226,-5.8274476152953145,-5.818091291049673,-5.827078703024077,-5.795070167974687,-5.829070945002707,-5.840729627294217,-5.89449510691102,-5.831238414025353,-5.799914759084471,0.09531789785414413,0.10651169035069163,0.08952729614938482,0.08355426218288309,0.09531789785414413,0.09531789785414413,0.09531789785414413,0.08653199811319212,0.09962190272984325,6.00715579769236,6.00715579769236,6.00715579769236,6.00715579769236,7.00715579769236,16.007155797692356,56.00715579769233,6.00715579769236,6.00715579769236,0.17970818239704567,0.18906450664268704,0.1800770946682828,0.21208562971767275,0.17808485268965324,0.16642617039814311,0.11266069078134056,0.1759173836670076,0.20724103860788912,101,145,136,52,85,127,82,53,317,74.22477174100095,111.24265349599955,108.8227078660002,42.94751018500028,57.63986553399991,101.01700415099913,57.59982954899897,38.020313019998866,264.32476755899916
19,-6.502323736223568,-6.766313452724424,0.08222237557849003,-3.210679752847205,636800.0,0.01,5.0,0.003,0.6502323736223792,0.6502323736223776,0.6502323736223813,0.6502323736223838,0.7502323736223826,1.6502323736224127,5.650232373622547,1.3004647472447584,0.3251161868111896,0.0,0.0,0.0,0.0,0.9999999999999997,9.999999999999993,49.99999999999996,0.0,0.0,9.999999999999655,9.99999999999968,9.999999999999623,9.999999999999584,9.999999999999655,9.999999999999655,9.999999999999655,4.999999999999828,19.99999999999931,-0.025408624313052568,-0.13747749041657936,0.18620546536459243,0.9719901770207029,-0.03705138046525033,-0.134145321717676,-0.4112516220994245,0.05160812240836451,0.06998397584467922,-6.50474563288221,-6.516966694044588,-6.485653264380858,-6.421109813558738,-6.505855395924671,-6.515110186305939,-6.541523376359623,-6.497857982265826,-6.495351799463569,0.09531789792327755,0.10651167530516838,0.08952729615142727,0.08355426277430378,0.09531789792327755,0.09531789792327755,0.09531789792327755,0.08653199824643074,0.09962190166891735,6.502323736223568,6.502323736223568,6.502323736223568,6.502323736223568,7.502323736223568,16.50232373622356,56.502323736223524,6.502323736223568,6.502323736223568,-0.002421896658642453,-0.014642957821020097,0.0166704718427102,0.08121392266482985,-0.0035316597011032513,-0.01278645008237067,-0.03919964013605526,0.00446575395774218,0.0069719367599985205,127,109,87,71,126,103,86,53,195,55.03337726199993,49.25154391700005,38.27382448499998,33.9711216820001,53.843761434000044,41.91874131899999,33.834613450000006,20.8026361499999,91.97208937800008
20,3.345414886535999,3.4963507609479323,0.08222237557849003,1.8357031568353157,636800.0,0.01,5.0,0.003,-0.33454148865361144,-0.3345414886536106,-0.3345414886536125,-0.3345414886536138,-0.23454148865360805,0.6654585113464223,4.665458511346556,-0.6690829773072229,-0.16727074432680572,0.0,0.0,0.0,0.0,0.9999999999999997,9.999999999999993,49.99999999999996,0.0,0.0,9.999999999999655,9.99999999999968,9.999999999999623,9.999999999999584,9.999999999999655,9.999999999999655,9.999999999999655,4.999999999999828,19.99999999999931,0.9885626298588858,0.6649154679464275,1.4077045597785203,2.6670336463039095,0.9637846177811842,0.8078624550748531,0.36451295424639457,2.027619865725257,0.21364515695810554,3.4396425983796552,3.416236146963293,3.4714428695530053,3.5682569166471856,3.437280810353691,3.4224186375648724,3.3801594951005693,3.520868885201365,3.36669862335452,0.09531789792327755,0.10651167530516838,0.08952729615142727,0.08355426277430378,0.09531789792327755,0.09531789792327755,0.09531789792327755,0.08653199824643074,0.09962190166891735,-3.345414886535999,-3.345414886535999,-3.345414886535999,-3.345414886535999,-2.3454148865359996,6.654585113463994,46.65458511346396,-3.345414886535999,-3.345414886535999,0.09422771184365608,0.07082126042729397,0.12602798301700613,0.22284203011118642,0.09186592381769199,0.07700375102887325,0.03474460856457018,0.17545399866536604,0.021283736818520804,140,103,127,80,146,109,80,51,268,57.97748084700015,44.91368499700002,58.132181479999986,38.793536324,64.72758272800002,45.730840113,27.464119933000006,18.17196698400005,121.29743887900008
21,-6.302555811068114,-6.428822946426052,0.08222237557849003,-1.535678511713666,636800.0,0.01,5.0,0.003,0.6302555811068286,0.6302555811068269,0.6302555811068302,0.6302555811068342,0.7302555811068312,1.630255581106855,5.630255581106961,1.260511162213657,0.3151277905534143,0.0,0.0,0.0,0.0,0.9999999999999997,9.999999999999993,49.99999999999996,0.0,0.0,9.999999999999728,9.999999999999755,9.999999999999702,9.999999999999638,9.999999999999728,9.999999999999728,9.999999999999728,4.999999999999864,19.999999999999456,-1.027420552695577,-0.4940443999627522,-0.7373897401933609,-1.0643258155716684,-1.031590374098547,-1.0214104983246268,-1.1773322044270564,-1.0383827856824488,-0.5129789302365229,-6.400487378434455,-6.3551773114557175,-6.368572320297462,-6.3914847691433145,-6.400884837045303,-6.3999145126854105,-6.41477664195174,-6.392409148541868,-6.3536597487802595,0.09531789792349853,0.10651168273857761,0.08952729558189512,0.08355426202589598,0.09531789792349853,0.09531789792349853,0.09531789792349853,0.08653199832728428,0.09962190394171307,6.302555811068114,6.302555811068114,6.302555811068114,6.302555811068114,7.302555811068114,16.302555811068107,56.302555811068075,6.302555811068114,6.302555811068114,-0.09793156736634145,-0.052621500387603604,-0.06601650922934788,-0.08892895807520063,-0.09832902597718896,-0.09735870161729654,-0.11222083088362567,-0.08985333747375446,-0.05110393771214561,98,112,90,57,112,104,94,51,316,38.55425958900014,46.381752897999945,36.94433673599997,25.96951690200001,45.704021531999956,41.155139220000024,36.438179698,19.39780985099992,153.11545138600002
22,7.597729961390642,7.594222218108773,0.08222237557849003,-0.04266166304718785,636800.0,0.01,5.0,0.003,-0.7597729961390851,-0.7597729961390832,-0.7597729961390868,-0.7597729961390918,-0.6597729961390824,0.2402270038609419,4.240227003861049,-1.5195459922781702,-0.37988649806954256,0.0,0.0,0.0,0.0,1.0,9.999999999999995,49.999999999999964,0.0,0.0,9.999999999999725,9.99999999999975,9.999999999999703,9.999999999999638,9.999999999999725,9.999999999999725,9.999999999999725,4.999999999999862,19.99999999999945,-0.3782084462165388,-0.2652775900668878,-0.45378349506577903,-0.3840587779414419,-0.3926928027949784,-0.5147064345381503,-0.7940957795030911,-0.16996639582273354,-0.4821034678355452,7.561679927346599,7.56947479686046,7.557103952040185,7.565640213564885,7.560299308925773,7.548669226038464,7.522038420993559,7.583022429548003,7.549701896612209,0.09531789785414413,0.10651169035069163,0.08952729614938482,0.08355426218288309,0.09531789785414413,0.09531789785414413,0.09531789785414413,0.08653199811319212,0.09962190272984325,-7.597729961390642,-7.597729961390642,-7.597729961390642,-7.597729961390642,-6.597729961390642,2.4022700386093527,42.40227003860932,-7.597729961390642,-7.597729961390642,-0.03605003404404261,-0.028255164530182064,-0.040626009350456904,-0.03208974782575691,-0.03743065246486932,-0.04906073535217814,-0.07569154039708259,-0.014707531842638844,-0.0480280647784328,99,97,91,57,98,107,95,49,174,73.78485839200039,67.89908099599961,74.24400221799988,47.15394087599998,72.44712188999983,77.78282081300131,64.27945512699989,33.66002334299992,137.578946439
23,-15.251562884274271,-15.447073737876659,0.08222237557849003,-2.3778302709796013,636800.0,0.01,5.0,0.003,1.5251562884274685,1.5251562884274645,1.5251562884274728,1.5251562884274825,1.6251562884274713,2.525156288427495,6.525156288427599,3.050312576854937,0.7625781442137343,0.0,0.0,0.0,0.0,0.9999999999999997,9.999999999999993,49.99999999999996,0.0,0.0,9.999999999999728,9.999999999999755,9.999999999999702,9.999999999999638,9.999999999999728,9.999999999999728,9.999999999999728,4.999999999999864,19.999999999999456,-1.0696429344365,-1.133711800062998,-0.9975199015031067,-1.082404889925967,-1.0833922035834698,-1.1976824202552454,-1.7019096359896335,-1.3272992314723135,-1.003007333520434,-15.353519000313481,-15.372316435839563,-15.340868143344963,-15.342002426065257,-15.354829551746555,-15.36572345495293,-15.41378533323255,-15.36641673915184,-15.351484384507078,0.09531789792349853,0.10651168273857761,0.08952729558189512,0.08355426202589598,0.09531789792349853,0.09531789792349853,0.09531789792349853,0.08653199832728428,0.09962190394171307,15.251562884274271,15.251562884274271,15.251562884274271,15.251562884274271,16.25156288427427,25.251562884274264,65.25156288427422,15.251562884274271,15.251562884274271,-0.10195611603920973,-0.12075355156529177,-0.08930525907069153,-0.09043954179098534,-0.1032666674722833,-0.11416057067865815,-0.16222244895827842,-0.11485385487756794,-0.09992150023280644,120,102,84,69,119,106,89,51,181,50.31776823599989,44.73876509499996,35.173037163000004,32.40352770599998,51.25127642699999,43.67280775300003,34.11760257000003,19.42360222000002,82.62219835200005
24,2.131951575725094,2.07616314196178,0.08222237557849003,-0.6785067126898847,636800.0,0.01,5.0,0.003,-0.21319515757251678,-0.21319515757251623,-0.21319515757251745,-0.21319515757251828,-0.11319515757251336,0.786804842427517,4.786804842427651,-0.42639031514503356,-0.10659757878625839,0.0,0.0,0.0,0.0,0.9999999999999997,9.999999999999993,49.99999999999996,0.0,0.0,9.999999999999655,9.99999999999968,9.999999999999623,9.999999999999584,9.999999999999655,9.999999999999655,9.999999999999655,4.999999999999828,19.99999999999931,0.8143051934150348,0.5600767746573625,0.9982408613962656,1.6600066746316584,0.8009601411677479,0.6012069657003711,0.17506428255714893,1.178596964688194,0.4877376472861768,2.2095694350294233,2.191606291293365,2.2213213809537735,2.270652209624366,2.2082974127015356,2.1892573599124856,2.1486383351398883,2.2339379262067416,2.180540927663267,0.09531789792327755,0.10651167530516838,0.08952729615142727,0.08355426277430378,0.09531789792327755,0.09531789792327755,0.09531789792327755,0.08653199824643074,0.09962190166891735,-2.131951575725094,-2.131951575725094,-2.131951575725094,-2.131951575725094,-1.1319515757250946,7.868048424274899,47.86804842427486,-2.131951575725094,-2.131951575725094,0.07761785930432907,0.059654715568270955,0.08936980522867932,0.13870063389927179,0.07634583697644137,0.057305784187391406,0.01668675941479414,0.10198635048164739,0.0485893519381726,123,111,101,47,135,113,92,57,211,51.548386015000006,49.302538096000035,46.200527995000016,21.384661456000003,59.20702709500006,47.47737229300003,36.62886815200011,23.34512711299999,99.797975404
25,23.913325983400117,23.64836582361093,0.08222237557849003,-3.222482419475388,636800.0,0.01,5.0,0.003,-2.3913325983400777,-2.3913325983400715,-2.3913325983400826,-2.3913325983400986,-2.291332598340075,-1.3913325983400506,2.6086674016600564,-4.782665196680155,-1.1956662991700389,0.0,0.0,0.0,0.0,1.0,9.999999999999995,49.999999999999964,0.0,0.0,9.999999999999725,9.99999999999975,9.999999999999703,9.999999999999638,9.999999999999725,9.999999999999725,9.999999999999725,4.999999999999862,19.99999999999945,0.8864555771339638,0.872613737822594,0.6549859971984913,0.43746146930810687,0.882731375088102,0.7583413912871317,0.17759869143643495,0.5570537743301186,1.2148298546790146,23.99782106555361,24.006269547638837,23.971965108745007,23.949877753701596,23.997466082443413,23.985609490673394,23.930254317329485,23.961528959549398,24.03434964501626,0.09531789785414413,0.10651169035069163,0.08952729614938482,0.08355426218288309,0.09531789785414413,0.09531789785414413,0.09531789785414413,0.08653199811319212,0.09962190272984325,-23.913325983400117,-23.913325983400117,-23.913325983400117,-23.913325983400117,-22.913325983400117,-13.913325983400123,26.086674016599847,-23.913325983400117,-23.913325983400117,0.08449508215349155,0.09294356423871974,0.058639125344889464,0.036551770301478825,0.08414009904329589,0.07228350727327637,0.016928333929367767,0.048202976149280374,0.12102366161614242,92,99,84,43,92,94,80,47,261,64.59624985499977,71.082747724,63.00525526199999,32.27895099399939,57.25368968099974,63.160380499000894,53.690445852000266,29.650414500998522,214.58968968599947
26,-8.179735570047328,-8.35453651920869,0.08222237557849003,-2.125953524591321,636800.0,0.01,5.0,0.003,0.8179735570047519,0.8179735570047504,0.8179735570047544,0.817973557004758,0.9179735570047542,1.8179735570047746,5.817973557004866,1.6359471140095039,0.40898677850237597,0.0,0.0,0.0,0.0,1.0,9.999999999999995,49.999999999999964,0.0,0.0,9.999999999999766,9.999999999999785,9.999999999999735,9.999999999999691,9.999999999999766,9.999999999999766,9.999999999999766,4.999999999999883,19.99999999999953,-1.5505410935872057,-1.404946838296283,-1.7437473957021774,-2.512826550285073,-1.5594776640695422,-1.6586028830206696,-2.1128705880216114,-2.2454962842404194,-1.1079581324887602,-8.327529889309456,-8.329378816685741,-8.335848558367507,-8.389692940792024,-8.32838170443157,-8.33783011203404,-8.381129955231396,-8.374042850603514,-8.290112471306248,0.09531789894081687,0.10651167898984679,0.08952729547006187,0.08355426311492824,0.09531789894081687,0.09531789894081687,0.09531789894081687,0.08653199825797732,0.09962190629982143,8.179735570047328,8.179735570047328,8.179735570047328,8.179735570047328,9.179735570047328,18.17973557004732,58.17973557004729,8.179735570047328,8.179735570047328,-0.14779431926212894,-0.14964324663841388,-0.15611298832017972,-0.20995737074469645,-0.1486461343842418,-0.1580945419867117,-0.20139438518406827,-0.1943072805561865,-0.11037690125892041,115,107,93,55,98,110,78,51,207,84.89750064299915,80.63382876499963,71.31676027100002,45.34210637199976,67.17206017599892,80.83605933300169,48.923831177000466,35.17513317200064,174.89227997000125
27,-12.083954067280533,-12.327730934917971,0.08222237557849003,-2.964848265722107,636800.0,0.01,5.0,0.003,1.208395406728095,1.2083954067280924,1.2083954067280993,1.208395406728104,1.3083954067280985,2.2083954067281293,6.208395406728264,2.41679081345619,0.6041977033640475,0.0,0.0,0.0,0.0,1.0,9.999999999999995,49.999999999999964,0.0,0.0,9.999999999999655,9.999999999999677,9.99999999999962,9.99999999999958,9.999999999999655,9.999999999999655,9.999999999999655,4.999999999999828,19.99999999999931,-1.7194233735770517,-1.4120917976904983,-1.9770041651089123,-2.522648825647314,-1.7307277798067333,-1.8326468813773535,-2.2713575165649864,-2.5588204192874136,-0.7486423887018604,-12.247845888898084,-12.23435835608772,-12.260949903967834,-12.294732126748448,-12.24892340113722,-12.258638115657638,-12.300455091202359,-12.305373911881397,-12.158535246755855,0.09531789792795092,0.10651169354086971,0.08952729579988009,0.08355426142750118,0.09531789792795092,0.09531789792795092,0.09531789792795092,0.08653199846768637,0.09962190306194801,12.083954067280533,12.083954067280533,12.083954067280533,12.083954067280533,13.083954067280533,22.08395406728053,62.0839540672805,12.083954067280533,12.083954067280533,-0.16389182161755045,-0.15040428880718615,-0.17699583668730057,-0.2107780594679145,-0.16496933385668733,-0.17468404837710416,-0.21650102392182546,-0.22141984460086306,-0.07458117947532195,111,122,88,79,110,120,92,59,241,83.87104183299925,97.3817662750007,68.38456269200105,64.67826114400123,83.16214282500005,91.81519130000015,66.14066281300074,40.23612980699909,203.2217110549991
28,-0.7694026476310882,-0.8152102393514025,0.08222237557849003,-0.5571183196548001,636800.0,0.01,5.0,0.003,0.07694026476311092,0.07694026476311071,0.07694026476311112,0.07694026476311161,0.17694026476311359,1.0769402647631374,5.076940264763243,0.15388052952622183,0.03847013238155546,0.0,0.0,0.0,0.0,0.9999999999999997,9.999999999999993,49.99999999999996,0.0,0.0,9.999999999999728,9.999999999999755,9.999999999999702,9.999999999999638,9.999999999999728,9.999999999999728,9.999999999999728,4.999999999999864,19.999999999999456,-0.536474178309602,-0.5002499872881225,-0.3326464894234076,0.3344519548650195,-0.5507344816434424,-0.535472083483811,-0.9598868094905585,-0.38399820805973695,-0.4021209837134,-0.8205382385977956,-0.8226851155670982,-0.7991835882139774,-0.7414577613592233,-0.8218975007353287,-0.8204427210254812,-0.860897040556222,-0.8026307799285936,-0.8094627056435317,0.09531789792349853,0.10651168273857761,0.08952729558189512,0.08355426202589598,0.09531789792349853,0.09531789792349853,0.09531789792349853,0.08653199832728428,0.09962190394171307,0.7694026476310882,0.7694026476310882,0.7694026476310882,0.7694026476310882,1.7694026476310878,10.76940264763108,50.76940264763105,0.7694026476310882,0.7694026476310882,-0.05113559096670739,-0.05328246793600999,-0.02978094058288916,0.027944886271864977,-0.05249485310424051,-0.05104007339439298,-0.09149439292513373,-0.03322813229750532,-0.0400600580124435,115,111,90,70,125,113,99,58,222,45.17708354000001,46.784313990999976,36.83049483900004,31.560031623999976,49.650920678000034,44.49037396999995,37.531196550999994,22.23595543099998,98.52297035400011
29,-1.1223606669242236,-1.153194104102587,0.08222237557849003,-0.3750005635501201,636800.0,0.01,5.0,0.003,0.11223606669242542,0.11223606669242511,0.11223606669242571,0.11223606669242643,0.21223606669242812,1.1122360666924518,5.112236066692557,0.22447213338485084,0.05611803334621271,0.0,0.0,0.0,0.0,0.9999999999999997,9.999999999999993,49.99999999999996,0.0,0.0,9.999999999999728,9.999999999999755,9.999999999999702,9.999999999999638,9.999999999999728,9.999999999999728,9.999999999999728,4.999999999999864,19.999999999999456,-0.8351886864193466,-0.8355657513226292,-0.7171113691058837,-0.10856228685967141,-0.8474595376562892,-0.9493167851408248,-1.3811952667921485,-0.6326853390827244,-0.753288493447163,-1.2019690968832037,-1.2113581811363208,-1.1865617084313036,-1.1314315086866271,-1.203138728628841,-1.2128475473473406,-1.254013296376737,-1.1771081936274272,-1.1974047008588147,0.09531789792349853,0.10651168273857761,0.08952729558189512,0.08355426202589598,0.09531789792349853,0.09531789792349853,0.09531789792349853,0.08653199832728428,0.09962190394171307,1.1223606669242236,1.1223606669242236,1.1223606669242236,1.1223606669242236,2.1223606669242234,11.122360666924216,51.12236066692418,1.1223606669242236,1.1223606669242236,-0.0796084299589801,-0.08899751421209712,-0.06420104150707995,-0.00907084176240347,-0.08077806170461743,-0.09048688042311692,-0.13165262945251333,-0.0547475267032036,-0.07504403393459103,117,105,97,76,145,104,108,61,237,45.232673850999845,43.181649161999985,40.731261238,34.92719637999994,62.09655800899998,40.389781459999995,42.026850619000015,24.15999652000005,105.21696413699988
30,1.8845533336214066,2.039409941404377,0.08222237557849003,1.8833876629500121,636800.0,0.01,5.0,0.003,-0.18845533336214504,-0.18845533336214476,-0.18845533336214568,-0.18845533336214648,-0.08845533336214277,0.8115446666378775,4.8115446666379675,-0.3769106667242901,-0.09422766668107252,0.0,0.0,0.0,0.0,0.9999999999999996,9.999999999999993,49.99999999999996,0.0,0.0,9.999999999999767,9.999999999999783,9.999999999999734,9.999999999999691,9.999999999999767,9.999999999999767,9.999999999999767,4.999999999999884,19.999999999999535,0.5434710541923343,0.4635631023364884,0.630054194217683,0.8445758154802868,0.5376084797844383,0.43858203333811185,-0.011417040948265815,0.9132340195213714,0.31126948847146346,1.936355852154204,1.933928222559893,1.9409603821745165,1.9551212430315492,1.935797043884523,1.9263580511585967,1.8834650852763477,1.9635772983375774,1.915562592194753,0.09531789804294594,0.1065116888933202,0.0895272963354344,0.08355426252646432,0.09531789804294594,0.09531789804294594,0.09531789804294594,0.0865319984001335,0.09962190231243696,-1.8845533336214066,-1.8845533336214066,-1.8845533336214066,-1.8845533336214066,-0.8845533336214071,8.115446666378586,48.11544666637855,-1.8845533336214066,-1.8845533336214066,0.05180251853279727,0.049374888938486405,0.05640704855310985,0.07056790941014257,0.05124371026311625,0.04180471753719006,-0.0010882483450589397,0.07902396471617079,0.031009258573346354,107,106,96,43,103,98,89,50,212,41.41446123900005,46.782952456999965,39.74290173299994,19.418258754999897,42.873903231999975,39.91842517800001,35.40003245799994,19.091686621999997,99.20727578700007
31,11.09007351339394,10.961322633052632,0.08222237557849003,-1.565886164629251,636800.0,0.01,5.0,0.003,-1.109007351339424,-1.1090073513394212,-1.109007351339427,-1.109007351339434,-1.0090073513394213,-0.1090073513393976,3.8909926486607076,-2.218014702678848,-0.554503675669712,0.0,0.0,0.0,0.0,0.9999999999999997,9.999999999999993,49.99999999999996,0.0,0.0,9.999999999999728,9.999999999999755,9.999999999999702,9.999999999999638,9.999999999999728,9.999999999999728,9.999999999999728,4.999999999999864,19.999999999999456,-0.9473023469661682,-0.9165893648769117,-0.9681751756159052,-1.089501019481483,-0.958008914269043,-1.0723142737869695,-1.5492625059633176,-0.8558727299436142,-1.3020687704044203,10.999778644983127,10.992446037760615,11.00339540827152,10.999041059734703,10.998758117493841,10.987862770903202,10.942401067993824,11.01601313575809,10.960358943423206,0.09531789792349853,0.10651168273857761,0.08952729558189512,0.08355426202589598,0.09531789792349853,0.09531789792349853,0.09531789792349853,0.08653199832728428,0.09962190394171307,-11.09007351339394,-11.09007351339394,-11.09007351339394,-11.09007351339394,-10.09007351339394,-1.0900735133939463,38.90992648660602,-11.09007351339394,-11.09007351339394,-0.0902948684108118,-0.09762747563332397,-0.08667810512241836,-0.09103245365923662,-0.0913153959000983,-0.1022107424907368,-0.14767244540011504,-0.07406037763584905,-0.1297145699707336,106,103,79,45,111,112,80,53,231,43.040542727,45.861027134000096,34.58209318399997,20.303762222000046,46.608557157000064,47.32730786000002,30.429225473999963,20.528438645999927,110.27567275399997
32,5.541480637016473,5.4556138902201265,0.08222237557849003,-1.0443233510612666,636800.0,0.01,5.0,0.003,-0.5541480637016624,-0.5541480637016609,-0.5541480637016639,-0.5541480637016674,-0.45414806370165967,0.44585193629836406,4.445851936298469,-1.1082961274033247,-0.2770740318508312,0.0,0.0,0.0,0.0,0.9999999999999997,9.999999999999993,49.99999999999996,0.0,0.0,9.999999999999728,9.999999999999755,9.999999999999702,9.999999999999638,9.999999999999728,9.999999999999728,9.999999999999728,4.999999999999864,19.999999999999456,-1.458255990369835,-1.2999567475260898,-1.6139101627599577,-2.1854214195121573,-1.46870460560336,-1.5662722809627616,-1.9950418551993447,-1.9296688519867238,-1.1537087822322158,5.402482741380071,5.403020056350101,5.396991624832438,5.358879363093549,5.4014868013398,5.39218685561926,5.351317441109475,5.3745025351441456,5.426545971536225,0.09531789792349853,0.10651168273857761,0.08952729558189512,0.08355426202589598,0.09531789792349853,0.09531789792349853,0.09531789792349853,0.08653199832728428,0.09962190394171307,-5.541480637016473,-5.541480637016473,-5.541480637016473,-5.541480637016473,-4.541480637016473,4.45851936298352,44.45851936298348,-5.541480637016473,-5.541480637016473,-0.1389978956364022,-0.13846058066637212,-0.1444890121840352,-0.18260127392292436,-0.13999383567667323,-0.14929378139721372,-0.19016319590699826,-0.16697810187232776,-0.11493466548024855,106,110,83,74,114,94,88,54,170,40.876928417000045,44.386036602999866,33.799930497000105,34.55111712899998,46.05760741900008,35.298019263000015,32.611711889999924,20.97596912799986,72.88914168199994
33,-0.014857557092446072,0.14139475820805408,0.08222237557849003,1.9003624524487333,636800.0,0.01,5.0,0.003,0.0014857557092446585,0.0014857557092446546,0.001485755709244663,0.001485755709244669,0.10148575570924806,1.0014857557092784,5.001485755709413,0.002971511418489317,0.0007428778546223293,0.0,0.0,0.0,0.0,0.9999999999999997,9.999999999999993,49.99999999999996,0.0,0.0,9.999999999999655,9.99999999999968,9.999999999999623,9.999999999999584,9.999999999999655,9.999999999999655,9.999999999999655,4.999999999999828,19.99999999999931,-0.3137149848565116,-0.27378748699723654,-0.17205415392698672,0.3740980746818912,-0.3107253966278748,-0.4140420457913868,-0.8516969772851042,0.4311508428901134,-0.650854176491872,-0.04476020999600161,-0.04401912101011374,-0.030261100285150666,0.016399931742885787,-0.04447524873039177,-0.05432317454913449,-0.09603952263487167,0.022450786888468355,-0.07969688786372353,0.09531789792327755,0.10651167530516838,0.08952729615142727,0.08355426277430378,0.09531789792327755,0.09531789792327755,0.09531789792327755,0.08653199824643074,0.09962190166891735,0.014857557092446072,0.014857557092446072,0.014857557092446072,0.014857557092446072,1.0148575570924456,10.014857557092439,50.014857557092405,0.014857557092446072,0.014857557092446072,-0.029902652903555538,-0.029161563917667666,-0.015403543192704594,0.03125748883533186,-0.029617691637945698,-0.03946561745668842,-0.0811819655424256,0.03730834398091443,-0.06483933077127746,115,156,107,85,116,110,90,60,399,48.55780641000001,70.832549083,47.14082321199999,41.11378217200013,48.453624723000075,44.62864897999998,33.80334499499986,24.091962413000147,197.8189281320001
34,-5.142115954790752,-4.902776952344794,0.08222237557849003,2.9108743302786575,636800.0,0.01,5.0,0.003,0.5142115954790893,0.514211595479088,0.5142115954790905,0.5142115954790938,0.6142115954790921,1.5142115954791164,5.514211595479224,1.0284231909581787,0.2571057977395447,0.0,0.0,0.0,0.0,1.0,9.999999999999995,49.999999999999964,0.0,0.0,9.999999999999725,9.99999999999975,9.999999999999703,9.999999999999638,9.999999999999725,9.999999999999725,9.999999999999725,4.999999999999862,19.99999999999945,0.29878404370328016,0.23218494628770853,0.42117054189514475,0.889418923648549,0.29034869974950644,0.19403852069072042,-0.2695169936260578,0.8068542166059444,-0.03410011799669979,-5.113636487832594,-5.117385543687663,-5.104409694957108,-5.067801212853803,-5.114440527085945,-5.1236206108957845,-5.167805748059156,-5.072297247241785,-5.145513073428895,0.09531789785414413,0.10651169035069163,0.08952729614938482,0.08355426218288309,0.09531789785414413,0.09531789785414413,0.09531789785414413,0.08653199811319212,0.09962190272984325,5.142115954790752,5.142115954790752,5.142115954790752,5.142115954790752,6.142115954790752,15.142115954790746,55.14211595479072,5.142115954790752,5.142115954790752,0.028479466958157396,0.02473041110308838,0.03770625983364351,0.07431474193694854,0.02767542770480702,0.01849534389496732,-0.025689793268404593,0.06981870754896669,-0.0033971186381434038,119,125,104,90,104,104,91,68,344,85.84971419499925,90.49792419799996,81.92256372699921,79.44253432699952,79.34095684800013,73.83577481200155,62.95122459999948,55.77289257600023,285.40803015799975
35,17.995866917133394,17.691198101560918,0.08222237557849003,-3.705424629596571,636800.0,0.01,5.0,0.003,-1.799586691713389,-1.7995866917133845,-1.799586691713393,-1.7995866917134047,-1.6995866917133862,-0.7995866917133619,3.2004133082867456,-3.599173383426778,-0.8997933458566945,0.0,0.0,0.0,0.0,1.0,9.999999999999995,49.999999999999964,0.0,0.0,9.999999999999725,9.99999999999975,9.999999999999703,9.999999999999638,9.999999999999725,9.999999999999725,9.999999999999725,4.999999999999862,19.99999999999945,2.5388384619756907,2.329801290361916,2.5925676089589387,2.499403735783834,2.526022206212585,2.4479376162322097,1.9814771302743897,2.371558481807808,3.0026337722130267,18.237863662320166,18.244017990751065,18.227972485247964,18.204702752173954,18.236642043762465,18.229199184790733,18.18473715183721,18.201082611206512,18.294995006722143,0.09531789785414413,0.10651169035069163,0.08952729614938482,0.08355426218288309,0.09531789785414413,0.09531789785414413,0.09531789785414413,0.08653199811319212,0.09962190272984325,-17.995866917133394,-17.995866917133394,-17.995866917133394,-17.995866917133394,-16.995866917133394,-7.9958669171334,32.00413308286657,-17.995866917133394,-17.995866917133394,0.24199674518677128,0.2481510736176702,0.2321055681145694,0.20883583504055991,0.24077512662907097,0.23333226765733883,0.18887023470381692,0.20521569407311802,0.2991280895887485,99,89,96,44,105,99,98,47,274,67.5959324309988,62.94889410599899,76.13359127600052,37.58427756899982,76.40646012999969,69.48814679000134,70.46514820199991,32.818818198999,227.9828643689998
36,-0.5801142765714008,-0.8170961035841677,0.08222237557849003,-2.882206033886025,636800.0,0.01,5.0,0.003,0.05801142765714168,0.05801142765714153,0.058011427657141804,0.058011427657142185,0.15801142765714443,1.0580114276571686,5.058011427657275,0.11602285531428336,0.02900571382857084,0.0,0.0,0.0,0.0,1.0,9.999999999999995,49.999999999999964,0.0,0.0,9.999999999999725,9.99999999999975,9.999999999999703,9.999999999999638,9.999999999999725,9.999999999999725,9.999999999999725,4.999999999999862,19.99999999999945,-1.0982897067143875,-1.1672772046648323,-1.0430977310109915,-1.1528912656200503,-1.1091030252878036,-1.1189848295080047,-1.6499790826033822,-1.4376985623747887,-0.8421822944106476,-0.6848009426502607,-0.7044429447480823,-0.6734999960483732,-0.6764432556473744,-0.6858316454455059,-0.6867735582507817,-0.7373868142284644,-0.704521205858155,-0.6640140791859745,0.09531789785414413,0.10651169035069163,0.08952729614938482,0.08355426218288309,0.09531789785414413,0.09531789785414413,0.09531789785414413,0.08653199811319212,0.09962190272984325,0.5801142765714008,0.5801142765714008,0.5801142765714008,0.5801142765714008,1.580114276571401,10.580114276571395,50.580114276571365,0.5801142765714008,0.5801142765714008,-0.1046866660788599,-0.12432866817668153,-0.09338571947697238,-0.0963289790759736,-0.1057173688741051,-0.10665928167938088,-0.15727253765706362,-0.12440692928675423,-0.08389980261457375,119,148,105,45,133,134,119,56,245,86.65486196200072,116.07865297799981,80.056102681001,38.88846866000131,109.107235690999,102.9818792850001,86.66430312199918,41.01949819299989,196.4912044749999
37,-11.431108371653018,-11.585232532663213,0.08222237557849003,-1.874479543139287,636800.0,0.01,5.0,0.003,1.1431108371653411,1.1431108371653387,1.1431108371653453,1.1431108371653498,1.2431108371653445,2.143110837165375,6.14311083716551,2.2862216743306822,0.5715554185826706,0.0,0.0,0.0,0.0,1.0,9.999999999999995,49.999999999999964,0.0,0.0,9.999999999999655,9.999999999999677,9.99999999999962,9.99999999999958,9.999999999999655,9.999999999999655,9.999999999999655,4.999999999999828,19.99999999999931,-0.37483512617877285,-0.4216544486497862,-0.29520350149071733,-0.5018851991336489,-0.3842423363861555,-0.4815775370774761,-0.9373048108294741,-0.8570682080334155,0.01991318000515941,-11.466836867949937,-11.476019501067748,-11.457537142852138,-11.473043018788024,-11.46773354345227,-11.477011330176563,-11.520450295939039,-11.505272196517268,-11.429124582764889,0.09531789792795092,0.10651169354086971,0.08952729579988009,0.08355426142750118,0.09531789792795092,0.09531789792795092,0.09531789792795092,0.08653199846768637,0.09962190306194801,11.431108371653018,11.431108371653018,11.431108371653018,11.431108371653018,12.431108371653018,21.43110837165301,61.43110837165298,11.431108371653018,11.431108371653018,-0.03572849629691888,-0.04491112941473041,-0.026428771199119794,-0.041934647135006387,-0.036625171799252954,-0.04590295852354487,-0.08934192428602117,-0.07416382486425022,0.001983788888129112,104,111,78,57,113,96,110,62,248,70.35451250299957,84.37288538400026,57.70411200200033,46.68986365899946,86.99028879199977,66.99751017600101,83.51537598100003,45.43010849500024,199.7371634659994
38,2.8034807317462365,2.680452928435939,0.08222237557849003,-1.4962813035346347,636800.0,0.01,5.0,0.003,-0.2803480731746313,-0.2803480731746305,-0.280348073174632,-0.2803480731746338,-0.1803480731746286,0.7196519268253952,4.719651926825501,-0.5606961463492626,-0.14017403658731564,0.0,0.0,0.0,0.0,0.9999999999999997,9.999999999999993,49.99999999999996,0.0,0.0,9.999999999999728,9.999999999999755,9.999999999999702,9.999999999999638,9.999999999999728,9.999999999999728,9.999999999999728,4.999999999999864,19.999999999999456,0.3207266891260627,0.603735375555549,-0.06279428362543832,-0.8140897994690423,0.3099226482467596,0.1955925156598161,-0.24746730601066064,-0.32594469238577894,0.7302353201393812,2.834051725561696,2.867785602525465,2.7978589293552485,2.735460059328791,2.8330219070960014,2.822124199188499,2.779892668332509,2.775276086169923,2.876228164664008,0.09531789792349853,0.10651168273857761,0.08952729558189512,0.08355426202589598,0.09531789792349853,0.09531789792349853,0.09531789792349853,0.08653199832728428,0.09962190394171307,-2.8034807317462365,-2.8034807317462365,-2.8034807317462365,-2.8034807317462365,-1.803480731746237,7.196519268253756,47.196519268253724,-2.8034807317462365,-2.8034807317462365,0.03057099381545969,0.06430487077922864,-0.005621802390987973,-0.06802067241744547,0.02954117534976497,0.01864346744226264,-0.023588063413727323,-0.028204645576313414,0.07274743291777153,135,124,109,56,144,107,100,56,241,55.16961650500002,53.95462055600001,48.6163740049999,26.501040038999918,62.1698403580001,43.97906716600005,40.691358758000206,22.835519614000077,109.998429171
39,12.403438252024001,12.151971158133719,0.08222237557849003,-3.0583778700267534,636800.0,0.01,5.0,0.003,-1.2403438252024428,-1.2403438252024397,-1.2403438252024468,-1.2403438252024517,-1.1403438252024394,-0.2403438252024091,3.759656174797725,-2.4806876504048856,-0.6201719126012214,0.0,0.0,0.0,0.0,0.9999999999999997,9.999999999999993,49.99999999999996,0.0,0.0,9.999999999999655,9.99999999999968,9.999999999999623,9.999999999999584,9.999999999999655,9.999999999999655,9.999999999999655,4.999999999999828,19.99999999999931,-1.775257009782592,-1.570195500944534,-1.9617721585745427,-2.4441075319969823,-1.7826743744101128,-1.9237176939900498,-2.481933198311753,-2.4037734981705055,-1.497517184442303,12.234224485577961,12.23619409866176,12.227806095001673,12.19922264904687,12.233517477973535,12.220073525235055,12.166865596774928,12.195434927895494,12.254252742327976,0.09531789792327755,0.10651167530516838,0.08952729615142727,0.08355426277430378,0.09531789792327755,0.09531789792327755,0.09531789792327755,0.08653199824643074,0.09962190166891735,-12.403438252024001,-12.403438252024001,-12.403438252024001,-12.403438252024001,-11.403438252024001,-2.4034382520240083,37.596561747975954,-12.403438252024001,-12.403438252024001,-0.16921376644604003,-0.1672441533622404,-0.17563215702232782,-0.20421560297713093,-0.1699207740504658,-0.18336472678894644,-0.23657265524907345,-0.20800332412850686,-0.14918550969602506,108,116,78,56,110,109,116,58,250,44.9662109599999,50.823804121999956,33.88790713000003,27.237513827000157,45.431287700999974,44.43759219200001,49.19168360899994,23.281887935999976,119.21576210100011
40,-0.617658354625019,-0.2958932205039626,0.08222237557849003,3.913352440345112,636800.0,0.01,5.0,0.003,0.06176583546250379,0.061765835462503596,0.06176583546250399,0.06176583546250443,0.16176583546250686,1.0617658354625341,5.061765835462654,0.12353167092500758,0.030882917731251895,0.0,0.0,0.0,0.0,1.0,9.999999999999995,49.999999999999964,0.0,0.0,9.999999999999693,9.999999999999725,9.99999999999966,9.99999999999959,9.999999999999693,9.999999999999693,9.999999999999693,4.999999999999846,19.999999999999385,1.6102446837356774,1.611642575501681,1.5599133916257981,1.1459186148863734,1.6002158280645504,1.4988378085832004,1.053749773271004,1.6607775327115948,1.6256655098555055,-0.46417321502150993,-0.4459996258253414,-0.4780035271125467,-0.5219119705572494,-0.4651291444701794,-0.47479228425880077,-0.5172171405093791,-0.47394795578715526,-0.4557064616873772,0.09531789867328243,0.10651166171025399,0.08952729572179578,0.08355426190302666,0.09531789867328243,0.09531789867328243,0.09531789867328243,0.08653199842077823,0.09962190374084798,0.617658354625019,0.617658354625019,0.617658354625019,0.617658354625019,1.617658354625019,10.617658354625014,50.617658354624986,0.617658354625019,0.617658354625019,0.153485139603509,0.17165872879967753,0.13965482751247227,0.09574638406776959,0.15252921015483956,0.14286607036621818,0.10044121411563989,0.14371039883786368,0.16195189293764173,119,114,117,69,112,97,100,58,220,86.8648203899993,85.27369445899967,90.83189280599981,63.5722545769986,87.69137375299943,68.15888203699978,72.16147280699988,43.90535451799951,185.1328058070012
41,-11.687862620090264,-11.435181151207782,0.08222237557849003,3.0731472680605134,636800.0,0.01,5.0,0.003,1.168786262009054,1.1687862620090517,1.1687862620090574,1.1687862620090625,1.2687862620090562,2.1687862620090765,6.168786262009167,2.337572524018108,0.584393131004527,0.0,0.0,0.0,0.0,1.0,9.999999999999995,49.999999999999964,0.0,0.0,9.999999999999766,9.999999999999785,9.999999999999735,9.999999999999691,9.999999999999766,9.999999999999766,9.999999999999766,4.999999999999883,19.99999999999953,2.070855955203753,1.887612947973611,2.2660775430971785,2.7775769291301367,2.0569696812859437,1.9308238536014612,1.3283065856195004,2.5305629282532887,1.9058668929273839,-11.490472981431164,-11.48680979571862,-11.484986826331331,-11.45578422653177,-11.491796591885127,-11.503820547140162,-11.561251227199763,-11.468887953190949,-11.49799652706312,0.09531789894081687,0.10651167898984679,0.08952729547006187,0.08355426311492824,0.09531789894081687,0.09531789894081687,0.09531789894081687,0.08653199825797732,0.09962190629982143,11.687862620090264,11.687862620090264,11.687862620090264,11.687862620090264,12.687862620090264,21.687862620090257,61.68786262009023,11.687862620090264,11.687862620090264,0.1973896386591001,0.20105282437164362,0.20287579375893294,0.2320783935584938,0.19606602820513785,0.18404207295010266,0.12661139289050105,0.21897466689931555,0.18986609302714363,104,121,82,55,108,115,86,56,220,74.31485172000066,97.11081426499914,62.785398576999796,46.24669457900018,76.4693215260013,83.85378464399946,57.91712761300005,36.818942550999054,170.5333873969994
42,-25.60441459406172,-25.40067232098419,0.08222237557849003,2.477941942738406,636800.0,0.01,5.0,0.003,2.5604414594062317,2.5604414594062272,2.56044145940624,2.5604414594062512,2.660441459406234,3.560441459406254,7.560441459406344,5.120882918812463,1.2802207297031158,0.0,0.0,0.0,0.0,0.9999999999999996,9.999999999999993,49.99999999999996,0.0,0.0,9.999999999999767,9.999999999999783,9.999999999999734,9.999999999999691,9.999999999999767,9.999999999999767,9.999999999999767,4.999999999999884,19.999999999999535,-1.5058835997616706,-1.4152379525620455,-1.4643139603216382,-1.2652557598807104,-1.5183942824147743,-1.6470042243973313,-2.209747182803252,-1.0593359340766277,-1.9341534543215892,-25.747952253488346,-25.755153978575027,-25.735510663915548,-25.710132105985913,-25.749144745461923,-25.761403574799125,-25.815043050732847,-25.696081049414442,-25.797098640545407,0.09531789804294594,0.1065116888933202,0.0895272963354344,0.08355426252646432,0.09531789804294594,0.09531789804294594,0.09531789804294594,0.0865319984001335,0.09962190231243696,25.60441459406172,25.60441459406172,25.60441459406172,25.60441459406172,26.60441459406172,35.60441459406171,75.60441459406168,25.60441459406172,25.60441459406172,-0.14353765942662733,-0.15073938451330804,-0.13109606985382882,-0.10571751192419399,-0.1447301514002035,-0.15698898073740608,-0.2106284566711274,-0.09166645535272266,-0.19268404648368787,76,93,82,53,79,88,82,49,197,26.39262655099992,36.036816284,33.58133731900011,24.197835361999978,27.897265195000045,32.117869896,28.685918066999875,18.06680482999991,85.21540312100001
43,-5.0412013105653095,-5.19878214243616,0.08222237557849003,-1.9165200562762015,636800.0,0.01,5.0,0.003,0.5041201310565446,0.5041201310565433,0.504120131056546,0.5041201310565492,0.6041201310565474,1.504120131056571,5.504120131056677,1.0082402621130893,0.2520600655282723,0.0,0.0,0.0,0.0,0.9999999999999997,9.999999999999993,49.99999999999996,0.0,0.0,9.999999999999728,9.999999999999755,9.999999999999702,9.999999999999638,9.999999999999728,9.999999999999728,9.999999999999728,4.999999999999864,19.999999999999456,1.27661089287813,1.2145040890907832,1.1851978527140017,0.6767682797481813,1.2642677458429847,1.159595151574987,0.5989811889046294,0.6744854126144304,1.5830148801028407,-4.919517443789926,-4.911842436343367,-4.935093752082356,-4.984654436388415,-4.920693966619076,-4.930671138274901,-4.984107682743202,-4.98283673996918,-4.883498354241402,0.09531789792349853,0.10651168273857761,0.08952729558189512,0.08355426202589598,0.09531789792349853,0.09531789792349853,0.09531789792349853,0.08653199832728428,0.09962190394171307,5.0412013105653095,5.0412013105653095,5.0412013105653095,5.0412013105653095,6.0412013105653095,15.041201310565302,55.04120131056527,5.0412013105653095,5.0412013105653095,0.1216838667753839,0.1293588742219427,0.10610755848295383,0.05654687417689441,0.12050734394623319,0.1105301722904084,0.05709362782210725,0.05836457059612954,0.15770295632390763,112,111,118,50,136,104,88,53,198,47.76703663199987,46.16241766799999,54.26707387500005,23.163559980999935,59.28268464299981,42.46965131999991,33.70567469700018,20.647293984000044,91.93357400699983
44,20.69904926510717,20.52240210388002,0.08222237557849003,-2.148407413241461,636800.0,0.01,5.0,0.003,-2.069904926510773,-2.069904926510768,-2.069904926510779,-2.0699049265107923,-1.9699049265107706,-1.0699049265107468,2.9300950734893583,-4.139809853021546,-1.0349524632553866,0.0,0.0,0.0,0.0,0.9999999999999997,9.999999999999993,49.99999999999996,0.0,0.0,9.999999999999728,9.999999999999755,9.999999999999702,9.999999999999638,9.999999999999728,9.999999999999728,9.999999999999728,4.999999999999864,19.999999999999456,-0.5463080362016646,-0.7467315521981867,-0.23139338324405864,0.9639621790778938,-0.5590372578532834,-0.6748695836101686,-1.2664530990914304,-0.17368410040666477,-0.6904950647955855,20.646976331477713,20.61951363092855,20.678333241289785,20.7795924136009,20.64576300882768,20.634722115024942,20.578333617883075,20.684020032821305,20.630260832089878,0.09531789792349853,0.10651168273857761,0.08952729558189512,0.08355426202589598,0.09531789792349853,0.09531789792349853,0.09531789792349853,0.08653199832728428,0.09962190394171307,-20.69904926510717,-20.69904926510717,-20.69904926510717,-20.69904926510717,-19.69904926510717,-10.699049265107178,29.300950734892787,-20.69904926510717,-20.69904926510717,-0.052072933629457197,-0.07953563417861886,-0.020716023817385576,0.08054314849372801,-0.053286256279491795,-0.064327150082228,-0.12071564722409533,-0.01502923228586539,-0.06878843301729276,119,99,81,74,99,111,123,50,226,50.632979803000126,42.64065678899988,34.90160592099983,36.012892126999986,39.90352982600007,45.89678854999988,53.371665033,20.3063591130001,107.79335696999988
45,-2.257119555559472,-2.1209990610854637,0.08222237557849003,1.6555164396103697,636800.0,0.01,5.0,0.003,0.22571195555595341,0.22571195555595286,0.2257119555559539,0.22571195555595538,0.32571195555595617,1.2257119555559803,5.225711955556087,0.45142391111190683,0.11285597777797671,0.0,0.0,0.0,0.0,1.0,9.999999999999995,49.999999999999964,0.0,0.0,9.999999999999725,9.99999999999975,9.999999999999703,9.999999999999638,9.999999999999725,9.999999999999725,9.999999999999725,4.999999999999862,19.99999999999945,0.6466333642079364,0.3842580815953749,0.972376515535071,2.00411057430498,0.6355855924086024,0.5195729196909581,0.0906169908498609,1.2663883926613597,0.5889561734874428,-2.1954838226008184,-2.2161915777578347,-2.170065315284457,-2.0896675751905054,-2.1965368729847032,-2.20759495707259,-2.248482134481795,-2.147536437555131,-2.1984466209321654,0.09531789785414413,0.10651169035069163,0.08952729614938482,0.08355426218288309,0.09531789785414413,0.09531789785414413,0.09531789785414413,0.08653199811319212,0.09962190272984325,2.257119555559472,2.257119555559472,2.257119555559472,2.257119555559472,3.257119555559472,12.257119555559466,52.257119555559434,2.257119555559472,2.257119555559472,0.061635732958653655,0.04092797780163737,0.08705424027501518,0.1674519803689667,0.06058268257476884,0.049524598486882176,0.008637421077676954,0.10958311800434117,0.058672934627306716,103,109,127,65,115,117,109,71,340,70.94578090399955,78.84238490399912,104.2392573950001,55.998262037999666,82.5919464210001,84.80676186799974,76.67116055000042,56.09808740799963,297.00015552900004
46,-10.08192725110729,-10.019611157136692,0.08222237557849003,0.7578970265960049,636800.0,0.01,5.0,0.003,1.0081927251107563,1.0081927251107536,1.0081927251107592,1.0081927251107656,1.108192725110759,2.0081927251107827,6.008192725110888,2.0163854502215126,0.5040963625553782,0.0,0.0,0.0,0.0,0.9999999999999997,9.999999999999993,49.99999999999996,0.0,0.0,9.999999999999728,9.999999999999755,9.999999999999702,9.999999999999638,9.999999999999728,9.999999999999728,9.999999999999728,4.999999999999864,19.999999999999456,-1.4122041121164692,-1.4914442561500019,-1.269839297678585,-1.118139806360304,-1.4275769459054386,-1.5357048657309165,-1.956780874685903,-1.4173515929273932,-1.527773290502641,-10.216535578513152,-10.240783488540613,-10.195612529252067,-10.175352597469503,-10.218000884715044,-10.22830741073965,-10.268443490779255,-10.204573516775657,-10.234126935098459,0.09531789792349853,0.10651168273857761,0.08952729558189512,0.08355426202589598,0.09531789792349853,0.09531789792349853,0.09531789792349853,0.08653199832728428,0.09962190394171307,10.08192725110729,10.08192725110729,10.08192725110729,10.08192725110729,11.08192725110729,20.08192725110728,60.081927251107246,10.08192725110729,10.08192725110729,-0.13460832740586248,-0.1588562374333229,-0.1136852781447768,-0.09342534636221345,-0.13607363360775437,-0.1463801596323595,-0.18651623967196507,-0.1226462656683669,-0.152199683991169,90,119,72,48,86,99,102,50,184,34.088322944999845,51.91057954799999,30.732916068999884,22.749562921999996,33.70597951100012,40.665943982000044,41.95482576900008,19.917937921999965,85.32538890899991
47,-9.650867787176765,-9.753068399896305,0.08222237557849003,-1.242978106634481,636800.0,0.01,5.0,0.003,0.965086778717703,0.9650867787177007,0.9650867787177051,0.9650867787177114,1.0650867787177059,1.9650867787177297,5.965086778717837,1.930173557435406,0.4825433893588515,0.0,0.0,0.0,0.0,1.0,9.999999999999995,49.999999999999964,0.0,0.0,9.999999999999725,9.99999999999975,9.999999999999703,9.999999999999638,9.999999999999725,9.999999999999725,9.999999999999725,4.999999999999862,19.99999999999945,-0.3310656007439413,-0.10437794084515874,-0.5481073396470594,-1.0806053971179577,-0.344762272760478,-0.44076492299016334,-0.8701851782627773,-1.0167657264980412,0.2932177909188568,-9.682424264291496,-9.661985258091507,-9.699938355294998,-9.741156973843797,-9.68372980227571,-9.69288057308403,-9.733812009112606,-9.738850557103651,-9.621656872931187,0.09531789785414413,0.10651169035069163,0.08952729614938482,0.08355426218288309,0.09531789785414413,0.09531789785414413,0.09531789785414413,0.08653199811319212,0.09962190272984325,9.650867787176765,9.650867787176765,9.650867787176765,9.650867787176765,10.650867787176765,19.650867787176757,59.65086778717673,9.650867787176765,9.650867787176765,-0.03155647711473186,-0.011117470914742356,-0.04907056811823374,-0.09028918666703234,-0.03286201509894582,-0.04201278590726609,-0.08294422193584161,-0.08798276992688692,0.029210914245577868,102,103,82,45,92,100,99,56,217,70.98864788500032,77.34018841999932,61.89594898900032,37.30586900999879,62.91772038399904,72.03545387700069,70.26237192900044,38.466667728000175,177.45218368300084
48,2.6826955200071567,2.9355354421280277,0.08222237557849003,3.0750743984465436,636800.0,0.01,5.0,0.003,-0.26826955200072305,-0.2682695520007224,-0.2682695520007236,-0.2682695520007254,-0.1682695520007203,0.731730447999304,4.731730447999411,-0.5365391040014461,-0.13413477600036153,0.0,0.0,0.0,0.0,1.0,9.999999999999995,49.999999999999964,0.0,0.0,9.999999999999725,9.99999999999975,9.999999999999703,9.999999999999638,9.999999999999725,9.999999999999725,9.999999999999725,4.999999999999862,19.99999999999945,1.7138235314975785,1.7016217764165311,1.5057115924097044,0.6733070237829589,1.710215905712059,1.607822682969763,1.1059489892686947,1.4881792803496043,1.8529472780190532,2.8460535763224715,2.863938131750828,2.817497807656382,2.7389531916018948,2.8457097050163513,2.8359497982700446,2.788112252798164,2.8114706466864603,2.8672896535014987,0.09531789785414413,0.10651169035069163,0.08952729614938482,0.08355426218288309,0.09531789785414413,0.09531789785414413,0.09531789785414413,0.08653199811319212,0.09962190272984325,-2.6826955200071567,-2.6826955200071567,-2.6826955200071567,-2.6826955200071567,-1.6826955200071567,7.317304479992838,47.317304479992806,-2.6826955200071567,-2.6826955200071567,0.16335805631531475,0.1812426117436714,0.13480228764922542,0.056257671594738046,0.16301418500919462,0.15325427826288784,0.10541673279100738,0.12877512667930358,0.18459413349434195,93,119,85,57,115,102,81,63,308,62.647587524999835,84.7593306079998,68.52582632200028,49.51367173399922,82.28577425999902,75.84706442700008,54.15501013300127,46.536247881000236,263.9991937049999
49,-0.9304789714354427,-0.8754787402466554,0.08222237557849003,0.6689204830415497,636800.0,0.01,5.0,0.003,0.09304789714354679,0.09304789714354655,0.09304789714354704,0.09304789714354764,0.19304789714354947,1.0930478971435733,5.093047897143678,0.18609579428709358,0.046523948571773395,0.0,0.0,0.0,0.0,0.9999999999999997,9.999999999999993,49.99999999999996,0.0,0.0,9.999999999999728,9.999999999999755,9.999999999999702,9.999999999999638,9.999999999999728,9.999999999999728,9.999999999999728,4.999999999999864,19.999999999999456,-0.8376158408816055,-0.8638468110677693,-0.6408347845160552,-0.24985225085561816,-0.8524443376271968,-0.9278891331997967,-1.4675610452967358,-0.5532684217360763,-0.8921535975388126,-1.010318752655701,-1.022488748910625,-0.9878511766079716,-0.9513551918711929,-1.0117321737948561,-1.0189234131181044,-1.0703638053475397,-0.978354393579648,-1.019357011430708,0.09531789792349853,0.10651168273857761,0.08952729558189512,0.08355426202589598,0.09531789792349853,0.09531789792349853,0.09531789792349853,0.08653199832728428,0.09962190394171307,0.9304789714354427,0.9304789714354427,0.9304789714354427,0.9304789714354427,1.9304789714354422,10.930478971435436,50.9304789714354,0.9304789714354427,0.9304789714354427,-0.07983978122025825,-0.09200977747518224,-0.057372205172528945,-0.020876220435750215,-0.08125320235941347,-0.08844444168266175,-0.13988483391209705,-0.04787542214420537,-0.08887803999526533,104,132,110,85,103,98,91,58,220,40.77689203800014,55.48551458899988,48.49455467500002,41.875540738999916,42.07429901899991,38.93496368299998,35.93146716399997,23.679908107000074,104.79157033199999
50,-6.772081259237721,-6.529753478442225,0.08222237557849003,2.947224269434644,636800.0,0.01,5.0,0.003,0.6772081259237905,0.6772081259237888,0.6772081259237923,0.6772081259237966,0.7772081259237932,1.6772081259238172,5.677208125923922,1.354416251847581,0.33860406296189527,0.0,0.0,0.0,0.0,0.9999999999999997,9.999999999999993,49.99999999999996,0.0,0.0,9.999999999999728,9.999999999999755,9.999999999999702,9.999999999999638,9.999999999999728,9.999999999999728,9.999999999999728,4.999999999999864,19.999999999999456,0.7762413673238001,0.6129677639182919,0.9495434538268491,1.6760153188875162,0.7655032380234311,0.6138668807246438,0.07439844557701321,1.4489642470487432,0.2771913406241568,-6.698091563823154,-6.706793031238281,-6.687071201779111,-6.632043036123978,-6.699115099735696,-6.713568758562193,-6.764989755796544,-6.6466994874358045,-6.744466930128587,0.09531789792349853,0.10651168273857761,0.08952729558189512,0.08355426202589598,0.09531789792349853,0.09531789792349853,0.09531789792349853,0.08653199832728428,0.09962190394171307,6.772081259237721,6.772081259237721,6.772081259237721,6.772081259237721,7.772081259237721,16.772081259237716,56.77208125923768,6.772081259237721,6.772081259237721,0.0739896954145669,0.06528822799944045,0.0850100574586099,0.14003822311374314,0.07296615950202501,0.058512500675528045,0.007091503441176705,0.12538177180191656,0.027614329109134417,133,117,108,51,128,112,106,61,357,53.05333727800007,47.76419045900002,44.64422711500015,21.525221691999832,50.77826630599998,42.81085877500004,40.33238303100006,24.56248872900005,161.4593450069999
51,8.66702169807054,8.469658046956988,0.08222237557849003,-2.4003642527349145,636800.0,0.01,5.0,0.003,-0.8667021698070839,-0.866702169807082,-0.8667021698070869,-0.8667021698070904,-0.7667021698070804,0.13329783019295005,4.133297830193085,-1.7334043396141678,-0.43335108490354196,0.0,0.0,0.0,0.0,1.0,9.999999999999995,49.999999999999964,0.0,0.0,9.999999999999655,9.999999999999677,9.99999999999962,9.99999999999958,9.999999999999655,9.999999999999655,9.999999999999655,4.999999999999828,19.99999999999931,1.1278045647859298,0.9134035984013207,1.3056759945332115,1.76867123988464,1.1141731684412346,1.0104258547494058,0.5177150040105017,1.3722391400330003,1.0053929685372238,8.774521658459483,8.76430986222259,8.783915339051918,8.814801717227164,8.773222342414083,8.763333366557307,8.716369203978582,8.785764293233175,8.76718085892132,0.09531789792795092,0.10651169354086971,0.08952729579988009,0.08355426142750118,0.09531789792795092,0.09531789792795092,0.09531789792795092,0.08653199846768637,0.09962190306194801,-8.66702169807054,-8.66702169807054,-8.66702169807054,-8.66702169807054,-7.66702169807054,1.3329783019294545,41.33297830192942,-8.66702169807054,-8.66702169807054,0.10749996038894238,0.0972881641520491,0.11689364098137744,0.14778001915662387,0.10620064434354326,0.09631166848676642,0.04934750590804171,0.11874259516263486,0.10015916085077947,104,93,91,44,95,98,82,59,207,79.56295137000052,64.11661764000019,70.82665026700124,35.37311197999952,64.03085656300027,69.24724429999878,55.66485377799836,44.04994184399948,177.39837541100133
52,1.7690416017031492,1.7228998476525486,0.08222237557849003,-0.5611824485240442,636800.0,0.01,5.0,0.003,-0.17690416017031974,-0.17690416017031926,-0.1769041601703202,-0.17690416017032132,-0.07690416017031704,0.8230958398297067,4.823095839829811,-0.35380832034063947,-0.08845208008515987,0.0,0.0,0.0,0.0,0.9999999999999997,9.999999999999993,49.99999999999996,0.0,0.0,9.999999999999728,9.999999999999755,9.999999999999702,9.999999999999638,9.999999999999728,9.999999999999728,9.999999999999728,4.999999999999864,19.999999999999456,-1.302431085069993,-1.6731828878089245,-0.7956714352960291,0.3150282274759792,-1.3187862241864086,-1.4287505270365437,-1.8454135645329244,-0.5546814699595447,-1.8590140656136467,1.6448966084840562,1.590828076793228,1.6978072899293308,1.7953635527672307,1.643337671003233,1.6328561048089352,1.5931406599323603,1.7210439056724343,1.583843081032293,0.09531789792349853,0.10651168273857761,0.08952729558189512,0.08355426202589598,0.09531789792349853,0.09531789792349853,0.09531789792349853,0.08653199832728428,0.09962190394171307,-1.7690416017031492,-1.7690416017031492,-1.7690416017031492,-1.7690416017031492,-0.7690416017031495,8.230958398296844,48.230958398296806,-1.7690416017031492,-1.7690416017031492,-0.124144993219093,-0.17821352490992126,-0.07123431177381834,0.026321951064081528,-0.12570393069991614,-0.136185496894214,-0.17590094177078885,-0.04799769603071491,-0.18519852067085618,180,129,99,69,143,132,93,58,227,77.94858041399993,54.426188318000186,42.218863478,31.668552818999842,59.480829646000075,52.279216787999985,34.722562756000116,22.44458432600004,99.47799259699991
53,12.863909654460366,12.513119204554535,0.08222237557849003,-4.266362379313216,636800.0,0.01,5.0,0.003,-1.286390965446081,-1.2863909654460777,-1.286390965446085,-1.28639096544609,-1.1863909654460776,-0.2863909654460472,3.713609034554087,-2.572781930892162,-0.6431954827230405,0.0,0.0,0.0,0.0,0.9999999999999997,9.999999999999993,49.99999999999996,0.0,0.0,9.999999999999655,9.99999999999968,9.999999999999623,9.999999999999584,9.999999999999655,9.999999999999655,9.999999999999655,4.999999999999828,19.99999999999931,-1.9818311113887048,-1.7844544767609092,-2.1273701184743596,-2.3858750730178513,-1.9960216374285584,-2.112036863161517,-2.6667538734783363,-2.494468812881917,-1.5112195066125562,12.675005678883842,12.673844418634754,12.673451959840015,12.664559621662772,12.673653067771298,12.662594740327338,12.609720280961653,12.648058283518292,12.71335909337246,0.09531789792327755,0.10651167530516838,0.08952729615142727,0.08355426277430378,0.09531789792327755,0.09531789792327755,0.09531789792327755,0.08653199824643074,0.09962190166891735,-12.863909654460366,-12.863909654460366,-12.863909654460366,-12.863909654460366,-11.863909654460366,-2.8639096544603735,37.13609034553959,-12.863909654460366,-12.863909654460366,-0.18890397557652427,-0.19006523582561208,-0.1904576946203509,-0.19935003279759478,-0.19025658668906864,-0.20131491413302882,-0.25418937349871307,-0.21585137094207418,-0.15055056108790588,91,106,90,52,91,109,95,52,221,37.039631955999994,44.42504498299991,40.80087701000002,24.474299516999963,36.96163011700014,46.31156575299997,38.50513599499982,20.600586973999953,104.41017015800003
54,-6.738214617460864,-6.7349783944029475,0.08222237557849003,0.039359396212373554,636800.0,0.01,5.0,0.003,0.6738214617461049,0.6738214617461032,0.6738214617461064,0.6738214617461108,0.7738214617461077,1.673821461746132,5.673821461746239,1.3476429234922098,0.33691073087305246,0.0,0.0,0.0,0.0,1.0,9.999999999999995,49.999999999999964,0.0,0.0,9.999999999999725,9.99999999999975,9.999999999999703,9.999999999999638,9.999999999999725,9.999999999999725,9.999999999999725,4.999999999999862,19.99999999999945,1.3989141292767502,0.9655568512582471,1.7500557837759945,1.780560478968792,1.38600974650305,1.2788950688799645,0.7615458895092584,1.947184879586081,0.9900735926931813,-6.604873063379744,-6.635371525103657,-6.581536855028807,-6.589441200368626,-6.606103082018838,-6.616313027919195,-6.665625664153377,-6.569720819134485,-6.639581602314197,0.09531789785414413,0.10651169035069163,0.08952729614938482,0.08355426218288309,0.09531789785414413,0.09531789785414413,0.09531789785414413,0.08653199811319212,0.09962190272984325,6.738214617460864,6.738214617460864,6.738214617460864,6.738214617460864,7.738214617460864,16.73821461746086,56.73821461746083,6.738214617460864,6.738214617460864,0.13334155408112025,0.10284309235720723,0.15667776243205722,0.14877341709223835,0.13211153544202592,0.12190158954166908,0.07258895330748683,0.168493798326379,0.09863301514666656,93,119,113,67,101,98,104,54,225,60.357856185000855,88.48211489800087,86.94025798999974,57.414127682999606,72.64976973699959,68.68871724100063,72.48029719499937,41.108788222998555,190.8810293280003
55,-23.012534110752785,-22.572073844134195,0.08222237557849003,5.356939197142557,636800.0,0.01,5.0,0.003,2.301253411075341,2.301253411075335,2.301253411075347,2.3012534110753617,2.4012534110753436,3.301253411075368,7.301253411075472,4.602506822150682,1.1506267055376704,0.0,0.0,0.0,0.0,0.9999999999999997,9.999999999999993,49.99999999999996,0.0,0.0,9.999999999999728,9.999999999999755,9.999999999999702,9.999999999999638,9.999999999999728,9.999999999999728,9.999999999999728,4.999999999999864,19.999999999999456,-0.532154698030906,-0.6195155464708927,-0.3827740808064355,0.2950452064445892,-0.540996206027108,-0.6584899149643918,-1.0489724238300926,0.004017330457672303,-0.8703204512749959,-23.063257977939205,-23.07851975409011,-23.04680283902623,-22.98788182626403,-23.064100731895877,-23.075299985251014,-23.112519957171987,-23.01218648312034,-23.09923709114821,0.09531789792349853,0.10651168273857761,0.08952729558189512,0.08355426202589598,0.09531789792349853,0.09531789792349853,0.09531789792349853,0.08653199832728428,0.09962190394171307,23.012534110752785,23.012534110752785,23.012534110752785,23.012534110752785,24.012534110752785,33.01253411075278,73.01253411075274,23.012534110752785,23.012534110752785,-0.05072386718642008,-0.06598564333732426,-0.03426872827344596,0.024652284488755782,-0.05156662114309185,-0.06276587449822912,-0.09998584641920161,0.00034762763244344796,-0.08670298039542601,107,102,82,51,102,94,82,50,177,41.74756640500004,41.11536385900013,33.1427220600001,22.823768019,40.10931358000016,36.511079364000125,29.177065414000026,17.741004473999965,74.12418441900013
56,4.106491983076756,3.8822791306491697,0.08222237557849003,-2.7269079839897263,636800.0,0.01,5.0,0.003,-0.4106491983076869,-0.41064919830768587,-0.4106491983076878,-0.4106491983076905,-0.31064919830768417,0.5893508016923401,4.589350801692447,-0.8212983966153738,-0.20532459915384346,0.0,0.0,0.0,0.0,1.0,9.999999999999995,49.999999999999964,0.0,0.0,9.999999999999725,9.99999999999975,9.999999999999703,9.999999999999638,9.999999999999725,9.999999999999725,9.999999999999725,4.999999999999862,19.99999999999945,-1.7309908541362542,-1.4024201200392648,-2.0921689426571732,-2.8337395191812025,-1.7431579477561074,-1.831004764852647,-2.3374659646550136,-2.2951190346762242,-1.4370075936166016,3.941497573655739,3.957117845509554,3.919185754552942,3.869720968333093,3.9403378318689,3.9319644579300803,3.883689641020231,3.9078907470986017,3.963334552363437,0.09531789785414413,0.10651169035069163,0.08952729614938482,0.08355426218288309,0.09531789785414413,0.09531789785414413,0.09531789785414413,0.08653199811319212,0.09962190272984325,-4.106491983076756,-4.106491983076756,-4.106491983076756,-4.106491983076756,-3.106491983076756,5.893508016923239,45.89350801692321,-4.106491983076756,-4.106491983076756,-0.16499440942101717,-0.14937413756720197,-0.18730622852381407,-0.23677101474366324,-0.16615415120785615,-0.1745275251466758,-0.22280234205652505,-0.19860123597815438,-0.1431574307133192,125,144,94,47,116,130,94,69,222,92.22662738299914,116.46098382500168,71.91566791700097,39.70123714200054,87.59323650100123,98.13302301600015,64.68796131099953,54.592273929998555,190.20657858400045
57,-14.473931920387539,-14.377282121453405,0.08222237557849003,1.1754683351598327,636800.0,0.01,5.0,0.003,1.4473931920388037,1.4473931920388001,1.4473931920388083,1.4473931920388141,1.5473931920388073,2.4473931920388377,6.447393192038972,2.8947863840776074,0.7236965960194018,0.0,0.0,0.0,0.0,0.9999999999999997,9.999999999999993,49.99999999999996,0.0,0.0,9.999999999999655,9.99999999999968,9.999999999999623,9.999999999999584,9.999999999999655,9.999999999999655,9.999999999999655,4.999999999999828,19.99999999999931,1.385933593562617,1.2598432393746133,1.377888863903497,1.0998387240063972,1.375929280680222,1.273921719395256,0.9006054239843101,1.250304881460631,1.195025562076848,-14.341827643587896,-14.339743906339859,-14.350573256005097,-14.382035706632553,-14.342781233662013,-14.352504379975976,-14.388088104515052,-14.365740540577484,-14.354881201350477,0.09531789792327755,0.10651167530516838,0.08952729615142727,0.08355426277430378,0.09531789792327755,0.09531789792327755,0.09531789792327755,0.08653199824643074,0.09962190166891735,14.473931920387539,14.473931920387539,14.473931920387539,14.473931920387539,15.473931920387539,24.473931920387532,64.4739319203875,14.473931920387539,14.473931920387539,0.13210427679964276,0.13418801404768033,0.12335866438244203,0.09189621375498547,0.1311506867255261,0.12142754041156323,0.08584381587248657,0.10819137981005511,0.11905071903706244,114,132,77,56,120,129,81,51,203,43.56031636800003,54.160263904999965,31.367906726,24.952777950999916,47.89060193899991,52.78811134200009,28.705027085999973,18.753433243000018,89.44195479899986
58,-0.5621309928691132,-0.6967534625852477,0.08222237557849003,-1.637297253563576,636800.0,0.01,5.0,0.003,0.056213099286912635,0.056213099286912524,0.0562130992869128,0.05621309928691305,0.15621309928691499,1.0562130992869356,5.056213099287026,0.11242619857382527,0.028106549643456318,0.0,0.0,0.0,0.0,1.0,9.999999999999995,49.999999999999964,0.0,0.0,9.999999999999766,9.999999999999785,9.999999999999735,9.999999999999691,9.999999999999766,9.999999999999766,9.999999999999766,4.999999999999883,19.99999999999953,-0.7341668322129262,-0.445602417530355,-1.1171485902724372,-1.8724515039719485,-0.7454269738420709,-0.8555613631233089,-1.3400937462305789,-1.3088049165072966,-0.23417417880778776,-0.6321102327876845,-0.609592854522206,-0.6621462847943967,-0.7185822985019285,-0.6331835258295506,-0.6436813044169682,-0.6898659131435402,-0.6753844976243547,-0.5854598709681402,0.09531789894081687,0.10651167898984679,0.08952729547006187,0.08355426311492824,0.09531789894081687,0.09531789894081687,0.09531789894081687,0.08653199825797732,0.09962190629982143,0.5621309928691132,0.5621309928691132,0.5621309928691132,0.5621309928691132,1.5621309928691132,10.562130992869108,50.56213099286908,0.5621309928691132,0.5621309928691132,-0.06997923991857136,-0.04746186165309285,-0.10001529192528358,-0.15645130563281529,-0.07105253296043745,-0.08155031154785508,-0.127734920274427,-0.11325350475524154,-0.02332887809902706,117,143,107,69,100,109,105,59,214,89.38578305200099,109.23843174499962,89.16191260899905,60.90156083799957,71.83900557800007,79.4261299310001,67.91847466999934,45.5111512149997,176.54994091300068
59,-7.056226889101897,-7.051297448435303,0.08222237557849003,0.059952544935751015,636800.0,0.01,5.0,0.003,0.7056226889102089,0.705622688910207,0.7056226889102107,0.7056226889102153,0.8056226889102116,1.7056226889102353,5.70562268891034,1.4112453778204177,0.3528113444551044,0.0,0.0,0.0,0.0,0.9999999999999997,9.999999999999993,49.99999999999996,0.0,0.0,9.999999999999728,9.999999999999755,9.999999999999702,9.999999999999638,9.999999999999728,9.999999999999728,9.999999999999728,4.999999999999864,19.999999999999456,-0.17747893556828076,-0.37096875750157826,0.03282700162954651,0.3260993024441364,-0.18881412785519158,-0.295792465760106,-0.8341585548507494,0.3675656418635097,-0.7851349878868011,-7.073143808165965,-7.095739395706829,-7.053287976423941,-7.028979902539017,-7.074224254867312,-7.084421205159758,-7.135737129085173,-7.024420699594996,-7.134443531446434,0.09531789792349853,0.10651168273857761,0.08952729558189512,0.08355426202589598,0.09531789792349853,0.09531789792349853,0.09531789792349853,0.08653199832728428,0.09962190394171307,7.056226889101897,7.056226889101897,7.056226889101897,7.056226889101897,8.056226889101897,17.05622688910189,57.05622688910185,7.056226889101897,7.056226889101897,-0.01691691906406856,-0.03951250660493244,0.002938912677955763,0.027246986562879272,-0.01799736576541555,-0.028194316057861712,-0.07951023998327678,0.031806189506900395,-0.07821664234453696,109,118,81,50,108,105,86,58,226,40.453714640000044,49.95902948999992,34.628909512000064,22.799122890000035,44.6176536349999,43.068179810999936,32.76205027900005,23.6389309650001,104.62193520799997
60,-14.686158705136451,-14.372823141794907,0.08222237557849003,3.81083082478482,636800.0,0.01,5.0,0.003,1.4686158705136796,1.4686158705136767,1.468615870513684,1.4686158705136905,1.568615870513682,2.4686158705137027,6.468615870513794,2.937231741027359,0.7343079352568398,0.0,0.0,0.0,0.0,1.0,9.999999999999995,49.999999999999964,0.0,0.0,9.999999999999766,9.999999999999785,9.999999999999735,9.999999999999691,9.999999999999766,9.999999999999766,9.999999999999766,4.999999999999883,19.99999999999953,0.300773451384823,0.15022713181991318,0.5520215057274073,1.0553211853821292,0.2969616447096196,-0.017009658081325697,-0.2830315729029017,1.1361751139652516,-0.4623286425538811,-14.657489611693272,-14.670157761096483,-14.636737712687365,-14.597982121142275,-14.657852945096721,-14.687780030006465,-14.71313667999947,-14.587843202154053,-14.732216765844678,0.09531789894081687,0.10651167898984679,0.08952729547006187,0.08355426311492824,0.09531789894081687,0.09531789894081687,0.09531789894081687,0.08653199825797732,0.09962190629982143,14.686158705136451,14.686158705136451,14.686158705136451,14.686158705136451,15.686158705136451,24.686158705136446,64.68615870513642,14.686158705136451,14.686158705136451,0.02866909344317925,0.01600094403996799,0.04942099244908604,0.08817658399417638,0.028305760039730288,-0.0016213248700136518,-0.026977974863019227,0.09831550298239833,-0.04605806070822638,115,110,67,65,108,107,76,47,310,83.86747023200041,84.21365017700009,45.06805907299895,56.4513859639992,79.3796236369999,78.10724208699867,49.216897506999885,32.38799501600079,251.9201857930002
61,17.080009116476003,17.145669448389825,0.08222237557849003,0.7985701149091982,636800.0,0.01,5.0,0.003,-1.7080009116476473,-1.7080009116476431,-1.7080009116476509,-1.7080009116476622,-1.6080009116476446,-0.7080009116476202,3.2919990883524872,-3.4160018232952947,-0.8540004558238237,0.0,0.0,0.0,0.0,1.0,9.999999999999995,49.999999999999964,0.0,0.0,9.999999999999725,9.99999999999975,9.999999999999703,9.999999999999638,9.999999999999725,9.999999999999725,9.999999999999725,4.999999999999862,19.99999999999945,0.3377088195566579,0.46354730102774194,0.18789855145449205,-0.034850657152691034,0.3250078629882862,0.21144289867124616,-0.265395077751203,0.14111881228666512,0.7362276761821455,17.112198811242948,17.12938232306597,17.09683116573811,17.07709719553102,17.110988182762114,17.100163409093533,17.05471221556392,17.09222040927453,17.15335351841964,0.09531789785414413,0.10651169035069163,0.08952729614938482,0.08355426218288309,0.09531789785414413,0.09531789785414413,0.09531789785414413,0.08653199811319212,0.09962190272984325,-17.080009116476003,-17.080009116476003,-17.080009116476003,-17.080009116476003,-16.080009116476003,-7.080009116476008,32.919990883523965,-17.080009116476003,-17.080009116476003,0.03218969476694511,0.04937320658996569,0.01682204926210673,-0.0029119209449817163,0.030979066286111134,0.02015429261752999,-0.02529690091208181,0.01221129279852562,0.07334440194363623,88,106,76,61,102,108,90,45,184,64.68469148599979,78.51342033299989,58.54702912799985,51.01872357399952,75.26690546400096,79.38365410199913,60.01337587800117,27.283773969000322,150.89080425199973
62,-6.952349443317058,-6.973049397447883,0.08222237557849003,-0.25175572932778095,636800.0,0.01,5.0,0.003,0.695234944331722,0.6952349443317208,0.6952349443317243,0.6952349443317273,0.7952349443317243,1.6952349443317445,5.695234944331834,1.390469888663444,0.347617472165861,0.0,0.0,0.0,0.0,0.9999999999999996,9.999999999999993,49.99999999999996,0.0,0.0,9.999999999999767,9.999999999999783,9.999999999999734,9.999999999999691,9.999999999999767,9.999999999999767,9.999999999999767,4.999999999999884,19.999999999999535,-0.8341120752705632,-0.9069395690120716,-0.8053831492661692,-1.048720454734352,-0.8987603772958964,-0.9629008888889561,-1.356724254362599,-0.8862336484819983,-0.8567872310938082,-7.031855253064087,-7.048949108536713,-7.024453219184975,-7.039974507508805,-7.0380173933251875,-7.044131132069637,-7.081669547466784,-7.029037011969646,-7.037704217155628,0.09531789804294594,0.1065116888933202,0.0895272963354344,0.08355426252646432,0.09531789804294594,0.09531789804294594,0.09531789804294594,0.0865319984001335,0.09962190231243696,6.952349443317058,6.952349443317058,6.952349443317058,6.952349443317058,7.952349443317058,16.95234944331705,56.95234944331702,6.952349443317058,6.952349443317058,-0.07950580974702959,-0.09659966521965568,-0.07210377586791772,-0.08762506419174709,-0.08566795000812988,-0.09178168875257953,-0.12932010414972606,-0.07668756865258874,-0.08535477383857071,119,106,79,60,128,102,133,68,232,50.19967315400004,43.02827434699998,31.171512470999915,27.027126712999916,53.42403345599996,39.431158204999974,55.13499747599985,30.075252028000023,110.03889009700015
63,7.74829181784837,7.846106368782969,0.08222237557849003,1.1896342114467913,636800.0,0.01,5.0,0.003,-0.7748291817848594,-0.7748291817848574,-0.774829181784862,-0.7748291817848676,-0.6748291817848565,0.22517081821516874,4.225170818215281,-1.5496583635697188,-0.3874145908924297,0.0,0.0,0.0,0.0,0.9999999999999997,9.999999999999993,49.99999999999996,0.0,0.0,9.999999999999712,9.999999999999737,9.999999999999677,9.999999999999606,9.999999999999712,9.999999999999712,9.999999999999712,4.999999999999856,19.999999999999424,1.3593129914714268,1.4943234998816257,1.1191759944117459,0.7251703831266514,1.3450824101005767,1.2337993626338393,0.9832435214215727,1.0470034676085356,1.8184899400454242,7.877858675171435,7.907454722922628,7.848488618546101,7.80888289402669,7.87650224606521,7.865894979877023,7.842012523714613,7.838891120071504,7.929453244588776,0.09531789818532617,0.10651167908880896,0.0895272961518403,0.08355426198885042,0.09531789818532617,0.09531789818532617,0.09531789818532617,0.08653199824645463,0.09962190207985466,-7.74829181784837,-7.74829181784837,-7.74829181784837,-7.74829181784837,-6.74829181784837,2.2517081821516225,42.25170818215159,-7.74829181784837,-7.74829181784837,0.1295668573230646,0.15916290507425757,0.10019680069773074,0.06059107617831927,0.12821042821683992,0.11760316202865262,0.09372070586624304,0.09059930222313373,0.18116142674040603,104,108,108,51,108,143,98,58,442,42.96427412700018,46.10612006600013,50.110091869000144,24.99229402800006,45.57435505800004,62.886271621000105,40.626399211000034,24.466296887,217.9314508599998
64,12.8205291216977,12.588620445030585,0.08222237557849003,-2.8205056717892143,636800.0,0.01,5.0,0.003,-1.2820529121698048,-1.2820529121698014,-1.2820529121698083,-1.2820529121698163,-1.182052912169802,-0.28205291216977835,3.7179470878303267,-2.5641058243396095,-0.6410264560849024,0.0,0.0,0.0,0.0,0.9999999999999997,9.999999999999993,49.99999999999996,0.0,0.0,9.999999999999728,9.999999999999755,9.999999999999702,9.999999999999638,9.999999999999728,9.999999999999728,9.999999999999728,4.999999999999864,19.999999999999456,-0.6415315401446842,-0.5956761730444151,-0.7302528051890643,-1.1879481828378304,-0.647829205928857,-0.6950583135389146,-1.128508381323761,-1.0526111998011527,-0.6672729185458789,12.759379683839484,12.757082650139463,12.75515156295803,12.72127098795568,12.758779403575112,12.754277624316918,12.712962075000869,12.729444571117225,12.754054123103415,0.09531789792349853,0.10651168273857761,0.08952729558189512,0.08355426202589598,0.09531789792349853,0.09531789792349853,0.09531789792349853,0.08653199832728428,0.09962190394171307,-12.8205291216977,-12.8205291216977,-12.8205291216977,-12.8205291216977,-11.8205291216977,-2.8205291216977066,37.179470878302254,-12.8205291216977,-12.8205291216977,-0.061149437858215805,-0.0634464715582368,-0.06537755873966944,-0.09925813374201908,-0.06174971812258789,-0.06625149738078129,-0.10756704669683081,-0.09108455058047404,-0.06647499859428407,106,140,92,48,106,111,89,51,211,40.5071111999996,63.31589499500001,39.02820369799997,20.723237823999852,39.69064487300011,42.938970862999895,32.32665579000013,19.1422193100002,90.94835174599984
65,4.1420928194677336,4.123548355568172,0.08222237557849003,-0.22554035649163529,636800.0,0.01,5.0,0.003,-0.4142092819467861,-0.4142092819467847,-0.41420928194678736,-0.41420928194679035,-0.31420928194678305,0.5857907180532439,4.585790718053363,-0.8284185638935722,-0.20710464097339304,0.0,0.0,0.0,0.0,0.9999999999999996,9.999999999999993,49.99999999999996,0.0,0.0,9.999999999999693,9.999999999999726,9.999999999999662,9.99999999999959,9.999999999999693,9.999999999999693,9.999999999999693,4.999999999999846,19.999999999999385,0.6793553364140485,0.6534856023921358,0.651109281306212,0.4139696029770935,0.6617703791672717,0.5861265515161721,0.15560245396764902,0.517820108929665,0.8083983367417036,4.2068475422100695,4.211696671831238,4.2003848729975894,4.176681744223306,4.205171381046809,4.197961170389495,4.156924518321956,4.186900828164976,4.222626998073551,0.09531789811815024,0.10651168458603168,0.08952729626724758,0.08355426221351518,0.09531789811815024,0.09531789811815024,0.09531789811815024,0.08653199812935208,0.09962190042401006,-4.1420928194677336,-4.1420928194677336,-4.1420928194677336,-4.1420928194677336,-3.142092819467734,5.857907180532259,45.85790718053222,-4.1420928194677336,-4.1420928194677336,0.06475472274233596,0.06960385236350408,0.05829205352985589,0.03458892475557285,0.06307856157907565,0.055868350921761234,0.01483169885422253,0.04480800869724266,0.08053417860581735,122,176,107,96,110,137,116,53,218,49.603327058000104,78.69294362599999,47.18813976899992,46.77992524199999,44.280358404000026,57.56893686600006,45.3951362480002,19.604634644000043,95.584905188
66,2.612532228033912,2.8214077271642632,0.08222237557849003,2.540372953965034,636800.0,0.01,5.0,0.003,-0.2612532228034033,-0.2612532228034026,-0.26125322280340413,-0.26125322280340557,-0.1612532228033987,0.7387467771966423,4.738746777196823,-0.5225064456068066,-0.13062661140170165,0.0,0.0,0.0,0.0,0.9999999999999996,9.999999999999993,49.99999999999996,0.0,0.0,9.999999999999538,9.999999999999565,9.999999999999506,9.999999999999451,9.999999999999538,9.999999999999538,9.999999999999538,4.999999999999769,19.999999999999076,-0.375353739950265,-0.2798760538490175,-0.4456513534529589,-1.1751027478716962,-0.38582884869437295,-0.4856251510281727,-0.8540844559406,-0.37749900987811186,-0.31023780971381454,2.5767542982999885,2.5827221557061586,2.572634267403661,2.514347385023472,2.5757558329466086,2.566243459117385,2.53112269244349,2.579866484346251,2.5816257461451597,0.09531789862721018,0.10651169300762994,0.089527295992971,0.08355426211730745,0.09531789862721018,0.09531789862721018,0.09531789862721018,0.08653199831758017,0.09962190590909173,-2.612532228033912,-2.612532228033912,-2.612532228033912,-2.612532228033912,-1.6125322280339125,7.387467771966081,47.387467771966044,-2.612532228033912,-2.612532228033912,-0.035777929733923575,-0.029810072327753456,-0.039897960630251195,-0.09818484301043995,-0.03677639508730346,-0.046288768916527,-0.08140953559042208,-0.03266574368766095,-0.030906481888752335,113,103,115,55,101,107,88,58,312,48.427735270000085,44.24170156100013,51.92596530900005,24.63658318800003,41.422119903000066,44.64723471599996,35.01154895000013,24.41833287700001,152.50712941100005
67,11.481457449060475,11.303214505127423,0.08222237557849003,-2.167815545087235,636800.0,0.01,5.0,0.003,-1.1481457449060741,-1.1481457449060724,-1.1481457449060781,-1.148145744906083,-1.0481457449060718,-0.14814574490605165,3.8518542550940382,-2.2962914898121483,-0.5740728724530371,0.0,0.0,0.0,0.0,0.9999999999999996,9.999999999999993,49.99999999999996,0.0,0.0,9.999999999999767,9.999999999999783,9.999999999999734,9.999999999999691,9.999999999999767,9.999999999999767,9.999999999999767,4.999999999999884,19.999999999999535,-0.7930995531932247,-0.5503898120382852,-1.0699932707227457,-1.489382544716315,-0.8264929424893512,-0.8863011659691937,-1.3249076581814325,-1.419097840818069,-0.5675088271569946,11.405860866711297,11.4228345006306,11.385663844435559,11.357013188916914,11.40267787903506,11.39697708488728,11.355170035981619,11.358660076969173,11.424921140119995,0.09531789804294594,0.1065116888933202,0.0895272963354344,0.08355426252646432,0.09531789804294594,0.09531789804294594,0.09531789804294594,0.0865319984001335,0.09962190231243696,-11.481457449060475,-11.481457449060475,-11.481457449060475,-11.481457449060475,-10.481457449060475,-1.481457449060482,38.518542550939486,-11.481457449060475,-11.481457449060475,-0.07559658234917777,-0.05862294842987481,-0.09579360462491593,-0.12444426014356047,-0.07877957002541436,-0.08448036417319571,-0.12628741307885605,-0.12279737209130204,-0.056536308940479785,111,122,93,49,108,102,101,55,180,47.04541424599984,50.488608673999806,38.05405182300001,21.75584191500002,41.865969710999934,38.62955325899998,38.27298473300016,20.877293619000056,77.19829076400015
68,-3.183739636469971,-3.1588619520425105,0.08222237557849003,0.30256586789701934,636800.0,0.01,5.0,0.003,0.3183739636470081,0.31837396364700726,0.3183739636470091,0.3183739636470103,0.4183739636470115,1.3183739636470417,5.3183739636471765,0.6367479272940162,0.15918698182350405,0.0,0.0,0.0,0.0,0.9999999999999997,9.999999999999993,49.99999999999996,0.0,0.0,9.999999999999655,9.99999999999968,9.999999999999623,9.999999999999584,9.999999999999655,9.999999999999655,9.999999999999655,4.999999999999828,19.99999999999931,-0.42263520719712194,-0.5080635898182283,-0.26115318670704096,0.35615717175775036,-0.43323223792983334,-0.5333077653518341,-0.9870832256914285,-0.17040682267708407,-0.5663631387254823,-3.2240243360083696,-3.2378543405830684,-3.2071199751571813,-3.153981186551971,-3.22503442270204,-3.2345734116094684,-3.277826334618206,-3.1984852793510443,-3.2401618093849804,0.09531789792327755,0.10651167530516838,0.08952729615142727,0.08355426277430378,0.09531789792327755,0.09531789792327755,0.09531789792327755,0.08653199824643074,0.09962190166891735,3.183739636469971,3.183739636469971,3.183739636469971,3.183739636469971,4.183739636469971,13.183739636469964,53.18373963646993,3.183739636469971,3.183739636469971,-0.04028469953839853,-0.05411470411309738,-0.023380338687210234,0.02975844991799992,-0.04129478623206895,-0.050833775139497384,-0.09408669814823512,-0.014745642881073273,-0.056422172915009394,117,107,84,92,121,101,88,63,207,45.812552333999975,41.73247305799987,34.53344763100017,43.62056919399993,48.90546895800003,38.463276037000014,32.72384537500011,24.412755402999892,91.49495097199974
69,7.244953648035966,7.298199966636807,0.08222237557849003,0.6475891535146914,636800.0,0.01,5.0,0.003,-0.7244953648036134,-0.7244953648036123,-0.7244953648036159,-0.724495364803619,-0.6244953648036112,0.2755046351964091,4.275504635196499,-1.4489907296072269,-0.3622476824018067,0.0,0.0,0.0,0.0,0.9999999999999996,9.999999999999993,49.99999999999996,0.0,0.0,9.999999999999767,9.999999999999783,9.999999999999734,9.999999999999691,9.999999999999767,9.999999999999767,9.999999999999767,4.999999999999884,19.999999999999535,-0.7093801496436929,-0.7532429710377941,-0.607184764316571,-0.11626057282341241,-0.721055610157376,-0.7751984123917253,-1.2593653737926267,-0.25428454594793726,-1.1664667596898517,7.177337023258539,7.164724467043708,7.190594037710635,7.2352395816128015,7.176224142903691,7.171063364800558,7.124913587737984,7.22294989811282,7.128748010451439,0.09531789804294594,0.1065116888933202,0.0895272963354344,0.08355426252646432,0.09531789804294594,0.09531789804294594,0.09531789804294594,0.0865319984001335,0.09962190231243696,-7.244953648035966,-7.244953648035966,-7.244953648035966,-7.244953648035966,-6.244953648035967,2.755046351964027,42.75504635196399,-7.244953648035966,-7.244953648035966,-0.06761662477742725,-0.08022918099225773,-0.05435961032533054,-0.009714066423164525,-0.06872950513227494,-0.07389028323540803,-0.12004006029798209,-0.022003749923145577,-0.11620563758452729,125,102,110,118,104,102,93,51,215,51.61660523799992,39.3054988670001,49.65748433199997,59.22342776000005,43.38162261899993,41.93826600500006,37.01655748799999,19.813076551999984,96.36810125500006
70,13.326480274473791,13.14662029312072,0.08222237557849003,-2.1874821797307056,636800.0,0.01,5.0,0.003,-1.3326480274474102,-1.332648027447408,-1.3326480274474146,-1.3326480274474204,-1.2326480274474079,-0.3326480274473876,3.6673519725527015,-2.6652960548948204,-0.6663240137237051,0.0,0.0,0.0,0.0,0.9999999999999996,9.999999999999993,49.99999999999996,0.0,0.0,9.999999999999767,9.999999999999783,9.999999999999734,9.999999999999691,9.999999999999767,9.999999999999767,9.999999999999767,4.999999999999884,19.999999999999535,1.1522399306785855,1.1173732890248906,1.1673289794360213,1.0010101129556375,1.2121349558671066,1.1246156156310956,0.6650721242766736,0.9735431906892797,1.4322823828265017,13.436309362707224,13.445493590612116,13.4309880819367,13.410118936243332,13.442018430611423,13.433676271062021,13.3898735514068,13.410722912292977,13.469166970099558,0.09531789804294594,0.1065116888933202,0.0895272963354344,0.08355426252646432,0.09531789804294594,0.09531789804294594,0.09531789804294594,0.0865319984001335,0.09962190231243696,-13.326480274473791,-13.326480274473791,-13.326480274473791,-13.326480274473791,-12.326480274473791,-3.3264802744737985,36.67351972552616,-13.326480274473791,-13.326480274473791,0.10982908823343251,0.11901331613832511,0.10450780746290889,0.08363866176954105,0.11553815613763163,0.10719599658822965,0.06339327693300945,0.08424263781918562,0.1426866956257662,110,120,97,51,102,109,97,59,198,44.033323568000014,50.59875105700007,39.31797639899992,22.877473110999972,40.62444397799982,44.464622669000164,37.71329361599987,23.68834855099999,88.72286522900004
71,5.669038724793565,5.744808638526943,0.08222237557849003,0.9215242590631254,636800.0,0.01,5.0,0.003,-0.5669038724793719,-0.5669038724793705,-0.5669038724793735,-0.566903872479377,-0.4669038724793692,0.4330961275206545,4.433096127520759,-1.1338077449587438,-0.28345193623968595,0.0,0.0,0.0,0.0,0.9999999999999997,9.999999999999993,49.99999999999996,0.0,0.0,9.999999999999728,9.999999999999755,9.999999999999702,9.999999999999638,9.999999999999728,9.999999999999728,9.999999999999728,4.999999999999864,19.999999999999456,-0.47337372836231484,-0.6166282767637034,-0.46447565498120436,-0.3022939337835582,-0.48180049463260294,-0.5598052783910971,-1.0864385974343802,-0.45741784380276157,-0.4879382446142255,5.62391773607386,5.603360609411274,5.627455475539469,5.643780778241375,5.623114514426684,5.615679262410847,5.565481681463166,5.629457444698755,5.620429387859119,0.09531789792349853,0.10651168273857761,0.08952729558189512,0.08355426202589598,0.09531789792349853,0.09531789792349853,0.09531789792349853,0.08653199832728428,0.09962190394171307,-5.669038724793565,-5.669038724793565,-5.669038724793565,-5.669038724793565,-4.669038724793565,4.330961275206428,44.33096127520639,-5.669038724793565,-5.669038724793565,-0.045120988719705046,-0.0656781153822914,-0.04158324925409662,-0.02525794655219027,-0.045924210366881546,-0.05335946238271827,-0.10355704333039917,-0.039581280094810545,-0.04860933693444647,105,110,116,68,98,107,92,53,209,43.28038488899983,46.74465301800001,53.07882316200016,33.19915628700005,40.913318522999816,45.40888229799998,37.337218194000116,21.805518412000083,97.36819250400004
72,13.254653927176964,12.793032670633252,0.08222237557849003,-5.614302108104927,636800.0,0.01,5.0,0.003,-1.3254653927177324,-1.325465392717729,-1.325465392717736,-1.3254653927177444,-1.2254653927177297,-0.32546539271770597,3.6745346072823994,-2.650930785435465,-0.6627326963588662,0.0,0.0,0.0,0.0,0.9999999999999997,9.999999999999993,49.99999999999996,0.0,0.0,9.999999999999728,9.999999999999755,9.999999999999702,9.999999999999638,9.999999999999728,9.999999999999728,9.999999999999728,4.999999999999864,19.999999999999456,0.04825934501110698,0.05826088950107976,0.03634118592446779,0.04620772729718175,0.034209718188717014,-0.07989766668951481,-0.6214655557767077,-0.17904519176024036,0.34924203485231886,13.259253906498587,13.26085939255557,13.25790745527102,13.258514779731174,13.257914725603268,13.247038249539127,13.19541713676847,13.239160788943058,13.28944608362543,0.09531789792349853,0.10651168273857761,0.08952729558189512,0.08355426202589598,0.09531789792349853,0.09531789792349853,0.09531789792349853,0.08653199832728428,0.09962190394171307,-13.254653927176964,-13.254653927176964,-13.254653927176964,-13.254653927176964,-12.254653927176964,-3.254653927176971,36.745346072823,-13.254653927176964,-13.254653927176964,0.004599979321623593,0.006205465378606334,0.003253528094056435,0.0038608525542098704,0.0032607984263037793,-0.007615677637836882,-0.0592367904084945,-0.015493138233905412,0.034792156448466116,97,107,104,56,93,112,87,51,182,36.351983518,42.554589076000184,44.629332718999876,25.15107393900007,35.45530053099992,44.62894151699993,32.118162106,18.2876876360001,78.46373188799998
73,4.818225911929502,4.530958626356056,0.08222237557849003,-3.4937847946173535,636800.0,0.01,5.0,0.003,-0.4818225911929633,-0.481822591192962,-0.48182259119296456,-0.4818225911929676,-0.3818225911929606,0.5181774088070632,4.518177408807168,-0.9636451823859266,-0.24091129559648164,0.0,0.0,0.0,0.0,0.9999999999999997,9.999999999999993,49.99999999999996,0.0,0.0,9.999999999999728,9.999999999999755,9.999999999999702,9.999999999999638,9.999999999999728,9.999999999999728,9.999999999999728,4.999999999999864,19.999999999999456,-1.3030403700473447,-0.9535673416124602,-1.5830069377328757,-1.9649076321984975,-1.3172292282789857,-1.4157636543169807,-1.8680094839391403,-1.778485211084643,-0.8503570422094062,4.694022842947131,4.7166598497698065,4.6765035819069,4.6540495047721055,4.692670390806557,4.6832782964435165,4.6401711746192635,4.6643300326188255,4.733511724354357,0.09531789792349853,0.10651168273857761,0.08952729558189512,0.08355426202589598,0.09531789792349853,0.09531789792349853,0.09531789792349853,0.08653199832728428,0.09962190394171307,-4.818225911929502,-4.818225911929502,-4.818225911929502,-4.818225911929502,-3.818225911929502,5.181774088070491,45.181774088070455,-4.818225911929502,-4.818225911929502,-0.12420306898237055,-0.10156606215969521,-0.14172233002260182,-0.16417640715739612,-0.1255555211229451,-0.13494761548598522,-0.17805473731023813,-0.15389587931067616,-0.0847141875751447,120,122,92,62,130,123,105,61,189,48.659527218999756,49.42973015000007,38.785004586000014,28.096344310000177,53.619364143999974,49.596170218,40.3261490660002,23.831155781999996,81.42526090599995
74,-6.05052078606938,-5.883953643022361,0.08222237557849003,2.0258128261936816,636800.0,0.01,5.0,0.003,0.6050520786069549,0.6050520786069533,0.6050520786069565,0.6050520786069594,0.7050520786069576,1.6050520786069822,5.605052078607089,1.2101041572139097,0.30252603930347743,0.0,0.0,0.0,0.0,0.9999999999999996,9.999999999999993,49.99999999999996,0.0,0.0,9.999999999999721,9.999999999999746,9.999999999999694,9.999999999999647,9.999999999999721,9.999999999999721,9.999999999999721,4.999999999999861,19.999999999999442,0.37685868562123714,0.031680270372932924,0.7340605077188044,1.4834091354402588,0.3661507776637003,0.28757392274432286,-0.31697423081483944,0.8048814252554992,-0.3553758694656345,-6.014599408427459,-6.047146467522759,-5.984802333712459,-5.926575629466,-6.015620063702695,-6.023109844321179,-6.080734103374479,-5.980872787907536,-6.085924006140923,0.09531789769607002,0.10651167136199786,0.0895272960006396,0.08355426270621862,0.09531789769607002,0.09531789769607002,0.09531789769607002,0.08653199834961377,0.09962190208574755,6.05052078606938,6.05052078606938,6.05052078606938,6.05052078606938,7.050520786069379,16.050520786069374,56.050520786069335,6.05052078606938,6.05052078606938,0.03592137764192049,0.003374318546621069,0.0657184523569212,0.12394515660338001,0.034900722366685066,0.027410941748200912,-0.030213317305099352,0.06964799816184364,-0.03540322007154284,112,135,102,48,110,97,90,61,204,48.127076106000004,61.93277329500006,45.93119581199994,22.716869136000014,47.73779862099991,39.706688002999954,36.016259859,25.21923984299974,94.658027597
75,2.1026393560751746,2.458942385714189,0.08222237557849003,4.333407142911908,636800.0,0.01,5.0,0.003,-0.21026393560752166,-0.21026393560752119,-0.21026393560752227,-0.21026393560752354,-0.1102639356075197,0.7897360643924975,4.7897360643925735,-0.4205278712150433,-0.10513196780376083,0.0,0.0,0.0,0.0,0.9999999999999996,9.999999999999993,49.99999999999996,0.0,0.0,9.999999999999801,9.999999999999822,9.99999999999977,9.99999999999971,9.999999999999801,9.999999999999801,9.999999999999801,4.9999999999999005,19.999999999999602,1.4366099718613545,1.2905745274691112,1.543842808406348,2.1942169632903648,1.4263576564143696,1.3267326307477512,0.9081430174036729,2.2056914762204927,0.7563729463990502,2.2395739994042305,2.24010061400318,2.2408554291846636,2.285975537165736,2.238596770242156,2.2291007221682095,2.189201639934879,2.293502247013912,2.1779906644997515,0.09531789839356017,0.10651167755307743,0.08952729666316507,0.08355426293653176,0.09531789839356017,0.09531789839356017,0.09531789839356017,0.08653199824020079,0.09962189787896353,-2.1026393560751746,-2.1026393560751746,-2.1026393560751746,-2.1026393560751746,-1.102639356075175,7.897360643924818,47.897360643924785,-2.1026393560751746,-2.1026393560751746,0.13693464332905592,0.13746125792800523,0.13821607310948902,0.18333618109056138,0.13595741416698148,0.12646136609303493,0.08656228385970444,0.19086289093873754,0.07535130842457693,125,116,86,47,94,139,86,55,287,55.284689921000336,50.49245082100015,37.195479385,22.624591395000152,37.772091046000014,62.28327935099992,34.560503661999974,22.551840366000306,138.9533302320001
76,-5.952096557869091,-6.0728252791758335,0.08222237557849003,-1.468319547535982,636800.0,0.01,5.0,0.003,0.5952096557869296,0.5952096557869282,0.5952096557869315,0.5952096557869339,0.6952096557869331,1.5952096557869633,5.595209655787097,1.1904193115738593,0.2976048278934648,0.0,0.0,0.0,0.0,0.9999999999999997,9.999999999999993,49.99999999999996,0.0,0.0,9.999999999999655,9.99999999999968,9.999999999999623,9.999999999999584,9.999999999999655,9.999999999999655,9.999999999999655,4.999999999999828,19.99999999999931,-0.11585809596745916,-0.21772791915554687,-0.029719432910914174,-0.10264670945151075,-0.12448673127124463,-0.2068999511861011,-0.6625714891721411,-0.35735401368081926,-0.045463880900752505,-5.963139908034103,-5.975287123299057,-5.954757258340759,-5.960673128003521,-5.963962371413206,-5.971817826296579,-6.015251479440876,-5.983019114754275,-5.9566257561416736,0.09531789792327755,0.10651167530516838,0.08952729615142727,0.08355426277430378,0.09531789792327755,0.09531789792327755,0.09531789792327755,0.08653199824643074,0.09962190166891735,5.952096557869091,5.952096557869091,5.952096557869091,5.952096557869091,6.952096557869091,15.952096557869083,55.95209655786905,5.952096557869091,5.952096557869091,-0.011043350165011567,-0.02319056542996556,-0.0026607004716678873,-0.00857657013442914,-0.011865813544114978,-0.019721268427487892,-0.06315492157178415,-0.03092255688518364,-0.004529198272582136,106,122,86,63,118,102,98,64,258,42.32259404600018,53.255703538000034,38.18536985499986,30.475233190000154,52.76276325599997,42.994702104,40.58047399799989,27.246894052999778,126.11454358999981
77,-3.6597719466737244,-3.482727928017493,0.08222237557849003,2.1532340486468162,636800.0,0.01,5.0,0.003,0.36597719466738504,0.36597719466738415,0.3659771946673862,0.36597719466738765,0.4659771946673885,1.3659771946674188,5.365977194667553,0.7319543893347701,0.18298859733369252,0.0,0.0,0.0,0.0,0.9999999999999997,9.999999999999993,49.99999999999996,0.0,0.0,9.999999999999655,9.99999999999968,9.999999999999623,9.999999999999584,9.999999999999655,9.999999999999655,9.999999999999655,4.999999999999828,19.99999999999931,-0.6916242632866889,-0.52171708436621,-0.7642443057344666,-0.41273966178936206,-0.7024105042735949,-0.8204535672492869,-1.2379258903696406,-0.505042449457615,-0.7520269254389548,-3.725696117602947,-3.7153409073648973,-3.728192672965256,-3.69425810483225,-3.726724239420313,-3.737975856047581,-3.7777684403285603,-3.703474279024564,-3.734690299092182,0.09531789792327755,0.10651167530516838,0.08952729615142727,0.08355426277430378,0.09531789792327755,0.09531789792327755,0.09531789792327755,0.08653199824643074,0.09962190166891735,3.6597719466737244,3.6597719466737244,3.6597719466737244,3.6597719466737244,4.659771946673724,13.659771946673718,53.65977194667368,3.6597719466737244,3.6597719466737244,-0.06592417092922265,-0.0555689606911729,-0.06842072629153151,-0.034486158158525626,-0.06695229274658843,-0.07820390937385646,-0.11799649365483589,-0.04370233235083942,-0.07491835241845779,107,113,105,71,142,85,126,56,189,44.40702729600025,48.9548991879999,48.12344122799982,34.30178188199989,63.848841687000004,32.84961627400003,54.92437952,23.210302202000094,84.65975689900006
78,0.4487855734961168,0.14025553312295624,0.08222237557849003,-3.7523853841784915,636800.0,0.01,5.0,0.003,-0.0448785573496129,-0.04487855734961278,-0.04487855734961302,-0.04487855734961331,0.05512144265038978,0.9551214426504135,4.955121442650519,-0.0897571146992258,-0.02243927867480645,0.0,0.0,0.0,0.0,0.9999999999999997,9.999999999999993,49.99999999999996,0.0,0.0,9.999999999999728,9.999999999999755,9.999999999999702,9.999999999999638,9.999999999999728,9.999999999999728,9.999999999999728,4.999999999999864,19.999999999999456,-1.17265875855476,-0.981942403296059,-1.5657548394061203,-2.43585164711389,-1.1925108982892367,-1.3823845915358701,-1.8244518495083675,-2.128581972167214,-0.9411019301314569,0.33701020564909767,0.34419723576869055,0.30860777717982235,0.2452597867169525,0.3351179414203238,0.31701958010908354,0.27488265833834014,0.264595121841056,0.35503120741320005,0.09531789792349853,0.10651168273857761,0.08952729558189512,0.08355426202589598,0.09531789792349853,0.09531789792349853,0.09531789792349853,0.08653199832728428,0.09962190394171307,-0.4487855734961168,-0.4487855734961168,-0.4487855734961168,-0.4487855734961168,0.5512144265038829,9.551214426503876,49.55121442650384,-0.4487855734961168,-0.4487855734961168,-0.11177536784701914,-0.10458833772742626,-0.14017779631629446,-0.2035257867791643,-0.113667632075793,-0.13176599338703326,-0.17390291515777667,-0.18419045165506082,-0.09375436608291676,131,128,115,56,115,110,134,69,467,53.3212875119998,51.68593580499987,49.778923693000024,25.173729473999856,46.728603080000084,43.33344302100022,54.79575864200001,28.861019076000048,221.27473082999995
79,-11.4761969469979,-11.241623115251668,0.08222237557849003,2.852919659592008,636800.0,0.01,5.0,0.003,1.1476196946998167,1.147619694699815,1.1476196946998207,1.1476196946998256,1.247619694699819,2.1476196946998396,6.147619694699929,2.2952393893996335,0.5738098473499084,0.0,0.0,0.0,0.0,0.9999999999999996,9.999999999999993,49.99999999999996,0.0,0.0,9.999999999999767,9.999999999999783,9.999999999999734,9.999999999999691,9.999999999999767,9.999999999999767,9.999999999999767,4.999999999999884,19.999999999999535,-0.46283827520397886,-0.5960677431172549,-0.23711528703290743,0.40013084871833093,-0.46876110910659696,-0.5640452448046023,-1.0099175763491544,0.4736459077143657,-1.5362681464088288,-11.520313718524166,-11.539685129012149,-11.497425237565757,-11.442764309019152,-11.520878270602221,-11.529960554133794,-11.572460167572128,-11.435211420069331,-11.62924290220515,0.09531789804294594,0.1065116888933202,0.0895272963354344,0.08355426252646432,0.09531789804294594,0.09531789804294594,0.09531789804294594,0.0865319984001335,0.09962190231243696,11.4761969469979,11.4761969469979,11.4761969469979,11.4761969469979,12.4761969469979,21.476196946997895,61.47619694699786,11.4761969469979,11.4761969469979,-0.04411677152626581,-0.06348818201424855,-0.02122829056785669,0.0334326379787484,-0.044681323604320866,-0.053763607135893565,-0.09626322057422776,0.04098552692856927,-0.15304595520724895,128,127,104,55,134,106,99,59,215,52.120477176999884,56.72684885600006,47.95297820299993,26.96184571799995,60.51716676900014,44.45882440300011,40.32343026000012,24.812958273000277,100.05325702299979
80,10.280513394425151,10.530854782952577,0.08222237557849003,3.0446868843925383,636800.0,0.01,5.0,0.003,-1.0280513394425506,-1.028051339442548,-1.028051339442554,-1.0280513394425579,-0.9280513394425471,-0.0280513394425168,3.9719486605576177,-2.056102678885101,-0.5140256697212753,0.0,0.0,0.0,0.0,0.9999999999999997,9.999999999999993,49.99999999999996,0.0,0.0,9.999999999999655,9.99999999999968,9.999999999999623,9.999999999999584,9.999999999999655,9.999999999999655,9.999999999999655,4.999999999999828,19.99999999999931,1.468805370482679,1.263847600672972,1.6207907976992915,2.2112464183220606,1.4555157050335006,1.3160064221638372,0.832813720212524,2.0903442727403245,0.9927160616374086,10.420516834797981,10.415127919703247,10.425618412170284,10.46527245872037,10.419250091823262,10.405952360239342,10.359895447597474,10.461395061368354,10.379409656302748,0.09531789792327755,0.10651167530516838,0.08952729615142727,0.08355426277430378,0.09531789792327755,0.09531789792327755,0.09531789792327755,0.08653199824643074,0.09962190166891735,-10.280513394425151,-10.280513394425151,-10.280513394425151,-10.280513394425151,-9.280513394425151,-0.2805133944251583,39.71948660557481,-10.280513394425151,-10.280513394425151,0.14000344037282986,0.1346145252780957,0.14510501774513251,0.1847590642952195,0.13873669739811056,0.12543896581419034,0.07938205317232239,0.1808816669432023,0.09889626187759681,94,101,86,51,94,117,109,63,191,35.634799680000015,42.507090122000136,36.75372890300014,24.114852133999875,38.49529626799995,50.32186009099996,46.06171206299996,26.738823226000022,84.63050883599999
81,-7.279841082268122,-7.060142764054255,0.08222237557849003,2.6720015892041635,636800.0,0.01,5.0,0.003,0.7279841082268346,0.7279841082268321,0.7279841082268368,0.7279841082268421,0.8279841082268377,1.7279841082268645,5.727984108226984,1.4559682164536691,0.3639920541134173,0.0,0.0,0.0,0.0,0.9999999999999996,9.999999999999993,49.99999999999996,0.0,0.0,9.999999999999693,9.999999999999726,9.999999999999662,9.99999999999959,9.999999999999693,9.999999999999693,9.999999999999693,4.999999999999846,19.999999999999385,-2.027304538738122,-1.5321479794727333,-2.419383149495661,-2.9623208792646616,-2.0385205379329445,-2.1386911962131157,-2.580271115407421,-2.1394344963215652,-1.5780295166438925,-7.473079489746026,-7.443032744596848,-7.496441914277007,-7.527355617774773,-7.4741485752145715,-7.483696631814949,-7.525787101563733,-7.464970624101691,-7.437047381641369,0.09531789811815024,0.10651168458603168,0.08952729626724758,0.08355426221351518,0.09531789811815024,0.09531789811815024,0.09531789811815024,0.08653199812935208,0.09962190042401006,7.279841082268122,7.279841082268122,7.279841082268122,7.279841082268122,8.279841082268122,17.279841082268113,57.27984108226808,7.279841082268122,7.279841082268122,-0.19323840747790388,-0.1631916623287255,-0.21660083200888458,-0.24751453550665037,-0.19430749294644922,-0.2038555495468266,-0.24594601929561044,-0.185129541833569,-0.1572062993732466,121,116,93,47,104,115,98,55,259,54.05854912599989,49.37425716500002,41.42781105400013,22.139841711000145,43.880852844000174,49.445656031,40.208172487999946,22.697204479999982,125.92980079900008
82,-13.778179503190355,-13.492004014270421,0.08222237557849003,3.4805062114357046,636800.0,0.01,5.0,0.003,1.3778179503190728,1.3778179503190693,1.3778179503190766,1.3778179503190855,1.4778179503190756,2.3778179503190993,6.377817950319205,2.7556359006381457,0.6889089751595364,0.0,0.0,0.0,0.0,0.9999999999999997,9.999999999999993,49.99999999999996,0.0,0.0,9.999999999999728,9.999999999999755,9.999999999999702,9.999999999999638,9.999999999999728,9.999999999999728,9.999999999999728,4.999999999999864,19.999999999999456,0.18345068748903298,0.005693641293942949,0.44743781644667735,1.1477089091079347,0.1676159366809346,0.02033161617493749,-0.43338832509557007,1.0722652443101104,-0.7388133314954457,-13.76069336928628,-13.777573063875227,-13.738121605542815,-13.682283532269295,-13.76220270444745,-13.776241536275172,-13.81948916732305,-13.685394248863307,-13.851781493931451,0.09531789792349853,0.10651168273857761,0.08952729558189512,0.08355426202589598,0.09531789792349853,0.09531789792349853,0.09531789792349853,0.08653199832728428,0.09962190394171307,13.778179503190355,13.778179503190355,13.778179503190355,13.778179503190355,14.778179503190355,23.778179503190348,63.778179503190316,13.778179503190355,13.778179503190355,0.017486133904075274,0.0006064393151277159,0.04005789764753942,0.09589597092105961,0.01597679874290492,0.001937966915182443,-0.041309664132695545,0.09278525432704754,-0.0736019907410963,106,103,93,51,97,95,87,49,307,43.47679501399989,40.85480057100017,39.00714271900006,22.581544655000016,37.64912905799997,36.34458673899985,32.12706103100004,18.113445503999856,146.33578378999982
83,0.033783058993872406,0.09204450414358839,0.08222237557849003,0.7085838221020411,636800.0,0.01,5.0,0.003,-0.0033783058993873192,-0.0033783058993873136,-0.0033783058993873305,-0.003378305899387345,0.09662169410061497,0.9966216941006352,4.9966216941007255,-0.0067566117987746385,-0.0016891529496936596,0.0,0.0,0.0,0.0,0.9999999999999996,9.999999999999993,49.99999999999996,0.0,0.0,9.999999999999767,9.999999999999783,9.999999999999734,9.999999999999691,9.999999999999767,9.999999999999767,9.999999999999767,4.999999999999884,19.999999999999535,-2.849366803190038,-2.5926368753007747,-3.114779598273847,-3.373110039906226,-2.846926753401504,-2.9507268026096334,-3.863866432622477,-3.2170367726475697,-2.8740268030331224,-0.23781259543955044,-0.24236307328151352,-0.24507473712035563,-0.24805466281110491,-0.23758001502258724,-0.24747401752986045,-0.3345125676823981,-0.2445935618700377,-0.2525329584212188,0.09531789804294594,0.1065116888933202,0.0895272963354344,0.08355426252646432,0.09531789804294594,0.09531789804294594,0.09531789804294594,0.0865319984001335,0.09962190231243696,-0.033783058993872406,-0.033783058993872406,-0.033783058993872406,-0.033783058993872406,0.9662169410061272,9.96621694100612,49.96621694100609,-0.033783058993872406,-0.033783058993872406,-0.2715956544334228,-0.2761461322753859,-0.278857796114228,-0.28183772180497735,-0.27136307401645965,-0.2812570765237329,-0.3682956266762705,-0.27837662086391013,-0.2863160174150912,125,165,103,86,126,114,114,63,342,54.42834136099964,75.36686360399995,46.312192934999985,43.22955878700009,54.33740353999997,48.130262221000066,47.55394663400011,26.612282349999987,169.12721833600017
84,-14.750732998231676,-14.75269814984513,0.08222237557849003,-0.02390044801829528,636800.0,0.01,5.0,0.003,1.4750732998232357,1.4750732998232319,1.4750732998232405,1.4750732998232485,1.5750732998232404,2.4750732998232814,6.475073299823462,2.9501465996464713,0.7375366499116178,0.0,0.0,0.0,0.0,0.9999999999999996,9.999999999999993,49.99999999999996,0.0,0.0,9.999999999999538,9.999999999999565,9.999999999999506,9.999999999999451,9.999999999999538,9.999999999999538,9.999999999999538,4.999999999999769,19.999999999999076,-0.06638649874573778,-0.2222947635959531,0.19215958303907946,1.127373048510383,-0.0793414904401992,-0.20180123382675244,-0.574445792274885,0.2904123533528573,-0.25809527964224954,-14.757060819789338,-14.774409989849012,-14.73352947036305,-14.656536175032452,-14.758295662374387,-14.76996826778042,-14.805487964026561,-14.725603036959942,-14.776444941895777,0.09531789862721018,0.10651169300762994,0.089527295992971,0.08355426211730745,0.09531789862721018,0.09531789862721018,0.09531789862721018,0.08653199831758017,0.09962190590909173,14.750732998231676,14.750732998231676,14.750732998231676,14.750732998231676,15.750732998231676,24.75073299823167,64.75073299823163,14.750732998231676,14.750732998231676,-0.00632782155766165,-0.02367699161733583,0.017203527868625557,0.09419682319922451,-0.007562664142710673,-0.019235269548744327,-0.054754965794884924,0.025129961271733947,-0.0257119436641009,104,118,72,87,98,109,86,51,202,41.019465007000235,49.41471792800007,29.50398975300004,41.33552807000001,37.85677059599993,43.26863506000018,31.575721939999767,19.680051831999663,90.41297420599994
85,-6.0698811740253475,-6.084176326209949,0.08222237557849003,-0.17385963472869115,636800.0,0.01,5.0,0.003,0.6069881174025511,0.60698811740255,0.6069881174025531,0.606988117402557,0.7069881174025539,1.6069881174025775,5.606988117402681,1.2139762348051022,0.30349405870127555,0.0,0.0,0.0,0.0,0.9999999999999996,9.999999999999993,49.99999999999995,0.0,0.0,9.99999999999973,9.99999999999975,9.999999999999698,9.999999999999634,9.99999999999973,9.99999999999973,9.99999999999973,4.999999999999865,19.99999999999946,1.1244345246726914,1.0011856565165977,1.089724368438613,0.6716703846928912,1.1056839860727414,0.9779031544083946,0.46846452606065275,1.0968561162640373,1.5508677796584767,-5.962702437638884,-5.963243210288901,-5.972321098547615,-6.013760250332613,-5.964489699582209,-5.9766694999811545,-6.025228119673713,-5.974968022489452,-5.915380773482479,0.0953178989391681,0.1065116774719579,0.08952729543666064,0.08355426258431052,0.0953178989391681,0.0953178989391681,0.0953178989391681,0.08653199825258409,0.09962190366537367,6.0698811740253475,6.0698811740253475,6.0698811740253475,6.0698811740253475,7.0698811740253475,16.06988117402534,56.0698811740253,6.0698811740253475,6.0698811740253475,0.10717873638646314,0.1066379637364463,0.09756007547773216,0.05612092369273469,0.10539147444313812,0.09321167404419306,0.04465305435163458,0.09491315153589586,0.15450040054286873,101,132,113,96,118,99,101,59,279,39.90603162100024,55.18942275299992,49.11387357000012,46.19203080599982,47.46034164799994,38.41527034799992,39.118010412999865,23.72467083399988,128.2091536009998
86,-4.950544817596933,-5.0283224068537,0.08222237557849003,-0.9459418888051967,636800.0,0.01,5.0,0.003,0.4950544817597068,0.49505448175970546,0.49505448175970806,0.49505448175971123,0.5950544817597094,1.4950544817597333,5.495054481759839,0.9901089635194136,0.2475272408798534,0.0,0.0,0.0,0.0,0.9999999999999997,9.999999999999993,49.99999999999996,0.0,0.0,9.999999999999728,9.999999999999755,9.999999999999702,9.999999999999638,9.999999999999728,9.999999999999728,9.999999999999728,4.999999999999864,19.999999999999456,-0.5619298610210293,-0.7607914481225433,-0.3243855646897576,0.17246485222270364,-0.5724353155685079,-0.6686199470256186,-1.1059003539469647,-0.47290291900628384,-0.8511163024330699,-5.004106790729901,-5.0315779949495845,-4.979586179929413,-4.93613464414406,-5.005108148574098,-5.014276265457136,-5.055956914648011,-4.991466052193353,-5.035334644121146,0.09531789792349853,0.10651168273857761,0.08952729558189512,0.08355426202589598,0.09531789792349853,0.09531789792349853,0.09531789792349853,0.08653199832728428,0.09962190394171307,4.950544817596933,4.950544817596933,4.950544817596933,4.950544817596933,5.950544817596933,14.950544817596926,54.95054481759689,4.950544817596933,4.950544817596933,-0.05356197313296818,-0.08103317735265136,-0.029041362332479892,0.01441017345287321,-0.054563330977164703,-0.0637314478602029,-0.10541209705107768,-0.04092123459641961,-0.0847898265242133,105,116,84,63,105,99,97,48,194,41.156979491999664,46.268135839000024,35.370962084999974,29.28398522600014,40.23966649199997,38.02797729500003,37.16262960000017,17.232911736999995,84.14140383799986
87,14.142325871806147,14.169752820063563,0.08222237557849003,0.3335703701632158,636800.0,0.01,5.0,0.003,-1.4142325871806583,-1.4142325871806534,-1.4142325871806625,-1.4142325871806727,-1.314232587180655,-0.4142325871806281,3.5857674128194907,-2.8284651743613165,-0.7071162935903291,0.0,0.0,0.0,0.0,0.9999999999999996,9.999999999999993,49.99999999999996,0.0,0.0,9.999999999999693,9.999999999999726,9.999999999999662,9.99999999999959,9.999999999999693,9.999999999999693,9.999999999999693,4.999999999999846,19.999999999999385,0.6376060116724599,1.0152930460363536,0.17714990847956724,-0.8042589934219924,0.6249666796861738,0.49953198492189976,-0.0390491120113594,0.12311334405452554,1.2860220078777107,14.203101136666263,14.250466444487962,14.158185624146313,14.075126604982188,14.201896382107712,14.18994021065169,14.138603792525844,14.152979115463571,14.270441828218026,0.09531789811815024,0.10651168458603168,0.08952729626724758,0.08355426221351518,0.09531789811815024,0.09531789811815024,0.09531789811815024,0.08653199812935208,0.09962190042401006,-14.142325871806147,-14.142325871806147,-14.142325871806147,-14.142325871806147,-13.142325871806147,-4.142325871806154,35.85767412819381,-14.142325871806147,-14.142325871806147,0.06077526486011564,0.10814057268181543,0.01585975234016601,-0.06719926682395894,0.05957051030156535,0.047614338845543,-0.0037220792803029923,0.010653243657424483,0.12811595641187878,118,110,84,46,110,111,95,51,206,50.24195398000029,47.429571344000124,37.07172498800014,21.859837895000055,44.9145614250001,46.81501095800013,37.539462001000174,20.16456419499991,97.41096962099982
88,18.00964232429709,17.626316780000526,0.08222237557849003,-4.662058735223956,636800.0,0.01,5.0,0.003,-1.800964232429771,-1.8009642324297666,-1.8009642324297768,-1.8009642324297839,-1.7009642324297676,-0.8009642324297374,3.199035767570397,-3.601928464859542,-0.9004821162148855,0.0,0.0,0.0,0.0,0.9999999999999997,9.999999999999993,49.99999999999996,0.0,0.0,9.999999999999655,9.99999999999968,9.999999999999623,9.999999999999584,9.999999999999655,9.999999999999655,9.999999999999655,4.999999999999828,19.99999999999931,1.2655680063671575,1.1437684552659997,1.3723419415248856,1.8413647712278551,1.2534950493573542,1.151711368224176,0.7081728788422728,1.2084672627060395,1.5346545541031023,18.13027360634296,18.131467018628676,18.132504387717013,18.163496200255608,18.129122837459068,18.11942103093056,18.07714387447461,18.114213411354438,18.162527529381705,0.09531789792327755,0.10651167530516838,0.08952729615142727,0.08355426277430378,0.09531789792327755,0.09531789792327755,0.09531789792327755,0.08653199824643074,0.09962190166891735,-18.00964232429709,-18.00964232429709,-18.00964232429709,-18.00964232429709,-17.00964232429709,-8.009642324297097,31.990357675702867,-18.00964232429709,-18.00964232429709,0.12063128204587059,0.12182469433158616,0.12286206341992312,0.15385387595851796,0.11948051316197805,0.10977870663347034,0.06750155017752135,0.10457108705734797,0.15288520508461545,114,103,82,50,100,104,122,47,238,45.00013772000011,41.29507760999991,33.255179421999856,22.11577662800005,38.28473612200014,41.080904604000125,49.834707562000176,17.39291649000006,106.44327191999992
89,-3.9466551634853864,-3.889495951395772,0.08222237557849003,0.6951783098877957,636800.0,0.01,5.0,0.003,0.3946655163485478,0.3946655163485472,0.39466551634854913,0.39466551634855085,0.4946655163485501,1.3946655163485704,5.3946655163486605,0.7893310326970956,0.1973327581742739,0.0,0.0,0.0,0.0,0.9999999999999996,9.999999999999993,49.99999999999996,0.0,0.0,9.999999999999767,9.999999999999783,9.999999999999734,9.999999999999691,9.999999999999767,9.999999999999767,9.999999999999767,4.999999999999884,19.999999999999535,1.9801300309547079,1.6463186746458467,2.2805751436437163,3.021001756280685,1.9706041974357447,1.86098792703431,1.4122862938190623,2.3834050734067684,1.868431220031422,-3.75791333108307,-3.7713029809922447,-3.7424814367851695,-3.6942375896482003,-3.7588213135112047,-3.7692697059971767,-3.812039002523691,-3.740414359486482,-3.7605184910059086,0.09531789804294594,0.1065116888933202,0.0895272963354344,0.08355426252646432,0.09531789804294594,0.09531789804294594,0.09531789804294594,0.0865319984001335,0.09962190231243696,3.9466551634853864,3.9466551634853864,3.9466551634853864,3.9466551634853864,4.946655163485386,13.94665516348538,53.946655163485346,3.9466551634853864,3.9466551634853864,0.18874183240231623,0.17535218249314166,0.20417372670021683,0.2524175738371861,0.18783384997418162,0.17738545748820966,0.13461616096169537,0.20624080399890454,0.18613667247947774,164,164,106,89,126,120,92,70,527,70.39088881899988,71.20247813299989,45.84865345399999,41.513714975000084,51.611633396000116,49.67648576900024,35.32578071200032,30.172437145999993,269.4231410130001
90,-2.618210084286137,-2.6501126900382133,0.08222237557849003,-0.3880039408691337,636800.0,0.01,5.0,0.003,0.2618210084286208,0.2618210084286201,0.26182100842862155,0.2618210084286232,0.3618210084286235,1.2618210084286472,5.261821008428753,0.5236420168572417,0.1309105042143104,0.0,0.0,0.0,0.0,0.9999999999999997,9.999999999999993,49.99999999999996,0.0,0.0,9.999999999999728,9.999999999999755,9.999999999999702,9.999999999999638,9.999999999999728,9.999999999999728,9.999999999999728,4.999999999999864,19.999999999999456,1.9251843980565402,1.8222086300841924,1.9378069612522715,1.9230613296220684,1.9135800076621199,1.813966790447285,1.375611943148911,1.855260912276512,2.1340543095497524,-2.434705554348272,-2.4241235767951115,-2.444723467685451,-2.457530114059027,-2.4358116604473516,-2.4453065829176666,-2.4870896455067237,-2.45767065012835,-2.405611530853773,0.09531789792349853,0.10651168273857761,0.08952729558189512,0.08355426202589598,0.09531789792349853,0.09531789792349853,0.09531789792349853,0.08653199832728428,0.09962190394171307,2.618210084286137,2.618210084286137,2.618210084286137,2.618210084286137,3.6182100842861367,12.61821008428613,52.6182100842861,2.618210084286137,2.618210084286137,0.18350452993786526,0.19408650749102563,0.1734866166006861,0.16067997022711022,0.18239842383878546,0.17290350136847055,0.13112043877941337,0.16053943415778704,0.21259855343236422,144,111,104,52,129,110,93,58,296,60.386717596999915,44.794894300000124,44.891974752999886,23.204514925000012,52.816130075000046,42.49435434799989,35.31821712400006,21.75082937499974,136.17814010199982
91,3.9617700826535227,3.9138096985920754,0.08222237557849003,-0.5833008803748806,636800.0,0.01,5.0,0.003,-0.39617700826536595,-0.39617700826536495,-0.39617700826536717,-0.3961770082653687,-0.29617700826536253,0.6038229917346678,4.603822991734802,-0.7923540165307319,-0.19808850413268297,0.0,0.0,0.0,0.0,0.9999999999999997,9.999999999999993,49.99999999999996,0.0,0.0,9.999999999999655,9.99999999999968,9.999999999999623,9.999999999999584,9.999999999999655,9.999999999999655,9.999999999999655,4.999999999999828,19.99999999999931,-1.4812167431185423,-1.0119875243926308,-1.925449921471603,-2.9027978748017733,-1.492169151807616,-1.5926008337457662,-2.030501813411763,-2.0458991452809245,-1.1302733586567817,3.8205836163307,3.8539815960425337,3.789389757309192,3.719228946241645,3.8195396557572607,3.809966718950017,3.7682269180697103,3.7847343414016996,3.84917010125842,0.09531789792327755,0.10651167530516838,0.08952729615142727,0.08355426277430378,0.09531789792327755,0.09531789792327755,0.09531789792327755,0.08653199824643074,0.09962190166891735,-3.9617700826535227,-3.9617700826535227,-3.9617700826535227,-3.9617700826535227,-2.961770082653523,6.03822991734647,46.038229917346435,-3.9617700826535227,-3.9617700826535227,-0.14118646632282283,-0.10778848661098905,-0.17238032534433056,-0.2425411364118779,-0.14223042689626197,-0.15180336370350567,-0.19354316458381238,-0.1770357412518231,-0.11259998139510285,119,135,94,52,145,139,96,60,272,49.19030053899996,59.277627403999986,43.48188226499997,25.376346581000007,64.95264009900006,60.96062651899979,38.51662437999994,25.383998259000236,128.84092637600043
92,-17.45154143367187,-17.22561351660012,0.08222237557849003,2.747766839405877,636800.0,0.01,5.0,0.003,1.7451541433672473,1.7451541433672428,1.7451541433672528,1.7451541433672595,1.8451541433672507,2.745154143367281,6.745154143367414,3.4903082867344946,0.8725770716836236,0.0,0.0,0.0,0.0,0.9999999999999997,9.999999999999993,49.99999999999996,0.0,0.0,9.999999999999655,9.99999999999968,9.999999999999623,9.999999999999584,9.999999999999655,9.999999999999655,9.999999999999655,4.999999999999828,19.99999999999931,-1.529684189450743,-1.4101503815220406,-1.4285158284328379,-0.5960244869199562,-1.5422490858296736,-1.6389801494320027,-2.095720318131539,-1.259075744814278,-1.5763278589202383,-17.597347715096788,-17.601738913240006,-17.57943259330098,-17.5013418202719,-17.59854537460725,-17.60776557625371,-17.65130108903127,-17.560491773814263,-17.608578212631198,0.09531789792327755,0.10651167530516838,0.08952729615142727,0.08355426277430378,0.09531789792327755,0.09531789792327755,0.09531789792327755,0.08653199824643074,0.09962190166891735,17.45154143367187,17.45154143367187,17.45154143367187,17.45154143367187,18.45154143367187,27.451541433671864,67.45154143367182,17.45154143367187,17.45154143367187,-0.14580628142491747,-0.1501974795681349,-0.12789115962910813,-0.04980038660002961,-0.14700394093538094,-0.1562241425818378,-0.19975965535940077,-0.10895034014239258,-0.157036778959327,110,115,85,61,124,93,89,55,181,42.84598125299999,48.001705982999965,35.416798435000146,28.274477356000034,50.99180034200003,35.55559302900019,33.91354023200029,21.423243120999814,80.17445134100035
93,-3.184229916586237,-3.064110947084785,0.08222237557849003,1.4609036610330646,636800.0,0.01,5.0,0.003,0.3184229916586311,0.3184229916586306,0.3184229916586322,0.3184229916586335,0.4184229916586334,1.3184229916586536,5.3184229916587435,0.6368459833172622,0.15921149582931554,0.0,0.0,0.0,0.0,0.9999999999999996,9.999999999999993,49.99999999999996,0.0,0.0,9.999999999999767,9.999999999999783,9.999999999999734,9.999999999999691,9.999999999999767,9.999999999999767,9.999999999999767,4.999999999999884,19.999999999999535,0.2072678599710776,0.27655870868823124,0.09219290717459261,-0.4102680363737551,0.20238008031693308,0.27557403277181286,0.13711770596328965,-0.06505226006311181,1.704411541148468,-3.164473579841934,-3.1547731814456976,-3.175976134865592,-3.2185095598036266,-3.1649394727246642,-3.15796277902721,-3.1711601450693454,-3.189859018649943,-3.014433196533754,0.09531789804294594,0.1065116888933202,0.0895272963354344,0.08355426252646432,0.09531789804294594,0.09531789804294594,0.09531789804294594,0.0865319984001335,0.09962190231243696,3.184229916586237,3.184229916586237,3.184229916586237,3.184229916586237,4.184229916586236,13.18422991658623,53.1842299165862,3.184229916586237,3.184229916586237,0.01975633674430277,0.02945673514053926,0.008253781720644948,-0.034279643217389744,0.019290443861572637,0.0262671375590271,0.013069771516891482,-0.005629102063706259,0.1697967200524828,115,111,118,57,111,110,101,50,270,49.647764929999994,46.782643333999886,56.09763866099979,26.87532750100013,46.50209307499995,45.958445051000126,41.544849859999886,20.359408858999814,127.66639243200007
94,15.12974811742505,15.16037524070381,0.08222237557849003,0.37249134512689475,636800.0,0.01,5.0,0.003,-1.5129748117425572,-1.5129748117425534,-1.512974811742562,-1.5129748117425679,-1.4129748117425538,-0.5129748117425235,3.487025188257611,-3.0259496234851144,-0.7564874058712786,0.0,0.0,0.0,0.0,0.9999999999999997,9.999999999999993,49.99999999999996,0.0,0.0,9.999999999999655,9.99999999999968,9.999999999999623,9.999999999999584,9.999999999999655,9.999999999999655,9.999999999999655,4.999999999999828,19.99999999999931,2.040037314541398,1.5580332720390477,2.505608238896129,3.2544745585743207,2.027706012783681,1.9234918242190042,1.354040151101041,2.8008641250642987,1.3821440586220997,15.324200185932185,15.295696851411122,15.35406844826816,15.401673339884455,15.323024792169981,15.313091314782216,15.258812378331719,15.372112486983605,15.26743993692538,0.09531789792327755,0.10651167530516838,0.08952729615142727,0.08355426277430378,0.09531789792327755,0.09531789792327755,0.09531789792327755,0.08653199824643074,0.09962190166891735,-15.12974811742505,-15.12974811742505,-15.12974811742505,-15.12974811742505,-14.12974811742505,-5.129748117425057,34.870251882574905,-15.12974811742505,-15.12974811742505,0.19445206850713426,0.16594873398607213,0.22432033084310987,0.2719252224594051,0.19327667474493104,0.18334319735716598,0.12906426090666834,0.24236436955855467,0.13769181950032916,111,114,102,55,107,123,93,66,219,45.1670608039999,49.64518018300009,47.089937556999985,25.829137685999967,43.616392759999826,50.710208819999934,36.807940245999816,26.836987745999977,101.38415706499973
95,-4.031222798688281,-4.078017013921741,0.08222237557849003,-0.5691177724339727,636800.0,0.01,5.0,0.003,0.4031222798688391,0.40312227986883803,0.4031222798688402,0.40312227986884275,0.5031222798688418,1.4031222798688656,5.403122279868971,0.8062445597376782,0.20156113993441954,0.0,0.0,0.0,0.0,0.9999999999999997,9.999999999999993,49.99999999999996,0.0,0.0,9.999999999999728,9.999999999999755,9.999999999999702,9.999999999999638,9.999999999999728,9.999999999999728,9.999999999999728,4.999999999999864,19.999999999999456,-1.1379658218312199,-0.7335952299296085,-1.4685008476162087,-1.8946208670400568,-1.1503085485745157,-1.2070971185969868,-1.6928441212591996,-1.4838531930380792,-0.775024268139141,-4.13969130873402,-4.109359261077078,-4.162693708135081,-4.1895264470526765,-4.140867791501835,-4.146280758622458,-4.19258114183886,-4.159623580706188,-4.108432191881335,0.09531789792349853,0.10651168273857761,0.08952729558189512,0.08355426202589598,0.09531789792349853,0.09531789792349853,0.09531789792349853,0.08653199832728428,0.09962190394171307,4.031222798688281,4.031222798688281,4.031222798688281,4.031222798688281,5.031222798688281,14.031222798688274,54.03122279868824,4.031222798688281,4.031222798688281,-0.10846851004573832,-0.07813646238879635,-0.13147090944679984,-0.15830364836439514,-0.10964499281355344,-0.11505795993417678,-0.16135834315057895,-0.1284007820179065,-0.07720939319305398,113,136,93,56,113,126,101,61,196,47.009422172000086,60.10189883499993,39.83412018400031,26.17019536500038,47.814899824999884,55.56615307699985,42.22825332399998,24.89910401399993,90.55269308400011
96,6.959069244170902,6.900057117094067,0.08222237557849003,-0.7177137204032871,636800.0,0.01,5.0,0.003,-0.6959069244171091,-0.6959069244171072,-0.6959069244171109,-0.6959069244171154,-0.5959069244171064,0.30409307558291737,4.3040930755830225,-1.3918138488342182,-0.34795346220855455,0.0,0.0,0.0,0.0,0.9999999999999997,9.999999999999993,49.99999999999996,0.0,0.0,9.999999999999728,9.999999999999755,9.999999999999702,9.999999999999638,9.999999999999728,9.999999999999728,9.999999999999728,4.999999999999864,19.999999999999456,0.3030196287616357,0.3113673072919041,0.1945840891435287,-1.073371920862442,0.29298276402684525,0.19169467839013968,-0.2671212581177538,-0.17651170743077874,0.21764967996966933,6.98795243821402,6.992233500020342,6.976489831435188,6.869384445443922,6.986995745365757,6.977341177958171,6.933607807356437,6.943795333398755,6.980751919681785,0.09531789792349853,0.10651168273857761,0.08952729558189512,0.08355426202589598,0.09531789792349853,0.09531789792349853,0.09531789792349853,0.08653199832728428,0.09962190394171307,-6.959069244170902,-6.959069244170902,-6.959069244170902,-6.959069244170902,-5.959069244170902,3.0409307558290912,43.04093075582905,-6.959069244170902,-6.959069244170902,0.02888319404311801,0.033164255849440494,0.017420587264286524,-0.08968479872697976,0.02792650119485529,0.018271933787269212,-0.025461436814464555,-0.015273910772146237,0.021682675510882987,116,143,91,70,117,108,94,57,226,46.24698999100019,59.900296459999936,38.353710942999896,31.829121566999675,46.504060652000135,41.684063828000035,35.59770635299992,23.546172618000128,99.9245324350004
97,-0.5034085501849781,-0.31736098242913324,0.08222237557849003,2.2627364685935474,636800.0,0.01,5.0,0.003,0.050340855018498984,0.0503408550184989,0.05034085501849915,0.050340855018499366,0.15034085501850125,1.0503408550185216,5.050340855018611,0.10068171003699797,0.025170427509249492,0.0,0.0,0.0,0.0,0.9999999999999996,9.999999999999993,49.99999999999996,0.0,0.0,9.999999999999767,9.999999999999783,9.999999999999734,9.999999999999691,9.999999999999767,9.999999999999767,9.999999999999767,4.999999999999884,19.999999999999535,-1.3009830374105902,-1.2391162175492805,-1.2003403973363351,-0.7048247579071455,-1.3130680554576584,-1.3955358174114671,-1.9074483766058166,-0.5681822873848841,-2.085035538807087,-0.6274155187004828,-0.6353889112512547,-0.6108717806407012,-0.5622996630423034,-0.6285674372185405,-0.6364280909442835,-0.6852225200684741,-0.5525744989679511,-0.7111237569499771,0.09531789804294594,0.1065116888933202,0.0895272963354344,0.08355426252646432,0.09531789804294594,0.09531789804294594,0.09531789804294594,0.0865319984001335,0.09962190231243696,0.5034085501849781,0.5034085501849781,0.5034085501849781,0.5034085501849781,1.5034085501849777,10.503408550184972,50.503408550184936,0.5034085501849781,0.5034085501849781,-0.12400696851550475,-0.13198036106627664,-0.10746323045572315,-0.05889111285732529,-0.12515888703356237,-0.13301954075930544,-0.18181396988349596,-0.04916594878297298,-0.207715206764999,112,130,95,58,163,108,86,60,225,47.6785932759999,58.703263823999805,42.851114682000116,27.966728143999717,75.79331227800003,45.511607814999934,33.919288596000115,25.33496356400019,105.41210385899967
98,7.930170972009391,7.67912997072311,0.08222237557849003,-3.053195672346329,636800.0,0.01,5.0,0.003,-0.7930170972009606,-0.7930170972009585,-0.7930170972009627,-0.7930170972009678,-0.6930170972009579,0.20698290279906584,4.2069829027991705,-1.5860341944019212,-0.3965085486004803,0.0,0.0,0.0,0.0,0.9999999999999997,9.999999999999993,49.99999999999996,0.0,0.0,9.999999999999728,9.999999999999755,9.999999999999702,9.999999999999638,9.999999999999728,9.999999999999728,9.999999999999728,4.999999999999864,19.999999999999456,0.22053410856275044,0.12500992682269527,0.2767439466943339,0.32191478213591673,0.20867329942535273,0.11110845282442998,-0.32213592727811785,0.3726210359564377,-0.3510924713102964,7.951191819658025,7.943485989674302,7.9549471091255946,7.957068324065984,7.950061272263376,7.940761596174148,7.8994656525756035,7.962414614869484,7.895194471557858,0.09531789792349853,0.10651168273857761,0.08952729558189512,0.08355426202589598,0.09531789792349853,0.09531789792349853,0.09531789792349853,0.08653199832728428,0.09962190394171307,-7.930170972009391,-7.930170972009391,-7.930170972009391,-7.930170972009391,-6.930170972009391,2.069829027990602,42.069829027990565,-7.930170972009391,-7.930170972009391,0.02102084764863399,0.013315017664911721,0.024776137116203856,0.026897352056593604,0.019890300253985416,0.010590624164756868,-0.03070531943378718,0.0322436428600934,-0.034976500451533,107,128,91,54,111,113,90,51,253,41.6762942700002,52.24717136700019,37.47349498800031,23.557297660999666,43.61343920700028,45.03221808099988,33.052137136000056,19.41400146299975,114.51444536100007
99,-2.8555526393687405,-2.900052103516939,0.08222237557849003,-0.541208689667682,636800.0,0.01,5.0,0.003,0.2855552639368839,0.2855552639368832,0.2855552639368848,0.2855552639368859,0.38555526393688727,1.2855552639369177,5.285555263937051,0.5711105278737678,0.14277763196844195,0.0,0.0,0.0,0.0,0.9999999999999997,9.999999999999993,49.99999999999996,0.0,0.0,9.999999999999655,9.99999999999968,9.999999999999623,9.999999999999584,9.999999999999655,9.999999999999655,9.999999999999655,4.999999999999828,19.99999999999931,0.14979201133533493,0.24128367204188877,0.05462360277888224,-0.07005480046114122,0.1375972680533613,0.030764856567001706,-0.4835706280509024,0.18022987143717092,0.22971841822059133,-2.8412747797225566,-2.829853111235776,-2.8506623359058976,-2.861406016575072,-2.8424371570179083,-2.8526201979108627,-2.9016455751319916,-2.8399569884495848,-2.8326676536972295,0.09531789792327755,0.10651167530516838,0.08952729615142727,0.08355426277430378,0.09531789792327755,0.09531789792327755,0.09531789792327755,0.08653199824643074,0.09962190166891735,2.8555526393687405,2.8555526393687405,2.8555526393687405,2.8555526393687405,3.85555263936874,12.855552639368733,52.855552639368696,2.8555526393687405,2.8555526393687405,0.014277859646183888,0.02569952813296439,0.004890303462842915,-0.005853377206331611,0.013115482350832153,0.0029324414578777436,-0.04609293576325113,0.015595650919155712,0.022884985671510982,111,115,101,197,105,114,100,54,185,44.55901689500024,47.82804838099992,44.39091191300031,96.54899010700001,41.0032986770002,45.781595026000105,38.11129071300002,20.920702183999765,80.03721274099962
100,17.316547004146866,17.14861325276097,0.08222237557849003,-2.042433707422923,636800.0,0.01,5.0,0.003,-1.731654700414727,-1.731654700414724,-1.7316547004147327,-1.73165470041474,-1.6316547004147246,-0.7316547004147044,3.268345299585385,-3.463309400829454,-0.8658273502073635,0.0,0.0,0.0,0.0,0.9999999999999996,9.999999999999993,49.99999999999996,0.0,0.0,9.999999999999767,9.999999999999783,9.999999999999734,9.999999999999691,9.999999999999767,9.999999999999767,9.999999999999767,4.999999999999884,19.999999999999535,-2.0227288778798838,-1.7843790061179876,-2.0440970939950613,-1.762560327731775,-2.029687251510543,-2.097430830164241,-2.6303306780679203,-2.1021936612609102,-1.5364139974545783,17.12374473919659,17.126489782579455,17.13354451787437,17.169277575804834,17.123081481648317,17.11662430612514,17.065829412755555,17.134639985613866,17.163486518980985,0.09531789804294594,0.1065116888933202,0.0895272963354344,0.08355426252646432,0.09531789804294594,0.09531789804294594,0.09531789804294594,0.0865319984001335,0.09962190231243696,-17.316547004146866,-17.316547004146866,-17.316547004146866,-17.316547004146866,-16.316547004146866,-7.316547004146873,32.68345299585309,-17.316547004146866,-17.316547004146866,-0.1928022649502772,-0.190057221567411,-0.18300248627249616,-0.14726942834203172,-0.1934655224985491,-0.19992269802172657,-0.2507175913913109,-0.18190701853299984,-0.15306048516588078,99,118,81,42,108,110,91,52,185,38.85827461600002,49.012906781999845,33.703554149999945,19.135365008000008,43.113136179999856,43.95435750500019,35.83473117699987,20.92618192000009,84.39212685799976
101,1.7958781007977564,1.8713706114979847,0.08222237557849003,0.9181504446823305,636800.0,0.01,5.0,0.003,-0.17958781007978117,-0.17958781007978056,-0.1795878100797817,-0.17958781007978303,-0.07958781007977814,0.8204121899202489,4.8204121899203685,-0.35917562015956234,-0.08979390503989058,0.0,0.0,0.0,0.0,0.9999999999999996,9.999999999999993,49.99999999999996,0.0,0.0,9.999999999999693,9.999999999999726,9.999999999999662,9.99999999999959,9.999999999999693,9.999999999999693,9.999999999999693,4.999999999999846,19.999999999999385,-1.5677625234974593,-1.5906276047961239,-1.4193184281305447,-0.8239723866204581,-1.5782289703299313,-1.6885325750924014,-2.134484924178314,-0.7853733423152911,-2.509634051440329,1.6464422723095715,1.6264576750618767,1.668810359384949,1.7270316959493748,1.645444632596735,1.634930724835921,1.5924234842602003,1.7279181762096867,1.545863587224463,0.09531789811815024,0.10651168458603168,0.08952729626724758,0.08355426221351518,0.09531789811815024,0.09531789811815024,0.09531789811815024,0.08653199812935208,0.09962190042401006,-1.7958781007977564,-1.7958781007977564,-1.7958781007977564,-1.7958781007977564,-0.7958781007977569,8.204121899202237,48.2041218992022,-1.7958781007977564,-1.7958781007977564,-0.14943582848818493,-0.1694204257358798,-0.1270677414128074,-0.06884640484838167,-0.15043346820102155,-0.1609473759618354,-0.20345461653755614,-0.06795992458806976,-0.2500145135732934,109,180,100,71,127,105,104,63,232,45.69198609000023,81.08437922500025,43.57882601499978,33.40046267400021,52.51771570799974,41.4007832289999,40.82597303500006,25.105489299000055,105.24919096799977
102,3.3013061030523705,3.2608352731490706,0.08222237557849003,-0.49221187807528305,636800.0,0.01,5.0,0.003,-0.33013061030524604,-0.33013061030524515,-0.3301306103052469,-0.33013061030524904,-0.23013061030524334,0.6698693896947805,4.6698693896948855,-0.6602612206104921,-0.16506530515262302,0.0,0.0,0.0,0.0,0.9999999999999997,9.999999999999993,49.99999999999996,0.0,0.0,9.999999999999728,9.999999999999755,9.999999999999702,9.999999999999638,9.999999999999728,9.999999999999728,9.999999999999728,4.999999999999864,19.999999999999456,1.5263883433452914,1.39368809032732,1.6091904563208315,1.4710997697904722,1.5131704870074014,1.4024927776945688,0.8923399400837391,1.2872203459794744,1.8821056472856643,3.446798231354975,3.449750166765848,3.4453725726829703,3.424222758683679,3.4455383330737925,3.4349887664751053,3.386362070374333,3.4126918518775127,3.4888050510544186,0.09531789792349853,0.10651168273857761,0.08952729558189512,0.08355426202589598,0.09531789792349853,0.09531789792349853,0.09531789792349853,0.08653199832728428,0.09962190394171307,-3.3013061030523705,-3.3013061030523705,-3.3013061030523705,-3.3013061030523705,-2.301306103052371,6.698693896947622,46.69869389694759,-3.3013061030523705,-3.3013061030523705,0.1454921283026045,0.14844406371347763,0.14406646963059977,0.12291665563130838,0.14423223002142205,0.13368266342273483,0.08505596732196263,0.11138574882514218,0.18749894800204814,111,123,88,55,109,104,86,54,230,47.03317211800004,53.789242768999884,38.87859052299973,26.39166859299985,45.99325718099999,42.64460805200042,33.383103591000236,21.498368564999964,108.18906724700037
103,-8.253593776646213,-8.192944520714816,0.08222237557849003,0.7376247098759693,636800.0,0.01,5.0,0.003,0.8253593776646405,0.8253593776646392,0.8253593776646433,0.8253593776646467,0.9253593776646428,1.825359377664663,5.8253593776647525,1.650718755329281,0.41267968883232026,0.0,0.0,0.0,0.0,0.9999999999999996,9.999999999999993,49.99999999999996,0.0,0.0,9.999999999999767,9.999999999999783,9.999999999999734,9.999999999999691,9.999999999999767,9.999999999999767,9.999999999999767,4.999999999999884,19.999999999999535,-0.437976730986587,-0.6854824431706994,-0.250855132876707,0.10490785985490252,-0.4545590990276767,-0.5588815438586473,-0.9351928466953182,-0.11901721329011783,-1.3041526028796093,-8.295340798035575,-8.326605669375043,-8.27605215846453,-8.244828277782807,-8.296921394501826,-8.306865190661815,-8.34273439305801,-8.263892573956221,-8.383515939850795,0.09531789804294594,0.1065116888933202,0.0895272963354344,0.08355426252646432,0.09531789804294594,0.09531789804294594,0.09531789804294594,0.0865319984001335,0.09962190231243696,8.253593776646213,8.253593776646213,8.253593776646213,8.253593776646213,9.253593776646213,18.253593776646206,58.25359377664617,8.253593776646213,8.253593776646213,-0.04174702138936226,-0.07301189272883057,-0.02245838181831772,0.008765498863406052,-0.043327617855613454,-0.05327141401560276,-0.08914061641179671,-0.010298797310008823,-0.12992216320458283,109,128,107,57,114,136,99,54,263,46.041021683000054,54.12725613600014,45.8812304500002,26.607738390999657,48.06207312600009,60.26299301600011,40.88703047300032,21.794230467000034,125.54161705200022
104,0.72564457888047,0.6978357452528948,0.08222237557849003,-0.3382149132997092,636800.0,0.01,5.0,0.003,-0.07256445788804897,-0.07256445788804877,-0.07256445788804916,-0.07256445788804962,0.027435542111953717,0.9274355421119775,4.927435542112082,-0.14512891577609793,-0.03628222894402448,0.0,0.0,0.0,0.0,0.9999999999999997,9.999999999999993,49.99999999999996,0.0,0.0,9.999999999999728,9.999999999999755,9.999999999999702,9.999999999999638,9.999999999999728,9.999999999999728,9.999999999999728,4.999999999999864,19.999999999999456,-0.08236436822016703,0.10277454335237157,-0.12563704168580975,-0.12662747787226245,-0.09363975458901319,-0.19802064922866802,-0.6405586945992592,0.019023532001442384,0.34782620611359366,0.7177937804379266,0.73659126843562,0.7143966343134296,0.7150643134146526,0.716719034310973,0.7067696668505469,0.6645878706146483,0.7272907231197978,0.7602956877743289,0.09531789792349853,0.10651168273857761,0.08952729558189512,0.08355426202589598,0.09531789792349853,0.09531789792349853,0.09531789792349853,0.08653199832728428,0.09962190394171307,-0.72564457888047,-0.72564457888047,-0.72564457888047,-0.72564457888047,0.2743554211195297,9.274355421119523,49.27435542111949,-0.72564457888047,-0.72564457888047,-0.007850798442543327,0.010946689555149991,-0.011247944567040369,-0.010580265465817362,-0.008925544569497013,-0.018874912029923085,-0.06105670826582166,0.0016461442393278514,0.03465110889385892,134,141,108,57,119,110,115,64,309,58.640240619999986,63.08072167399996,49.49213768200025,25.495087886999954,47.132074458999796,43.41738212200016,48.322774106,27.395494412000062,149.1761634039999
105,-15.513236316503399,-15.374824451033543,0.08222237557849003,1.6833844132577573,636800.0,0.01,5.0,0.003,1.5513236316503933,1.5513236316503896,1.5513236316503982,1.5513236316504044,1.6513236316503968,2.551323631650427,6.551323631650561,3.1026472633007867,0.7756618158251967,0.0,0.0,0.0,0.0,0.9999999999999997,9.999999999999993,49.99999999999996,0.0,0.0,9.999999999999655,9.99999999999968,9.999999999999623,9.999999999999584,9.999999999999655,9.999999999999655,9.999999999999655,4.999999999999828,19.99999999999931,-0.2509566210548058,-0.32086972306967965,-0.18576450599698105,-0.1487180560914045,-0.2650804735833904,-0.39197031380785335,-0.9665003570461645,-0.33595482985137604,-0.09007542190131747,-15.537156974092271,-15.547412688262256,-15.529867310446214,-15.525662344041343,-15.538503230025874,-15.55059810286389,-15.605361098879136,-15.542307159250978,-15.522209801326838,0.09531789792327755,0.10651167530516838,0.08952729615142727,0.08355426277430378,0.09531789792327755,0.09531789792327755,0.09531789792327755,0.08653199824643074,0.09962190166891735,15.513236316503399,15.513236316503399,15.513236316503399,15.513236316503399,16.5132363165034,25.51323631650339,65.51323631650335,15.513236316503399,15.513236316503399,-0.02392065758887263,-0.034176371758857016,-0.01663099394281531,-0.012426027537944861,-0.025266913522475676,-0.03736178636049203,-0.09212478237573762,-0.029070842747579206,-0.008973484823439293,86,126,77,71,96,94,81,48,218,32.13559778999979,52.46544018199984,30.75102995599991,31.949590975999854,35.35723424099979,35.10084906400016,29.71819422000044,17.628503378000005,95.77548169600004
106,19.735006197048925,19.567156593117044,0.08222237557849003,-2.0414102943504777,636800.0,0.01,5.0,0.003,-1.9735006197049836,-1.9735006197049785,-1.97350061970499,-1.973500619705001,-1.873500619704979,-0.9735006197049382,3.026499380295243,-3.947001239409967,-0.9867503098524918,0.0,0.0,0.0,0.0,0.9999999999999996,9.999999999999993,49.99999999999996,0.0,0.0,9.999999999999538,9.999999999999565,9.999999999999506,9.999999999999451,9.999999999999538,9.999999999999538,9.999999999999538,4.999999999999769,19.999999999999076,0.5604964982076868,0.5379785419786296,0.5831014137688133,0.9619007767680418,0.5457909248832075,0.42479944795773816,-0.1732236835252346,0.6194247934359485,0.5567725812579777,19.78843154544599,19.792307202356845,19.787209689913325,19.815377106681844,19.787029841098594,19.775497187766256,19.718494879542835,19.788606262232392,19.79047294275177,0.09531789862721018,0.10651169300762994,0.089527295992971,0.08355426211730745,0.09531789862721018,0.09531789862721018,0.09531789862721018,0.08653199831758017,0.09962190590909173,-19.735006197048925,-19.735006197048925,-19.735006197048925,-19.735006197048925,-18.735006197048925,-9.735006197048932,30.264993802951032,-19.735006197048925,-19.735006197048925,0.053425348397066585,0.05730100530792015,0.0522034928644004,0.0803709096329186,0.05202364404966886,0.04049099071733053,-0.01651131750609025,0.05360006518346694,0.05546674570284438,92,95,97,84,87,115,120,48,187,33.48450117199991,40.5860781639999,43.838937543000156,42.089515919000405,34.4242661950002,48.47412066099969,50.044210699999894,17.63666188599973,79.70255804599992
107,-4.943695686750505,-4.689781086960319,0.08222237557849003,3.088144778154674,636800.0,0.01,5.0,0.003,0.49436956867507337,0.49436956867507204,0.4943695686750749,0.49436956867507764,0.594369568675078,1.4943695686751188,5.4943695686753,0.9887391373501467,0.24718478433753668,0.0,0.0,0.0,0.0,0.9999999999999996,9.999999999999993,49.99999999999996,0.0,0.0,9.999999999999538,9.999999999999565,9.999999999999506,9.999999999999451,9.999999999999538,9.999999999999538,9.999999999999538,4.999999999999769,19.999999999999076,-0.7547599001531484,-0.552227062471584,-0.9166194187019353,-1.0314850880566675,-0.7655438849944544,-0.8633594728575141,-1.3016638834905496,-0.8101207143563605,-0.8558138455535759,-5.015637814401186,-5.002514326098984,-5.0257581447615385,-5.029880662168086,-5.016665721175087,-5.0259892974631795,-5.067767552843758,-5.013797051042227,-5.028953493147942,0.09531789862721018,0.10651169300762994,0.089527295992971,0.08355426211730745,0.09531789862721018,0.09531789862721018,0.09531789862721018,0.08653199831758017,0.09962190590909173,4.943695686750505,4.943695686750505,4.943695686750505,4.943695686750505,5.943695686750505,14.943695686750498,54.94369568675046,4.943695686750505,4.943695686750505,-0.07194212765068109,-0.05881863934847864,-0.08206245801103318,-0.08618497541758074,-0.07297003442458205,-0.08229361071267416,-0.12407186609325294,-0.07010136429172142,-0.0852578063974363,102,126,119,63,104,96,107,58,255,41.27843837499995,53.51771684999994,52.421959453,29.027482068000154,41.239360917999875,36.91941040599977,42.78461583399985,23.13942336199989,116.8809217449998
108,5.303846569210936,5.276935798635984,0.08222237557849003,-0.3272925451936508,636800.0,0.01,5.0,0.003,-0.530384656921108,-0.5303846569211066,-0.5303846569211095,-0.5303846569211128,-0.43038465692110534,0.46961534307891845,4.469615343079024,-1.060769313842216,-0.265192328460554,0.0,0.0,0.0,0.0,0.9999999999999997,9.999999999999993,49.99999999999996,0.0,0.0,9.999999999999728,9.999999999999755,9.999999999999702,9.999999999999638,9.999999999999728,9.999999999999728,9.999999999999728,4.999999999999864,19.999999999999456,-0.27222089077641987,0.05453348016442819,-0.6815100285514412,-1.4950020580784835,-0.2833958714085951,-0.38466395939895875,-0.8513656086012018,-0.6560497581265351,-0.2525152991040307,5.277899046131266,5.30965502194884,5.242832819442786,5.178932775520993,5.276833870468071,5.2671812091940975,5.22269618903471,5.247077272638116,5.2786905143397815,0.09531789792349853,0.10651168273857761,0.08952729558189512,0.08355426202589598,0.09531789792349853,0.09531789792349853,0.09531789792349853,0.08653199832728428,0.09962190394171307,-5.303846569210936,-5.303846569210936,-5.303846569210936,-5.303846569210936,-4.303846569210936,4.696153430789057,44.696153430789025,-5.303846569210936,-5.303846569210936,-0.02594752307967063,0.005808452737904091,-0.06101374976815066,-0.12491379368994338,-0.027012698742865382,-0.03666536001683873,-0.08115038017622656,-0.05676929657282059,-0.025156054871154687,96,105,93,52,106,119,95,52,216,37.644746691000364,42.136013665000064,39.35373846599987,23.07090904100005,40.744536606999645,47.880268408999655,35.90775053100015,19.640093243000138,95.54361371600044
109,14.707747083523788,14.594493940176122,0.08222237557849003,-1.3774005257188688,636800.0,0.01,5.0,0.003,-1.4707747083524199,-1.470774708352416,-1.4707747083524239,-1.4707747083524307,-1.370774708352417,-0.47077470835239266,3.5292252916477156,-2.9415494167048397,-0.7353873541762099,0.0,0.0,0.0,0.0,0.9999999999999996,9.999999999999993,49.99999999999996,0.0,0.0,9.999999999999721,9.999999999999746,9.999999999999694,9.999999999999647,9.999999999999721,9.999999999999721,9.999999999999721,4.999999999999861,19.999999999999442,0.3363469365759421,0.23219406104443652,0.418942877790153,0.48341858022412526,0.3244084174368115,0.20189091325432587,-0.38813101976897874,0.3203654181176349,0.09535298161381181,14.73980696641472,14.732478461045961,14.745253906551067,14.748138766572902,14.738669011868774,14.72699090093913,14.670751250688777,14.735468943355617,14.717246328921703,0.09531789769607002,0.10651167136199786,0.0895272960006396,0.08355426270621862,0.09531789769607002,0.09531789769607002,0.09531789769607002,0.08653199834961377,0.09962190208574755,-14.707747083523788,-14.707747083523788,-14.707747083523788,-14.707747083523788,-13.707747083523788,-4.707747083523795,35.29225291647617,-14.707747083523788,-14.707747083523788,0.0320598828909322,0.024731377522172693,0.03750682302727881,0.04039168304911378,0.03092192834498597,0.01924381741534198,-0.036995832835010845,0.02772185983182851,0.009499245397915246,109,117,86,49,107,120,98,49,180,42.41084612900022,51.204619023000305,37.81449823699995,24.288070943999628,43.34929319699995,50.08602985200014,38.75095097099984,18.52935232300024,79.03064408499995
110,0.5548828325640902,0.5009815169300466,0.08222237557849003,-0.6555553187901887,636800.0,0.01,5.0,0.003,-0.05548828325641053,-0.05548828325641038,-0.05548828325641068,-0.05548828325641103,0.04451171674359215,0.944511716743616,4.944511716743722,-0.11097656651282106,-0.027744141628205266,0.0,0.0,0.0,0.0,0.9999999999999997,9.999999999999993,49.99999999999996,0.0,0.0,9.999999999999728,9.999999999999755,9.999999999999702,9.999999999999638,9.999999999999728,9.999999999999728,9.999999999999728,4.999999999999864,19.999999999999456,1.5629091287797052,1.402727095734639,1.6228425120625194,1.4955799383236192,1.5514723586697818,1.4284650639662348,1.0369750271558353,1.399450922236795,1.7484292763640938,0.7038560453648182,0.7042896559537845,0.7001715338243766,0.6798449106114552,0.702765916478906,0.6910411197185076,0.6537251123517472,0.675980117426201,0.7290646859829129,0.09531789792349853,0.10651168273857761,0.08952729558189512,0.08355426202589598,0.09531789792349853,0.09531789792349853,0.09531789792349853,0.08653199832728428,0.09962190394171307,-0.5548828325640902,-0.5548828325640902,-0.5548828325640902,-0.5548828325640902,0.44511716743590946,9.445117167435903,49.44511716743587,-0.5548828325640902,-0.5548828325640902,0.14897321280072795,0.14940682338969424,0.14528870126028637,0.12496207804736503,0.14788308391481575,0.13615828715441736,0.09884227978765703,0.1210972848621108,0.17418185341882264,144,123,93,59,130,117,102,56,227,60.142129535000095,54.13561643699995,41.961694508000164,28.557083129000148,56.42492920099994,49.701262899000085,40.711304848000054,23.208430981999754,105.08953089900024
111,-0.7509806715206472,-0.5977744219343035,0.08222237557849003,1.8633157763739379,636800.0,0.01,5.0,0.003,0.07509806715206731,0.07509806715206711,0.07509806715206754,0.07509806715206784,0.1750980671520707,1.075098067152101,5.075098067152235,0.15019613430413462,0.037549033576033654,0.0,0.0,0.0,0.0,0.9999999999999997,9.999999999999993,49.99999999999996,0.0,0.0,9.999999999999655,9.99999999999968,9.999999999999623,9.999999999999584,9.999999999999655,9.999999999999655,9.999999999999655,4.999999999999828,19.99999999999931,1.546027342954944,1.3776717866363843,1.711130365394655,1.8526788644357153,1.5315610325942026,1.4340836338977798,0.8810427181477516,1.7903626107236756,1.254189769705784,-0.6036165950582718,-0.6042425415053414,-0.59778779654426,-0.5961814548451867,-0.6049954933525634,-0.6142868340913357,-0.6670015316461928,-0.5960570172290309,-0.6260359016088555,0.09531789792327755,0.10651167530516838,0.08952729615142727,0.08355426277430378,0.09531789792327755,0.09531789792327755,0.09531789792327755,0.08653199824643074,0.09962190166891735,0.7509806715206472,0.7509806715206472,0.7509806715206472,0.7509806715206472,1.7509806715206468,10.75098067152064,50.7509806715206,0.7509806715206472,0.7509806715206472,0.14736407646237537,0.14673813001530578,0.15319287497638723,0.15479921667546048,0.14598517816808376,0.13669383742931152,0.08397913987445438,0.15492365429161625,0.12494476991179171,104,149,89,74,101,103,109,58,280,43.205001162999906,67.50613243599992,39.21007659399993,36.08684935400015,39.49650252799984,40.5132083200001,44.653326130000096,24.33848561600007,134.89024595299998
112,5.625461182035632,5.394023933143106,0.08222237557849003,-2.814772101440868,636800.0,0.01,5.0,0.003,-0.5625461182035826,-0.5625461182035812,-0.5625461182035845,-0.5625461182035866,-0.46254611820357916,0.4374538817964511,4.437453881796585,-1.1250922364071652,-0.2812730591017913,0.0,0.0,0.0,0.0,0.9999999999999997,9.999999999999993,49.99999999999996,0.0,0.0,9.999999999999655,9.99999999999968,9.999999999999623,9.999999999999584,9.999999999999655,9.999999999999655,9.999999999999655,4.999999999999828,19.99999999999931,0.04264298540382021,-0.06900475062661571,0.1933015364181802,0.5035008951428739,0.038621373513881785,-0.06107083871948072,-0.5055500759917553,-0.07516852097515295,0.04745417274382576,5.6295258217654975,5.618111370442376,5.642766945933069,5.667530828135497,5.629142490173885,5.61964003806448,5.577273211497145,5.618956699710424,5.630188656966498,0.09531789792327755,0.10651167530516838,0.08952729615142727,0.08355426277430378,0.09531789792327755,0.09531789792327755,0.09531789792327755,0.08653199824643074,0.09962190166891735,-5.625461182035632,-5.625461182035632,-5.625461182035632,-5.625461182035632,-4.625461182035632,4.3745388179643605,44.37453881796432,-5.625461182035632,-5.625461182035632,0.004064639729865149,-0.007349811593256206,0.01730576389743632,0.042069646099864855,0.003681308138252959,-0.005821143971152409,-0.048187970538487335,-0.006504482325208727,0.0047274749308652275,101,116,83,54,103,113,81,58,257,38.503472022000096,46.21399809200011,33.36892216300021,24.04345233999993,38.780201168000076,43.2611896010003,28.855057133999708,24.087258520999967,121.69403832099988
113,-3.354847200567565,-3.2251372323374703,0.08222237557849003,1.5775507253043648,636800.0,0.01,5.0,0.003,0.33548472005676805,0.3354847200567672,0.33548472005676916,0.33548472005677044,0.43548472005677147,1.3354847200568019,5.335484720056936,0.6709694401135361,0.16774236002838402,0.0,0.0,0.0,0.0,0.9999999999999997,9.999999999999993,49.99999999999996,0.0,0.0,9.999999999999655,9.99999999999968,9.999999999999623,9.999999999999584,9.999999999999655,9.999999999999655,9.999999999999655,4.999999999999828,19.99999999999931,-1.0468018086540025,-0.7782431612210875,-1.343468727849815,-1.8249680144592513,-1.0587781218262218,-1.173385163987888,-1.6610996147025152,-1.217255434746307,-0.8059599974777129,-3.4546261485107497,-3.4377391834640134,-3.4751243232359568,-3.507331057602393,-3.4557677055071965,-3.466691807853251,-3.513179724082175,-3.460178745712491,-3.4351384681853707,0.09531789792327755,0.10651167530516838,0.08952729615142727,0.08355426277430378,0.09531789792327755,0.09531789792327755,0.09531789792327755,0.08653199824643074,0.09962190166891735,3.354847200567565,3.354847200567565,3.354847200567565,3.354847200567565,4.354847200567565,13.354847200567558,53.35484720056752,3.354847200567565,3.354847200567565,-0.09977894794318454,-0.08289198289644828,-0.12027712266839163,-0.1524838570348277,-0.10092050493963134,-0.1118446072856858,-0.15833252351461002,-0.10533154514492571,-0.08029126761780558,133,112,115,63,131,98,87,52,310,58.126924027000314,46.77168484599997,52.066052336999746,29.13087309599996,57.21690661599996,40.0039950700002,34.21495942399997,21.507490789000258,151.3689962100002
114,0.44060493006592294,0.2444469970576925,0.08222237557849003,-2.3857001409668195,636800.0,0.01,5.0,0.003,-0.044060493006593815,-0.044060493006593704,-0.044060493006593954,-0.04406049300659413,0.0559395069934096,0.9559395069934399,4.955939506993574,-0.08812098601318763,-0.022030246503296907,0.0,0.0,0.0,0.0,0.9999999999999997,9.999999999999993,49.99999999999996,0.0,0.0,9.999999999999655,9.99999999999968,9.999999999999623,9.999999999999584,9.999999999999655,9.999999999999655,9.999999999999655,4.999999999999828,19.99999999999931,-1.9304541149498695,-1.679823009113241,-2.1012440966012695,-2.757626093206369,-1.9347911661254045,-2.0354560485174176,-2.4658736982092955,-2.196088124511102,-1.8852047630271505,0.2565981017915602,0.26168416714910253,0.2524862275430628,0.21019351484088125,0.2561847031903225,0.24658953820602186,0.2055630326083144,0.2505730363267209,0.2527972465378575,0.09531789792327755,0.10651167530516838,0.08952729615142727,0.08355426277430378,0.09531789792327755,0.09531789792327755,0.09531789792327755,0.08653199824643074,0.09962190166891735,-0.44060493006592294,-0.44060493006592294,-0.44060493006592294,-0.44060493006592294,0.5593950699340767,9.55939506993407,49.559395069934034,-0.44060493006592294,-0.44060493006592294,-0.18400682827436277,-0.1789207629168204,-0.18811870252286012,-0.2304114152250417,-0.18442022687560045,-0.19401539185990108,-0.23504189745760853,-0.19003189373920204,-0.18780768352806543,142,116,93,56,115,106,99,55,186,58.79421523700012,47.380973822000215,39.03627642299989,25.751379510999868,46.72178985100027,42.095741022999846,38.175143897,21.17889014000002,80.89838908399997
115,2.251849326955446,2.1484254974948236,0.08222237557849003,-1.2578550392513672,636800.0,0.01,5.0,0.003,-0.22518493269554907,-0.2251849326955486,-0.22518493269554973,-0.2251849326955511,-0.12518493269554712,0.7748150673044701,4.774815067304546,-0.45036986539109813,-0.11259246634777453,0.0,0.0,0.0,0.0,0.9999999999999996,9.999999999999993,49.99999999999996,0.0,0.0,9.999999999999801,9.999999999999822,9.99999999999977,9.99999999999971,9.999999999999801,9.999999999999801,9.999999999999801,4.9999999999999005,19.999999999999602,-1.8775546162155206,-1.4384856147747689,-2.282115608461958,-2.941770140772929,-1.886435443770434,-2.0376368453532026,-2.440183725718212,-2.478722449484259,-1.6473030797501977,2.072884766818655,2.0986338109898153,2.0475376858570327,2.0060518911144665,2.072038265000125,2.057626065167095,2.019256142525818,2.0373605203187277,2.0877418677688695,0.09531789839356017,0.10651167755307743,0.08952729666316507,0.08355426293653176,0.09531789839356017,0.09531789839356017,0.09531789839356017,0.08653199824020079,0.09962189787896353,-2.251849326955446,-2.251849326955446,-2.251849326955446,-2.251849326955446,-1.2518493269554463,7.748150673044547,47.74815067304451,-2.251849326955446,-2.251849326955446,-0.17896456013679085,-0.15321551596563054,-0.20431164109841315,-0.24579743584097935,-0.17981106195532082,-0.19422326178835103,-0.23259318442962762,-0.2144888066367181,-0.16410745918657632,136,116,88,48,110,115,87,53,208,59.73076255700016,50.026105223000286,38.80776962600021,21.975519591999728,45.72156807100009,48.42024741299974,33.61030205199995,21.746050487000048,97.93770575999997
116,-4.298219789995208,-4.531255343041361,0.08222237557849003,-2.8342108994855746,636800.0,0.01,5.0,0.003,0.42982197899953406,0.4298219789995326,0.42982197899953534,0.4298219789995385,0.5298219789995371,1.429821978999564,5.4298219789996836,0.8596439579990681,0.21491098949976703,0.0,0.0,0.0,0.0,0.9999999999999996,9.999999999999993,49.99999999999996,0.0,0.0,9.999999999999693,9.999999999999726,9.999999999999662,9.99999999999959,9.999999999999693,9.999999999999693,9.999999999999693,4.999999999999846,19.999999999999385,-0.529439367251279,-0.08451074115545343,-1.1578123293972866,-2.996190205623333,-0.538527191093998,-0.6330105317934888,-1.0728317058622492,-1.7864738975199201,0.3454128645547331,-4.348684837662604,-4.30722117140129,-4.401875597431031,-4.548564252077426,-4.34955106992976,-4.358557023372416,-4.400479853232508,-4.452806945953538,-4.263809103997365,0.09531789811815024,0.10651168458603168,0.08952729626724758,0.08355426221351518,0.09531789811815024,0.09531789811815024,0.09531789811815024,0.08653199812935208,0.09962190042401006,4.298219789995208,4.298219789995208,4.298219789995208,4.298219789995208,5.298219789995208,14.298219789995201,54.298219789995166,4.298219789995208,4.298219789995208,-0.050465047667395346,-0.009001381406081421,-0.10365580743582292,-0.25034446208221794,-0.05133127993455133,-0.060337233377207866,-0.10226006323729919,-0.15458715595833006,0.03441068599784369,143,133,93,103,136,98,82,59,260,60.102596724999785,59.38570665299994,42.67915997599994,52.240695955999854,59.77405842100006,39.06433385499986,31.833782305999648,23.649830695999754,118.45204559100011
117,15.273079360633549,15.237379596057488,0.08222237557849003,-0.43418551610663636,636800.0,0.01,5.0,0.003,-1.5273079360633903,-1.5273079360633879,-1.5273079360633957,-1.527307936063402,-1.427307936063388,-0.5273079360633679,3.472692063936722,-3.0546158721267807,-0.7636539680316952,0.0,0.0,0.0,0.0,0.9999999999999996,9.999999999999993,49.99999999999996,0.0,0.0,9.999999999999767,9.999999999999783,9.999999999999734,9.999999999999691,9.999999999999767,9.999999999999767,9.999999999999767,4.999999999999884,19.999999999999535,2.7754417294078926,2.610900628833791,2.74001044013288,2.073442080791271,2.7686161186031875,2.700795036969841,2.188436349469085,2.6214874248049402,2.761229279333924,15.537628632421388,15.551170796143268,15.51838508726951,15.446324284585401,15.536978029546624,15.530513466602335,15.48167651346572,15.49992190628274,15.548158274161594,0.09531789804294594,0.1065116888933202,0.0895272963354344,0.08355426252646432,0.09531789804294594,0.09531789804294594,0.09531789804294594,0.0865319984001335,0.09962190231243696,-15.273079360633549,-15.273079360633549,-15.273079360633549,-15.273079360633549,-14.273079360633549,-5.273079360633556,34.72692063936641,-15.273079360633549,-15.273079360633549,0.26454927178783905,0.2780914355097188,0.2453057266359604,0.17324492395185231,0.26389866891307534,0.2574341059687857,0.20859715283217106,0.22684254564919115,0.2750789135280449,95,129,75,44,101,101,97,54,158,37.3024764339998,54.65278944600004,30.960022868000124,19.351876277999963,39.66823869200016,39.53144599400002,37.65308970000024,20.597572188999948,67.58815046500013
118,-6.95884970766304,-6.944962792443627,0.08222237557849003,0.16889459981798857,636800.0,0.01,5.0,0.003,0.6958849707663254,0.695884970766323,0.6958849707663275,0.6958849707663326,0.7958849707663285,1.6958849707663557,5.695884970766475,1.3917699415326508,0.3479424853831627,0.0,0.0,0.0,0.0,0.9999999999999996,9.999999999999993,49.99999999999996,0.0,0.0,9.999999999999693,9.999999999999726,9.999999999999662,9.99999999999959,9.999999999999693,9.999999999999693,9.999999999999693,4.999999999999846,19.999999999999385,-2.3704563466807773,-2.311561196668274,-2.241334813143386,-1.580926363560507,-2.3807169331580726,-2.396521156562004,-3.0372967244598423,-1.9284690060882854,-2.9934866498740655,-7.184796624209481,-7.205057984743881,-7.159510353513424,-7.090942843584234,-7.185774641745956,-7.187281067102209,-7.248358447399695,-7.125723984090385,-7.257066536617398,0.09531789811815024,0.10651168458603168,0.08952729626724758,0.08355426221351518,0.09531789811815024,0.09531789811815024,0.09531789811815024,0.08653199812935208,0.09962190042401006,6.95884970766304,6.95884970766304,6.95884970766304,6.95884970766304,7.95884970766304,16.958849707663035,56.958849707663,6.95884970766304,6.95884970766304,-0.22594691654644095,-0.24620827708084114,-0.2006606458503839,-0.13209313592119365,-0.22692493408291625,-0.2284313594391687,-0.2895087397366547,-0.16687427642734498,-0.29821682895435764,124,128,78,59,108,102,94,57,403,50.821915162000096,57.7846120600002,33.60138323399997,28.49220735500012,45.02601439599994,41.1701559940002,37.15260820799995,23.51476097299974,190.18276691099982
119,10.723663328720075,10.766561915051327,0.08222237557849003,0.5217385903706945,636800.0,0.01,5.0,0.003,-1.0723663328720365,-1.0723663328720343,-1.0723663328720399,-1.0723663328720467,-0.9723663328720338,-0.07236633287201019,3.927633667128094,-2.144732665744073,-0.5361831664360183,0.0,0.0,0.0,0.0,0.9999999999999996,9.999999999999993,49.99999999999995,0.0,0.0,9.99999999999973,9.99999999999975,9.999999999999698,9.999999999999634,9.99999999999973,9.99999999999973,9.99999999999973,4.999999999999865,19.99999999999946,1.540204145721562,1.2142873806389423,1.8469936104887354,2.351873862974067,1.5259828384479561,1.396510415855152,0.89595887722975,2.3107576681679065,1.0317792352764534,10.870472351827651,10.852999114564959,10.889019671355925,10.920172415032187,10.869116806698162,10.856775767406052,10.809064246433511,10.923617807224126,10.826451140300719,0.0953178989391681,0.1065116774719579,0.08952729543666064,0.08355426258431052,0.0953178989391681,0.0953178989391681,0.0953178989391681,0.08653199825258409,0.09962190366537367,-10.723663328720075,-10.723663328720075,-10.723663328720075,-10.723663328720075,-9.723663328720075,-0.7236633287200824,39.27633667127988,-10.723663328720075,-10.723663328720075,0.1468090231075756,0.1293357858448836,0.16535634263584953,0.19650908631211195,0.14545347797808716,0.133112438685977,0.08540091771343583,0.19995447850405057,0.10278781158064376,99,113,92,46,106,104,94,56,229,40.47656403100018,47.12308690300006,40.38569588900009,20.413906021999992,44.444780609999725,42.67495768000026,37.72267665499976,23.061677916999997,108.13698116700016
120,4.881379734687262,4.891875831194524,0.08222237557849003,0.1276549896961069,636800.0,0.01,5.0,0.003,-0.4881379734687395,-0.48813797346873816,-0.48813797346874077,-0.4881379734687439,-0.3881379734687368,0.511862026531287,4.511862026531392,-0.976275946937479,-0.24406898673436975,0.0,0.0,0.0,0.0,0.9999999999999997,9.999999999999993,49.99999999999996,0.0,0.0,9.999999999999728,9.999999999999755,9.999999999999702,9.999999999999638,9.999999999999728,9.999999999999728,9.999999999999728,4.999999999999864,19.999999999999456,-0.22113780563112534,-0.0817711458436207,-0.24433228509247004,-0.052591717389169075,-0.2338520858007818,-0.28910535259713543,-0.7298958344350979,-0.07800806956608143,-0.07981809748629337,4.860301343903088,4.872670152343996,4.859505325979589,4.8769854725521355,4.859089445443706,4.853822820199271,4.811807598045791,4.874629540542055,4.873428103846672,0.09531789792349853,0.10651168273857761,0.08952729558189512,0.08355426202589598,0.09531789792349853,0.09531789792349853,0.09531789792349853,0.08653199832728428,0.09962190394171307,-4.881379734687262,-4.881379734687262,-4.881379734687262,-4.881379734687262,-3.8813797346872625,5.118620265312731,45.11862026531269,-4.881379734687262,-4.881379734687262,-0.02107839078417406,-0.008709582343265687,-0.02187440870767343,-0.004394262135126503,-0.02229028924355614,-0.027556914487990802,-0.06957213664147144,-0.006750194145206834,-0.007951630840589807,128,118,100,64,108,93,113,60,264,52.642337622000014,49.06997963699996,41.95414766099975,29.199561767999967,41.53185677300007,35.2821036790001,44.05198983199989,23.197803303,118.02402600000005
121,14.804227939889412,14.564881559946045,0.08222237557849003,-2.9109640564311494,636800.0,0.01,5.0,0.003,-1.4804227939889922,-1.4804227939889885,-1.480422793988997,-1.4804227939890027,-1.3804227939889888,-0.48042279398895843,3.5195772060111756,-2.9608455879779845,-0.7402113969944961,0.0,0.0,0.0,0.0,0.9999999999999997,9.999999999999993,49.99999999999996,0.0,0.0,9.999999999999655,9.99999999999968,9.999999999999623,9.999999999999584,9.999999999999655,9.999999999999655,9.999999999999655,4.999999999999828,19.99999999999931,-1.309604040267461,-1.1198185210619542,-1.4445722457238594,-1.199356697160451,-1.3212786325138,-1.4178206775522515,-1.856736510507532,-1.3904936835113542,-1.4497138333856927,14.679399235659286,14.684954193173347,14.67489929263436,14.704016575254746,14.678286438067254,14.669084253272974,14.627247718710432,14.683905742906134,14.659804690931793,0.09531789792327755,0.10651167530516838,0.08952729615142727,0.08355426277430378,0.09531789792327755,0.09531789792327755,0.09531789792327755,0.08653199824643074,0.09962190166891735,-14.804227939889412,-14.804227939889412,-14.804227939889412,-14.804227939889412,-13.804227939889412,-4.804227939889419,35.19577206011054,-14.804227939889412,-14.804227939889412,-0.12482870423012571,-0.11927374671606472,-0.12932864725505233,-0.1002113646346654,-0.12594150182215813,-0.13514368661643772,-0.1769802211789795,-0.12032219698327751,-0.1444232489576187,125,116,90,52,118,113,105,63,324,53.743591681,48.97126384100011,38.388377530999605,24.33859905600002,48.45446071200013,46.980187591999766,43.60207346900006,26.759733341000356,153.85129596099978
122,-25.278524986162843,-25.291679422814088,0.08222237557849003,-0.15998609330726202,636800.0,0.01,5.0,0.003,2.527852498616343,2.527852498616339,2.5278524986163515,2.5278524986163626,2.6278524986163454,3.5278524986163657,7.527852498616456,5.055704997232686,1.2639262493081715,0.0,0.0,0.0,0.0,0.9999999999999996,9.999999999999993,49.99999999999996,0.0,0.0,9.999999999999767,9.999999999999783,9.999999999999734,9.999999999999691,9.999999999999767,9.999999999999767,9.999999999999767,4.999999999999884,19.999999999999535,0.7922895437812597,0.6820866334704909,0.8921950071923485,0.982396254864041,0.7818784033666824,0.6904484257995009,0.23769715979297712,0.6455156678067064,1.149311983909445,-25.20300561220821,-25.205874786860342,-25.19864917936494,-25.196441591578917,-25.203997980228756,-25.212712893508574,-25.255868192520598,-25.222667225428932,-25.164028339975303,0.09531789804294594,0.1065116888933202,0.0895272963354344,0.08355426252646432,0.09531789804294594,0.09531789804294594,0.09531789804294594,0.0865319984001335,0.09962190231243696,25.278524986162843,25.278524986162843,25.278524986162843,25.278524986162843,26.278524986162843,35.278524986162836,75.27852498616281,25.278524986162843,25.278524986162843,0.07551937395463426,0.07265019930250105,0.0798758067979044,0.08208339458392544,0.07452700593408679,0.06581209265426935,0.02265679364224482,0.05585776073391102,0.11449664618753985,93,97,65,61,91,87,103,52,201,36.66597015300022,39.596667001999776,24.6547064209999,27.343995258000177,33.08577826199962,31.997702909000054,40.069542951999665,21.59988938100014,93.03059212100015
123,-1.817367101602013,-1.7584895411526786,0.08222237557849003,0.7160771023105436,636800.0,0.01,5.0,0.003,0.18173671016020623,0.18173671016020576,0.18173671016020673,0.18173671016020787,0.2817367101602089,1.1817367101602327,5.181736710160338,0.36347342032041247,0.09086835508010312,0.0,0.0,0.0,0.0,0.9999999999999997,9.999999999999993,49.99999999999996,0.0,0.0,9.999999999999728,9.999999999999755,9.999999999999702,9.999999999999638,9.999999999999728,9.999999999999728,9.999999999999728,4.999999999999864,19.999999999999456,-0.49950808840877375,-0.4783168994192829,-0.46670093781875677,-0.0482510674432911,-0.5072951922503779,-0.62296293116621,-1.0825694059355595,-0.31791692099789887,-0.47626441315451873,-1.8649791625849224,-1.8683134394414598,-1.8591495744104605,-1.821398683934199,-1.865721412954016,-1.8767466186850372,-1.920555341732081,-1.8448770880780185,-1.8648134692201488,0.09531789792349853,0.10651168273857761,0.08952729558189512,0.08355426202589598,0.09531789792349853,0.09531789792349853,0.09531789792349853,0.08653199832728428,0.09962190394171307,1.817367101602013,1.817367101602013,1.817367101602013,1.817367101602013,2.8173671016020125,11.817367101602006,51.817367101601974,1.817367101602013,1.817367101602013,-0.04761206098290938,-0.0509463378394468,-0.04178247280844749,-0.0040315823321859234,-0.048354311352003077,-0.05937951708302425,-0.10318824013006811,-0.027509986476005555,-0.04744636761813581,109,113,90,54,107,153,86,62,340,43.15409579700008,45.72473708100006,37.772284864000085,24.111081553000076,41.30749733199991,64.20896634699966,31.881707799000196,23.99165500199979,156.08765668800015
124,8.021299972367128,7.970817138609449,0.08222237557849003,-0.6139792654067533,636800.0,0.01,5.0,0.003,-0.8021299972367405,-0.8021299972367385,-0.802129997236743,-0.8021299972367462,-0.702129997236737,0.1978700027632933,4.197870002763427,-1.604259994473481,-0.40106499861837025,0.0,0.0,0.0,0.0,0.9999999999999997,9.999999999999993,49.99999999999996,0.0,0.0,9.999999999999655,9.99999999999968,9.999999999999623,9.999999999999584,9.999999999999655,9.999999999999655,9.999999999999655,4.999999999999828,19.99999999999931,0.4113269554128866,0.30164932237262376,0.5777327354441877,1.3443475404867087,0.39533311432149615,0.28062938090472583,-0.2761376447883724,0.7493500253872042,0.14298248709483577,8.060506793116266,8.053429147047705,8.073022822069614,8.133625940024944,8.058982293803716,8.048048975050477,7.994979112528416,8.086142727449896,8.035544159636867,0.09531789792327755,0.10651167530516838,0.08952729615142727,0.08355426277430378,0.09531789792327755,0.09531789792327755,0.09531789792327755,0.08653199824643074,0.09962190166891735,-8.021299972367128,-8.021299972367128,-8.021299972367128,-8.021299972367128,-7.021299972367128,1.9787000276328648,41.978700027632826,-8.021299972367128,-8.021299972367128,0.03920682074913806,0.032129174680576966,0.05172284970248597,0.11232596765781544,0.037682321436587785,0.026749002683349232,-0.02632085983871235,0.06484275508276838,0.014244187269738973,98,99,90,47,96,104,92,49,182,39.888736334999976,40.810750265000024,38.42993102899982,20.968150167000204,37.66108609799994,42.55472623699961,36.348915485999896,19.379796854999768,83.25122006999982
125,-1.011320516327594,-1.1543640735669198,0.08222237557849003,-1.7397156945772685,636800.0,0.01,5.0,0.003,0.10113205163276176,0.1011320516327616,0.1011320516327621,0.10113205163276252,0.20113205163276404,1.1011320516327843,5.101132051632874,0.20226410326552352,0.05056602581638088,0.0,0.0,0.0,0.0,0.9999999999999996,9.999999999999993,49.99999999999996,0.0,0.0,9.999999999999767,9.999999999999783,9.999999999999734,9.999999999999691,9.999999999999767,9.999999999999767,9.999999999999767,4.999999999999884,19.999999999999535,-1.193310761693828,-1.1971670861542656,-1.1279867087882383,-0.9399131961718781,-1.2079453159718818,-1.2914703942663064,-1.8100582118943658,-1.328171368461144,-1.1285669767781314,-1.1250643898442765,-1.1388328045613798,-1.11230611666771,-1.0898542702726273,-1.126459324796856,-1.134420759693753,-1.1838514604207382,-1.1262498390583768,-1.1237505054412273,0.09531789804294594,0.1065116888933202,0.0895272963354344,0.08355426252646432,0.09531789804294594,0.09531789804294594,0.09531789804294594,0.0865319984001335,0.09962190231243696,1.011320516327594,1.011320516327594,1.011320516327594,1.011320516327594,2.0113205163275936,11.011320516327586,51.01132051632755,1.011320516327594,1.011320516327594,-0.11374387351668247,-0.1275122882337858,-0.10098560034011594,-0.07853375394503326,-0.11513880846926194,-0.12310024336615899,-0.17253094409314418,-0.11492932273078282,-0.11242998911363333,127,111,81,76,114,102,75,62,181,53.124666929999876,47.50797418299999,35.20830087500008,37.462101114000234,48.37136304299975,42.60015981300012,27.380163387000266,25.758972012999948,84.3294263140001
126,12.012955607552623,11.767004944192275,0.08222237557849003,-2.991286272500876,636800.0,0.01,5.0,0.003,-1.2012955607552949,-1.2012955607552918,-1.2012955607552982,-1.2012955607553057,-1.1012955607552923,-0.2012955607552685,3.7987044392448364,-2.4025911215105897,-0.6006477803776474,0.0,0.0,0.0,0.0,0.9999999999999997,9.999999999999993,49.99999999999996,0.0,0.0,9.999999999999728,9.999999999999755,9.999999999999702,9.999999999999638,9.999999999999728,9.999999999999728,9.999999999999728,4.999999999999864,19.999999999999456,-4.23799768390938,-3.9853461884811225,-4.23774199093017,-3.813157736705943,-4.252543658177474,-4.337171163670096,-4.627596612958439,-4.2988606719618065,-4.530192887917246,11.608998576917726,11.588469678721722,11.63356202773081,11.694350026873822,11.607612085227242,11.599545569297176,11.571862825967523,11.640966603077196,11.5616491668351,0.09531789792349853,0.10651168273857761,0.08952729558189512,0.08355426202589598,0.09531789792349853,0.09531789792349853,0.09531789792349853,0.08653199832728428,0.09962190394171307,-12.012955607552623,-12.012955607552623,-12.012955607552623,-12.012955607552623,-11.012955607552623,-2.0129556075526303,37.98704439244733,-12.012955607552623,-12.012955607552623,-0.4039570306348974,-0.42448592883090086,-0.379393579821814,-0.31860558067880085,-0.4053435223253814,-0.41341003825544753,-0.4410927815851,-0.37198900447542727,-0.45130644071752357,96,116,87,57,108,135,116,54,219,36.359279699000126,50.07040553199977,37.858607471999676,27.375020718000087,45.734207212,56.67029995299981,49.66069577099961,21.580791985999895,100.34155676499995
127,0.6464782418059003,0.6623530850618936,0.08222237557849003,0.19307205787114576,636800.0,0.01,5.0,0.003,-0.06464782418059153,-0.06464782418059144,-0.06464782418059176,-0.06464782418059203,0.03535217581941075,0.9353521758194311,4.935352175819521,-0.12929564836118307,-0.03232391209029577,0.0,0.0,0.0,0.0,0.9999999999999996,9.999999999999993,49.99999999999996,0.0,0.0,9.999999999999767,9.999999999999783,9.999999999999734,9.999999999999691,9.999999999999767,9.999999999999767,9.999999999999767,4.999999999999884,19.999999999999535,-1.8701446009830773,-1.6827448404674286,-2.0093295172884162,-2.435251800481493,-1.886360183296205,-1.981844553078204,-2.3294273536675365,-1.947200020090268,-1.8493987832989753,0.46821998940382953,0.4672462468711938,0.4665884026760849,0.4430025735504247,0.4666743541821998,0.4575729847586243,0.4244421228105687,0.4779831327827093,0.46223761687935,0.09531789804294594,0.1065116888933202,0.0895272963354344,0.08355426252646432,0.09531789804294594,0.09531789804294594,0.09531789804294594,0.0865319984001335,0.09962190231243696,-0.6464782418059003,-0.6464782418059003,-0.6464782418059003,-0.6464782418059003,0.35352175819409926,9.353521758194093,49.353521758194056,-0.6464782418059003,-0.6464782418059003,-0.17825825240207077,-0.17923199493470648,-0.17988983912981538,-0.20347566825547558,-0.17980388762370048,-0.188905257047276,-0.2220361189953316,-0.16849510902319098,-0.1842406249265503,119,115,102,65,129,113,83,59,310,48.96826015900024,48.16342866600007,44.66754822799976,29.955316795999806,53.19462937900016,45.64700779099985,29.978169011999853,22.95510332599997,142.87097235099964
128,7.58762648161525,7.824602860612972,0.08222237557849003,2.882139774367164,636800.0,0.01,5.0,0.003,-0.7587626481615511,-0.7587626481615493,-0.7587626481615536,-0.7587626481615566,-0.6587626481615477,0.2412373518384826,4.241237351838617,-1.5175252963231023,-0.3793813240807756,0.0,0.0,0.0,0.0,0.9999999999999997,9.999999999999993,49.99999999999996,0.0,0.0,9.999999999999655,9.99999999999968,9.999999999999623,9.999999999999584,9.999999999999655,9.999999999999655,9.999999999999655,4.999999999999828,19.99999999999931,1.1585486898506836,0.9581397518588914,1.3130621415297299,1.6553763335286151,1.1474257613623082,1.0417537395590426,0.6214818021877079,1.5970815125244167,0.8715455789446475,7.6980569073735845,7.689679551762219,7.7051813848252095,7.7259402307772636,7.696996693211322,7.686924258223732,7.646864820597353,7.72582513625642,7.674451509580853,0.09531789792327755,0.10651167530516838,0.08952729615142727,0.08355426277430378,0.09531789792327755,0.09531789792327755,0.09531789792327755,0.08653199824643074,0.09962190166891735,-7.58762648161525,-7.58762648161525,-7.58762648161525,-7.58762648161525,-6.58762648161525,2.412373518384743,42.412373518384705,-7.58762648161525,-7.58762648161525,0.1104304257583344,0.10205307014696885,0.11755490320995943,0.13831374916201344,0.10937021159607152,0.09929777660848149,0.05923833898210251,0.13819865464116976,0.08682502796560332,94,119,135,46,107,100,89,58,406,34.35069208899995,48.861895496000216,60.864852293999775,20.557610750000094,41.85728794900024,38.37783706200025,32.66916292700034,22.549573485999645,188.315643035
129,-6.307528436881917,-6.115293630226627,0.08222237557849003,2.3379865310724512,636800.0,0.01,5.0,0.003,0.6307528436882088,0.6307528436882072,0.6307528436882105,0.6307528436882145,0.7307528436882116,1.6307528436882353,5.630752843688341,1.2615056873764177,0.3153764218441044,0.0,0.0,0.0,0.0,0.9999999999999997,9.999999999999993,49.99999999999996,0.0,0.0,9.999999999999728,9.999999999999755,9.999999999999702,9.999999999999638,9.999999999999728,9.999999999999728,9.999999999999728,4.999999999999864,19.999999999999456,1.7043487476144183,1.4905206514895897,1.8886937920329483,2.242189216800021,1.6902533175954062,1.5752792621253393,1.102759450406935,2.2134426085707672,1.60228513139926,-6.145073496930763,-6.14877057413516,-6.138438789498893,-6.1201839715497695,-6.146417043690503,-6.15737612897365,-6.202415724153855,-6.1159948247795315,-6.147905741434425,0.09531789792349853,0.10651168273857761,0.08952729558189512,0.08355426202589598,0.09531789792349853,0.09531789792349853,0.09531789792349853,0.08653199832728428,0.09962190394171307,6.307528436881917,6.307528436881917,6.307528436881917,6.307528436881917,7.307528436881917,16.30752843688191,56.307528436881874,6.307528436881917,6.307528436881917,0.16245493995115368,0.15875786274675718,0.16908964738302412,0.18734446533214744,0.16111139319141365,0.15015230790826717,0.10511271272806155,0.1915336121023854,0.1596226954474922,124,122,86,61,143,91,100,58,196,51.618356675000086,51.423529472000155,38.30906236100009,29.474886046999927,63.97316050800009,35.694530847999886,40.45127921999983,22.211094107000008,83.01892181700032
130,17.015666095466415,16.883915669572794,0.08222237557849003,-1.6023670560071719,636800.0,0.01,5.0,0.003,-1.7015666095467001,-1.701566609546696,-1.7015666095467055,-1.7015666095467121,-1.6015666095466967,-0.7015666095466664,3.298433390453468,-3.4031332190934003,-0.8507833047733501,0.0,0.0,0.0,0.0,0.9999999999999997,9.999999999999993,49.99999999999996,0.0,0.0,9.999999999999655,9.99999999999968,9.999999999999623,9.999999999999584,9.999999999999655,9.999999999999655,9.999999999999655,4.999999999999828,19.99999999999931,0.7091517756847272,0.7256023751080208,0.5296934011673669,-0.03848632582650214,0.697558854555959,0.5209784991275184,0.0618332046929817,0.23035648946558362,0.5937276561120434,17.083260952033243,17.09295122004458,17.063088113462182,17.01245039888509,17.082155939160458,17.065324670866474,17.02155990655961,17.035599302808905,17.074814373641725,0.09531789792327755,0.10651167530516838,0.08952729615142727,0.08355426277430378,0.09531789792327755,0.09531789792327755,0.09531789792327755,0.08653199824643074,0.09962190166891735,-17.015666095466415,-17.015666095466415,-17.015666095466415,-17.015666095466415,-16.015666095466415,-7.015666095466422,32.98433390453354,-17.015666095466415,-17.015666095466415,0.06759485656682784,0.0772851245781645,0.04742201799576762,-0.0032156965813250338,0.06648984369404332,0.049658575400059135,0.005893811093194756,0.019933207342489823,0.059148278175310764,94,98,71,46,96,91,101,49,192,35.31187978400021,41.70964487299989,28.439147748999858,20.743730131999655,36.523434842999905,34.40317418400036,39.159501682000155,17.51113547900013,84.94381165000004
131,-2.3445784584740257,-2.231592329099197,0.08222237557849003,1.3741530645386373,636800.0,0.01,5.0,0.003,0.23445784584740723,0.23445784584740673,0.23445784584740795,0.23445784584740936,0.3344578458474092,1.2344578458474265,5.234457845847502,0.46891569169481445,0.11722892292370361,0.0,0.0,0.0,0.0,0.9999999999999996,9.999999999999993,49.99999999999996,0.0,0.0,9.999999999999801,9.999999999999822,9.99999999999977,9.99999999999971,9.999999999999801,9.999999999999801,9.999999999999801,4.9999999999999005,19.999999999999602,-0.7290569219934562,-0.4634138094447231,-1.0544782495229406,-1.9177603884116765,-0.7393424766505344,-0.8483946984559108,-1.3079112094187535,-1.4736905854224176,-0.20845393428996017,-2.4140706320877197,-2.3939374407192453,-2.438983045543921,-2.50481551421664,-2.4150510295414445,-2.4254456581390813,-2.469245806241201,-2.472099849618399,-2.3653450350283283,0.09531789839356017,0.10651167755307743,0.08952729666316507,0.08355426293653176,0.09531789839356017,0.09531789839356017,0.09531789839356017,0.08653199824020079,0.09962189787896353,2.3445784584740257,2.3445784584740257,2.3445784584740257,2.3445784584740257,3.3445784584740252,12.344578458474018,52.34457845847398,2.3445784584740257,2.3445784584740257,-0.06949217361369397,-0.04935898224521962,-0.0944045870698953,-0.1602370557426145,-0.07047257106741878,-0.08086719966505562,-0.12466734776717514,-0.1275213911443731,-0.020766576554302585,107,114,96,87,129,100,93,58,281,40.357435630000055,47.414531377,40.172847263999756,40.307787840999936,52.61091537700031,38.688083542000186,34.8536793799999,22.929495116,127.60293501399974
132,-4.140226508477495,-4.379722576109423,0.08222237557849003,-2.9127845789775786,636800.0,0.01,5.0,0.003,0.41402265084776074,0.41402265084775963,0.41402265084776185,0.4140226508477645,0.5140226508477634,1.414022650847787,5.414022650847892,0.8280453016955215,0.20701132542388037,0.0,0.0,0.0,0.0,0.9999999999999997,9.999999999999993,49.99999999999996,0.0,0.0,9.999999999999728,9.999999999999755,9.999999999999702,9.999999999999638,9.999999999999728,9.999999999999728,9.999999999999728,4.999999999999864,19.999999999999456,-1.8916778989090068,-1.9684410227842342,-1.6768953744763238,-1.080433098202869,-1.9031783231081654,-2.0049701393378867,-2.5502365372742353,-1.8947174604340615,-1.9472670794774602,-4.320537269349842,-4.3498884741858905,-4.2903544163281495,-4.230501298666188,-4.321633465609734,-4.331336047558566,-4.383309694418177,-4.3041801965944515,-4.334216962418059,0.09531789792349853,0.10651168273857761,0.08952729558189512,0.08355426202589598,0.09531789792349853,0.09531789792349853,0.09531789792349853,0.08653199832728428,0.09962190394171307,4.140226508477495,4.140226508477495,4.140226508477495,4.140226508477495,5.140226508477495,14.140226508477488,54.140226508477454,4.140226508477495,4.140226508477495,-0.18031076087234688,-0.20966196570839557,-0.15012790785065455,-0.09027479018869311,-0.1814069571322392,-0.1911095390810713,-0.2430831859406819,-0.16395368811695654,-0.1939904539405637,118,114,89,58,125,87,99,55,215,44.68993957299972,49.51034008600027,39.2990029409998,28.281564698999773,52.97907469399979,32.54884960399977,40.83216907399992,22.537434628000028,100.10037154400015
133,8.248763555840469,8.348015828079001,0.08222237557849003,1.2071199784757516,636800.0,0.01,5.0,0.003,-0.8248763555840694,-0.8248763555840671,-0.8248763555840716,-0.8248763555840768,-0.7248763555840666,0.17512364441595715,4.175123644416062,-1.6497527111681387,-0.4124381777920347,0.0,0.0,0.0,0.0,0.9999999999999997,9.999999999999993,49.99999999999996,0.0,0.0,9.999999999999728,9.999999999999755,9.999999999999702,9.999999999999638,9.999999999999728,9.999999999999728,9.999999999999728,4.999999999999864,19.999999999999456,-1.9107948316743981,-1.7942815204960836,-1.893897064072855,-1.0687060120186247,-1.9154094204930696,-2.0358017108524145,-2.4791002953043773,-1.5223233918159507,-2.108966048114887,8.06663060912218,8.057651611785698,8.079208073583535,8.159468613683615,8.066190756216203,8.054715216172955,8.012460926950531,8.117033870646265,8.038664342778834,0.09531789792349853,0.10651168273857761,0.08952729558189512,0.08355426202589598,0.09531789792349853,0.09531789792349853,0.09531789792349853,0.08653199832728428,0.09962190394171307,-8.248763555840469,-8.248763555840469,-8.248763555840469,-8.248763555840469,-7.248763555840469,1.7512364441595238,41.75123644415949,-8.248763555840469,-8.248763555840469,-0.18213294671828884,-0.1911119440547715,-0.16955548225693384,-0.08929494215685452,-0.18257279962426587,-0.1940483396675141,-0.2363026288899377,-0.13172968519420358,-0.21009921306163548,112,107,93,73,114,142,102,59,255,27.852992354000435,43.46281075500019,41.58513266399996,36.2552683189997,48.18369910399997,62.633648575999814,41.18114198300009,24.175638338000226,117.09693978199994
134,-2.6496256457972196,-2.4068075173304098,0.08222237557849003,2.953187946205884,636800.0,0.01,5.0,0.003,0.26496256457972917,0.26496256457972844,0.2649625645797299,0.26496256457973155,0.3649625645797318,1.2649625645797555,5.264962564579861,0.5299251291594583,0.13248128228986458,0.0,0.0,0.0,0.0,0.9999999999999997,9.999999999999993,49.99999999999996,0.0,0.0,9.999999999999728,9.999999999999755,9.999999999999702,9.999999999999638,9.999999999999728,9.999999999999728,9.999999999999728,4.999999999999864,19.999999999999456,0.11054273205796956,0.18471163249373637,0.10403819192139627,-0.025928536336551667,0.09750651498290455,0.0025921697088060612,-0.38922012285659263,0.28220933615524874,0.3373323169281986,-2.6390889449467334,-2.629951698998922,-2.640311387837267,-2.651792085516232,-2.640331529755203,-2.6493785656295152,-2.686725289737436,-2.6252055079930896,-2.616019958123763,0.09531789792349853,0.10651168273857761,0.08952729558189512,0.08355426202589598,0.09531789792349853,0.09531789792349853,0.09531789792349853,0.08653199832728428,0.09962190394171307,2.6496256457972196,2.6496256457972196,2.6496256457972196,2.6496256457972196,3.649625645797219,12.649625645797212,52.64962564579718,2.6496256457972196,2.6496256457972196,0.010536700850486191,0.019673946798297592,0.009314257959952776,-0.002166439719012203,0.009294116042016576,0.00024708016770436103,-0.037099643940216254,0.024420137804129993,0.03360568767345651,116,112,100,61,143,122,81,55,348,32.78078427599985,47.85489086100006,42.38054046399975,28.19500369499974,59.74960111700011,50.95570064499998,28.95826281599966,21.130462470999646,155.56862565300025
135,5.122804144425714,5.314406737013306,0.08222237557849003,2.330297455401137,636800.0,0.01,5.0,0.003,-0.5122804144425891,-0.5122804144425879,-0.5122804144425908,-0.5122804144425928,-0.4122804144425857,0.48771958555744466,4.487719585557579,-1.0245608288851782,-0.25614020722129455,0.0,0.0,0.0,0.0,0.9999999999999997,9.999999999999993,49.99999999999996,0.0,0.0,9.999999999999655,9.99999999999968,9.999999999999623,9.999999999999584,9.999999999999655,9.999999999999655,9.999999999999655,4.999999999999828,19.99999999999931,0.5505524339006077,0.13252909235945082,0.9938730132323137,1.9487286585705907,0.5382605556969173,0.43676215690762143,-0.009666752508369094,1.4377016068074744,-0.4009652361201964,5.1752816451216646,5.136920040079593,5.211782908018275,5.285628730839738,5.17411000912976,5.164435395114586,5.121882729896872,5.247211337344869,5.082859225100294,0.09531789792327755,0.10651167530516838,0.08952729615142727,0.08355426277430378,0.09531789792327755,0.09531789792327755,0.09531789792327755,0.08653199824643074,0.09962190166891735,-5.122804144425714,-5.122804144425714,-5.122804144425714,-5.122804144425714,-4.122804144425714,4.8771958555742785,44.87719585557424,-5.122804144425714,-5.122804144425714,0.05247750069595014,0.014115895653878496,0.08897876359256074,0.16282458641402364,0.05130586470404541,0.04163125068887119,-0.0009214145288423126,0.12440719291915503,-0.039944919325420436,135,116,157,51,117,134,89,54,225,52.4253721189998,47.107119652000165,68.89707882499988,23.38559608200012,46.69127764099994,56.598116613,34.88644455299982,22.03300127400007,104.02800438799977
136,-8.819899362695274,-8.769092065483244,0.08222237557849003,0.6179254351940845,636800.0,0.01,5.0,0.003,0.8819899362695514,0.881989936269549,0.8819899362695537,0.8819899362695593,0.9819899362695541,1.8819899362695778,5.881989936269683,1.7639798725391027,0.4409949681347757,0.0,0.0,0.0,0.0,0.9999999999999997,9.999999999999993,49.99999999999996,0.0,0.0,9.999999999999728,9.999999999999755,9.999999999999702,9.999999999999638,9.999999999999728,9.999999999999728,9.999999999999728,4.999999999999864,19.999999999999456,-0.10509512140701432,-0.15406386302137356,-0.08100033196187814,-0.09052369883240233,-0.11512136899512325,-0.2421872726318488,-0.6476889306770489,-0.29704097296336746,0.19205910219726652,-8.829916808749806,-8.836308963994886,-8.827151103357057,-8.82746300354707,-8.830872489593965,-8.842984144426367,-8.881635710075729,-8.845602911670875,-8.800766069265046,0.09531789792349853,0.10651168273857761,0.08952729558189512,0.08355426202589598,0.09531789792349853,0.09531789792349853,0.09531789792349853,0.08653199832728428,0.09962190394171307,8.819899362695274,8.819899362695274,8.819899362695274,8.819899362695274,9.819899362695274,18.819899362695267,58.81989936269523,8.819899362695274,8.819899362695274,-0.010017446054531476,-0.01640960129961222,-0.007251740661782691,-0.007563640851795839,-0.010973126898690566,-0.023084781731093074,-0.06173634738045486,-0.02570354897560101,0.019133293430227738,107,105,83,43,97,101,88,50,193,43.82661505999977,44.712443979,36.92309499999965,20.854455401999985,39.19044123599997,41.29635982500031,35.364250125000126,19.744426671999918,86.35887926699979
137,1.0266566024432342,1.000456481881249,0.08222237557849003,-0.31864952061588725,636800.0,0.01,5.0,0.003,-0.1026656602443262,-0.10266566024432594,-0.10266566024432648,-0.10266566024432713,-0.0026656602443235256,0.8973343397557003,4.897334339755806,-0.2053313204886524,-0.0513328301221631,0.0,0.0,0.0,0.0,0.9999999999999997,9.999999999999993,49.99999999999996,0.0,0.0,9.999999999999728,9.999999999999755,9.999999999999702,9.999999999999638,9.999999999999728,9.999999999999728,9.999999999999728,4.999999999999864,19.999999999999456,0.5832750519140115,0.49792403122485795,0.5890824031164484,0.38105307155864643,0.57117620887504,0.46647902435859445,0.03735996425436671,0.45199568845381555,0.42605831441947933,1.0822531543028973,1.0796913288849699,1.0793955568691336,1.0584952106300178,1.0810999180171161,1.0711204024704999,1.0302176757024575,1.0657686926004595,1.0691013429158998,0.09531789792349853,0.10651168273857761,0.08952729558189512,0.08355426202589598,0.09531789792349853,0.09531789792349853,0.09531789792349853,0.08653199832728428,0.09962190394171307,-1.0266566024432342,-1.0266566024432342,-1.0266566024432342,-1.0266566024432342,-0.026656602443234534,8.973343397556759,48.973343397556725,-1.0266566024432342,-1.0266566024432342,0.05559655185966306,0.05303472644173568,0.052738954425899376,0.031838608186783635,0.054443315573881934,0.04446380002726569,0.0035610732592232797,0.03911209015722528,0.042444740472665554,117,172,87,62,115,124,93,54,262,29.49330786499968,74.50749321900003,36.64088007800001,28.72354364900002,46.73712096200006,51.23060807899992,34.72158247100015,20.38806062599997,117.535744754
138,11.595054046283476,11.32386693682258,0.08222237557849003,-3.2982154499053555,636800.0,0.01,5.0,0.003,-1.1595054046283706,-1.1595054046283682,-1.1595054046283741,-1.1595054046283813,-1.0595054046283687,-0.15950540462835147,3.840494595371724,-2.319010809256741,-0.5797527023141853,0.0,0.0,0.0,0.0,0.9999999999999996,9.999999999999993,49.99999999999996,0.0,0.0,9.999999999999801,9.999999999999822,9.99999999999977,9.99999999999971,9.999999999999801,9.999999999999801,9.999999999999801,4.9999999999999005,19.999999999999602,-1.1194322889271777,-0.9820099635886446,-1.2745263693524058,-1.5649695024964339,-1.1334436183583394,-1.2310785270735523,-1.8173213661688803,-1.687079671332466,-0.7228510368713259,11.488352113109045,11.490458517687813,11.480949145909436,11.464294172984236,11.487016582633967,11.477710228325385,11.421830792954545,11.449067671132656,11.523042254106578,0.09531789839356017,0.10651167755307743,0.08952729666316507,0.08355426293653176,0.09531789839356017,0.09531789839356017,0.09531789839356017,0.08653199824020079,0.09962189787896353,-11.595054046283476,-11.595054046283476,-11.595054046283476,-11.595054046283476,-10.595054046283476,-1.595054046283483,38.40494595371648,-11.595054046283476,-11.595054046283476,-0.10670193317443122,-0.10459552859566301,-0.11410490037403953,-0.13075987329924033,-0.10803746364950939,-0.11734381795809057,-0.1732232533289313,-0.14598637515081947,-0.07201179217689813,98,110,89,48,98,113,94,48,186,37.12591548299997,44.13091057099973,37.27358400100002,21.32534453900007,36.95910857999979,44.04936425799997,35.342775490999884,17.9776736419999,79.80205745300009
139,8.287245636457879,8.187631625194957,0.08222237557849003,-1.2115194989450264,636800.0,0.01,5.0,0.003,-0.8287245636458165,-0.8287245636458144,-0.8287245636458191,-0.8287245636458224,-0.728724563645813,0.1712754363542173,4.171275436354351,-1.657449127291633,-0.41436228182290824,0.0,0.0,0.0,0.0,0.9999999999999997,9.999999999999993,49.99999999999996,0.0,0.0,9.999999999999655,9.99999999999968,9.999999999999623,9.999999999999584,9.999999999999655,9.999999999999655,9.999999999999655,4.999999999999828,19.99999999999931,0.01923863309132444,-0.06448036635919474,0.08644765678718161,-0.041129531019934266,0.009205214397220373,-0.09485399386507175,-0.5369854987838234,-0.12485629647846014,0.07264867147919211,8.289079422523061,8.28037772461267,8.294985061428662,8.283809088815255,8.288123058144155,8.278204353153033,8.236061307498522,8.276441571629949,8.294483035264356,0.09531789792327755,0.10651167530516838,0.08952729615142727,0.08355426277430378,0.09531789792327755,0.09531789792327755,0.09531789792327755,0.08653199824643074,0.09962190166891735,-8.287245636457879,-8.287245636457879,-8.287245636457879,-8.287245636457879,-7.287245636457879,1.712754363542114,41.712754363542075,-8.287245636457879,-8.287245636457879,0.0018337860651822524,-0.006867911845208852,0.007739424970782949,-0.0034365476426234665,0.0008774216862761364,-0.009041283304846104,-0.05118432895935676,-0.010804064827929949,0.007237398806477557,115,113,92,61,117,112,95,50,191,34.371813698000096,47.9456531740002,39.775739020999936,29.478871213000275,50.49613801300029,47.058598410000286,38.19941302899997,19.819550730000174,86.66912076500012
140,-12.49289748376625,-12.542486099194337,0.08222237557849003,-0.6031036573584462,636800.0,0.01,5.0,0.003,1.249289748376659,1.2492897483766556,1.2492897483766623,1.2492897483766703,1.3492897483766617,2.249289748376685,6.249289748376791,2.498579496753318,0.6246448741883295,0.0,0.0,0.0,0.0,0.9999999999999997,9.999999999999993,49.99999999999996,0.0,0.0,9.999999999999728,9.999999999999755,9.999999999999702,9.999999999999638,9.999999999999728,9.999999999999728,9.999999999999728,4.999999999999864,19.999999999999456,0.06300661441484798,0.14157768294849365,-0.09405358911700146,-0.505107190198033,0.053418538077223236,-0.035926783403566157,-0.4797201438464167,-0.31272918775270697,0.20956235779169635,-12.48689182572495,-12.477817806517177,-12.501317847239665,-12.53510134228722,-12.487805741006582,-12.49632194923943,-12.538623399469248,-12.51995856531776,-12.472020482688526,0.09531789792349853,0.10651168273857761,0.08952729558189512,0.08355426202589598,0.09531789792349853,0.09531789792349853,0.09531789792349853,0.08653199832728428,0.09962190394171307,12.49289748376625,12.49289748376625,12.49289748376625,12.49289748376625,13.49289748376625,22.492897483766242,62.49289748376621,12.49289748376625,12.49289748376625,0.006005658041299711,0.015079677249072887,-0.008420363473415904,-0.04220385852097053,0.005091742759667284,-0.00342446547318076,-0.045725915702998776,-0.027061081551510213,0.02087700107772328,103,107,88,42,91,89,90,59,211,33.66994398099996,42.67394486000012,36.9384363879999,17.710073358000045,34.063210143000106,32.42081467199978,33.82803458099988,22.781456455999887,91.8110930329999
141,-9.037439237261896,-8.934701506048654,0.08222237557849003,1.2495106166711045,636800.0,0.01,5.0,0.003,0.9037439237262141,0.9037439237262118,0.9037439237262166,0.9037439237262224,1.003743923726217,1.9037439237262406,5.903743923726346,1.8074878474524283,0.4518719618631071,0.0,0.0,0.0,0.0,0.9999999999999997,9.999999999999993,49.99999999999996,0.0,0.0,9.999999999999728,9.999999999999755,9.999999999999702,9.999999999999638,9.999999999999728,9.999999999999728,9.999999999999728,4.999999999999864,19.999999999999456,0.05057425867532885,0.06913989203309677,0.13872759278995836,0.8326774570062104,0.03582295740713557,-0.1015082776595858,-0.6560570391033411,0.3531617505607148,0.019055172183871087,-9.032618605235925,-9.030075031017088,-9.025019331056825,-8.967865486836143,-9.034024668264445,-9.047114792910243,-9.099973215147141,-9.006879445253116,-9.035540924729002,0.09531789792349853,0.10651168273857761,0.08952729558189512,0.08355426202589598,0.09531789792349853,0.09531789792349853,0.09531789792349853,0.08653199832728428,0.09962190394171307,9.037439237261896,9.037439237261896,9.037439237261896,9.037439237261896,10.037439237261896,19.03743923726189,59.03743923726185,9.037439237261896,9.037439237261896,0.004820632025971605,0.007364206244808713,0.012419906205071385,0.06957375042575364,0.003414568997451184,-0.009675555648346545,-0.06253397788524495,0.030559792008780562,0.0018983125328944084,132,140,108,58,131,123,93,65,229,42.56071998199968,59.05721432900009,45.63202030899993,26.13847675399984,54.12466380099977,48.62519640499977,35.20318434699993,25.04377124299981,89.08260632800011
142,4.551582363543457,4.48362956165348,0.08222237557849003,-0.8264514545083819,636800.0,0.01,5.0,0.003,-0.4551582363543581,-0.45515823635435687,-0.4551582363543593,-0.45515823635436226,-0.35515823635435545,0.5448417636456684,4.544841763645773,-0.9103164727087162,-0.22757911817717905,0.0,0.0,0.0,0.0,0.9999999999999997,9.999999999999993,49.99999999999996,0.0,0.0,9.999999999999728,9.999999999999755,9.999999999999702,9.999999999999638,9.999999999999728,9.999999999999728,9.999999999999728,4.999999999999864,19.999999999999456,-1.4753536101337965,-1.1086754106313126,-1.7782688049136621,-2.062767642504869,-1.4867453503905543,-1.5804721929414398,-2.0152970407798003,-1.8921270918290174,-1.0802481794823924,4.410954758731659,4.433495479946233,4.3923787666218885,4.379229335443066,4.4098689219966944,4.400935076385737,4.35948848592488,4.3878528251982996,4.443965983173852,0.09531789792349853,0.10651168273857761,0.08952729558189512,0.08355426202589598,0.09531789792349853,0.09531789792349853,0.09531789792349853,0.08653199832728428,0.09962190394171307,-4.551582363543457,-4.551582363543457,-4.551582363543457,-4.551582363543457,-3.551582363543458,5.4484176364565355,45.4484176364565,-4.551582363543457,-4.551582363543457,-0.14062760481179826,-0.11808688359722463,-0.15920359692156882,-0.17235302810039155,-0.1417134415467629,-0.15064728715772002,-0.19209387761857766,-0.1637295383451578,-0.1076163803696053,100,114,81,47,112,109,100,64,197,32.72146000799967,47.102287686999716,33.758820188999834,20.970202082000014,44.28886984300016,42.78741829699993,38.544163190999825,26.012474840000323,85.30664448100015
143,8.379279171260425,8.140238408277082,0.08222237557849003,-2.907247100336494,636800.0,0.01,5.0,0.003,-0.8379279171260683,-0.8379279171260654,-0.8379279171260707,-0.8379279171260768,-0.7379279171260652,0.16207208287396177,4.162072082874081,-1.6758558342521366,-0.41896395856303414,0.0,0.0,0.0,0.0,0.9999999999999996,9.999999999999993,49.99999999999996,0.0,0.0,9.999999999999693,9.999999999999726,9.999999999999662,9.99999999999959,9.999999999999693,9.999999999999693,9.999999999999693,4.999999999999846,19.999999999999385,1.0708436962632997,0.8847383432151125,1.1728451097123451,1.026517596778213,1.0565505237388177,0.920214335556434,0.4624306416839045,0.9559782124297899,1.0868479324346212,8.481349741601313,8.473514142614121,8.484280822873234,8.46504909170842,8.47998734643884,8.466992067543854,8.423357088051162,8.4620018761501,8.487553027761468,0.09531789811815024,0.10651168458603168,0.08952729626724758,0.08355426221351518,0.09531789811815024,0.09531789811815024,0.09531789811815024,0.08653199812935208,0.09962190042401006,-8.379279171260425,-8.379279171260425,-8.379279171260425,-8.379279171260425,-7.379279171260425,1.620720828739568,41.620720828739536,-8.379279171260425,-8.379279171260425,0.10207057034088862,0.0942349713536963,0.10500165161280961,0.08576992044799425,0.1007081751784149,0.08771289628342949,0.04407791679073725,0.08272270488967592,0.10827385650104304,108,121,99,53,135,118,88,63,249,27.86813304799989,52.62787966899987,43.98692171099992,24.671515377000105,59.35542849800004,50.20680458800007,34.8551675560002,26.451239928000177,85.7991369299998
144,3.770135120382157,3.7777536791690203,0.08222237557849003,0.09265797458735088,636800.0,0.01,5.0,0.003,-0.3770135120382259,-0.3770135120382249,-0.3770135120382269,-0.37701351203822936,-0.2770135120382233,0.6229864879618005,4.622986487961906,-0.7540270240764518,-0.18850675601911296,0.0,0.0,0.0,0.0,0.9999999999999997,9.999999999999993,49.99999999999996,0.0,0.0,9.999999999999728,9.999999999999755,9.999999999999702,9.999999999999638,9.999999999999728,9.999999999999728,9.999999999999728,4.999999999999864,19.999999999999456,0.8947042237910587,0.6730463753620441,1.0946671218738455,1.4032586999739618,0.8819870133517264,0.76345470984924,0.22626060788379743,1.3285487556883286,0.7225587100177959,3.855416446257196,3.8418224223830686,3.868137707365939,3.8873833654898995,3.854204268490668,3.842906018484781,3.7917018059085335,3.885097099087095,3.842117794783798,0.09531789792349853,0.10651168273857761,0.08952729558189512,0.08355426202589598,0.09531789792349853,0.09531789792349853,0.09531789792349853,0.08653199832728428,0.09962190394171307,-3.770135120382157,-3.770135120382157,-3.770135120382157,-3.770135120382157,-2.7701351203821574,6.2298648796178355,46.2298648796178,-3.770135120382157,-3.770135120382157,0.08528132587503912,0.07168730200091167,0.09800258698378217,0.11724824510774257,0.08406914810851118,0.07277089810262405,0.021566685526376528,0.11496197870493807,0.07198267440164097,110,147,78,49,151,114,86,57,210,28.079828688999896,66.09174124900028,32.94139622400007,22.7161133300001,67.758647182,47.889802249999775,32.65097793999985,20.640661228000226,79.48132668200014
145,1.7656124620264064,1.5800319522123982,0.08222237557849003,-2.257056044760611,636800.0,0.01,5.0,0.003,-0.17656124620264674,-0.1765612462026463,-0.1765612462026473,-0.176561246202648,-0.07656124620264332,0.823438753797387,4.823438753797522,-0.3531224924052935,-0.08828062310132337,0.0,0.0,0.0,0.0,0.9999999999999997,9.999999999999993,49.99999999999996,0.0,0.0,9.999999999999655,9.99999999999968,9.999999999999623,9.999999999999584,9.999999999999655,9.999999999999655,9.999999999999655,4.999999999999828,19.99999999999931,-0.12239657240989164,-0.015776021961168403,-0.397865093050933,-0.837756396137688,-0.12319190795161143,-0.3017464720092071,-0.8411571340508248,-0.874392552609436,0.5679843412665957,1.7539458780312813,1.7639321314976713,1.7299926760125204,1.6956143439626643,1.753870068319301,1.7368506226087237,1.6854351321855132,1.6899495271973146,1.822196142221552,0.09531789792327755,0.10651167530516838,0.08952729615142727,0.08355426277430378,0.09531789792327755,0.09531789792327755,0.09531789792327755,0.08653199824643074,0.09962190166891735,-1.7656124620264064,-1.7656124620264064,-1.7656124620264064,-1.7656124620264064,-0.7656124620264068,8.234387537973586,48.234387537973554,-1.7656124620264064,-1.7656124620264064,-0.011666583995125102,-0.0016803305287351744,-0.035619786013886046,-0.06999811806374212,-0.011742393707105503,-0.028761839417682733,-0.08017732984089321,-0.07566293482909181,0.05658368019514559,136,110,92,54,115,120,105,51,250,32.78499365500011,45.11178924700016,38.911533356999826,23.957016538999596,46.116229710000425,51.020310954999786,44.60421422499985,20.23938201200008,103.06502223400003
146,-4.934112365749623,-4.917062274359189,0.08222237557849003,0.20736558960350138,636800.0,0.01,5.0,0.003,0.49341123657497576,0.49341123657497443,0.49341123657497704,0.4934112365749802,0.5934112365749784,1.4934112365750023,5.493411236575108,0.9868224731499515,0.24670561828748788,0.0,0.0,0.0,0.0,0.9999999999999997,9.999999999999993,49.99999999999996,0.0,0.0,9.999999999999728,9.999999999999755,9.999999999999702,9.999999999999638,9.999999999999728,9.999999999999728,9.999999999999728,4.999999999999864,19.999999999999456,0.27562304331425885,-0.0252507511920557,0.5410572550363705,0.8648978862515724,0.26118354574209507,0.13777728330779043,-0.30162309470446147,0.3119077948392072,0.025557103152407876,-4.907840556641631,-4.936801865749502,-4.885672972951253,-4.861846461136116,-4.909216899197281,-4.920979724723114,-4.962862445102033,-4.90712236096833,-4.931566318474346,0.09531789792349853,0.10651168273857761,0.08952729558189512,0.08355426202589598,0.09531789792349853,0.09531789792349853,0.09531789792349853,0.08653199832728428,0.09962190394171307,4.934112365749623,4.934112365749623,4.934112365749623,4.934112365749623,5.934112365749623,14.934112365749616,54.934112365749584,4.934112365749623,4.934112365749623,0.02627180910799254,-0.002689499999878997,0.04843939279836995,0.07226590461350746,0.024895466552342427,0.013132641026508907,-0.028750079352409585,0.02699000478129321,0.0025460472752776298,121,107,91,55,137,87,80,64,187,43.16191858100001,43.79017848900003,37.91325932000018,24.39544537699976,56.85095330200011,31.96310151200032,28.202338945000065,25.339008838000154,75.36424884600001
147,3.793165910324795,3.61753911627025,0.08222237557849003,-2.1359975653694234,636800.0,0.01,5.0,0.003,-0.3793165910324883,-0.3793165910324877,-0.3793165910324896,-0.37931659103249127,-0.2793165910324861,0.6206834089675342,4.620683408967624,-0.7586331820649767,-0.18965829551624416,0.0,0.0,0.0,0.0,0.9999999999999996,9.999999999999993,49.99999999999996,0.0,0.0,9.999999999999767,9.999999999999783,9.999999999999734,9.999999999999691,9.999999999999767,9.999999999999767,9.999999999999767,4.999999999999884,19.999999999999535,0.643915631173479,0.6560009028149228,0.6625477165319247,0.832504085762922,0.6203737992607244,0.5146890387171241,-0.017571059276806765,0.47971793084272224,0.9819053938014024,3.854542594805248,3.8630376743991555,3.8524820160791142,3.8627251752609846,3.852298636871244,3.842224987641056,3.791491073888142,3.834676861548993,3.8909851935461335,0.09531789804294594,0.1065116888933202,0.0895272963354344,0.08355426252646432,0.09531789804294594,0.09531789804294594,0.09531789804294594,0.0865319984001335,0.09962190231243696,-3.793165910324795,-3.793165910324795,-3.793165910324795,-3.793165910324795,-2.7931659103247957,6.206834089675198,46.20683408967516,-3.793165910324795,-3.793165910324795,0.06137668448045286,0.06987176407436024,0.059316105754319004,0.06955926493618936,0.059132726546448744,0.04905907731626069,-0.0016748364366532265,0.04151095122419779,0.09781928322133826,128,133,102,54,123,107,89,58,290,29.12395440599994,59.40208878400017,46.746989564999694,25.74440715200035,52.83166728700007,44.20250518600005,34.225681549,23.869243777000065,104.21878018799998
148,3.8962968520383052,3.7547323184939363,0.08222237557849003,-1.7217276021079015,636800.0,0.01,5.0,0.003,-0.3896296852038411,-0.38962968520384006,-0.38962968520384217,-0.38962968520384467,-0.2896296852038384,0.6103703147961853,4.610370314796291,-0.7792593704076822,-0.19481484260192056,0.0,0.0,0.0,0.0,0.9999999999999997,9.999999999999993,49.99999999999996,0.0,0.0,9.999999999999728,9.999999999999755,9.999999999999702,9.999999999999638,9.999999999999728,9.999999999999728,9.999999999999728,4.999999999999864,19.999999999999456,1.7315778652115694,1.5022833850215305,1.9564440707694344,2.5352019558117873,1.7451167385476936,1.616419251725311,1.2100138405613425,1.960311010747273,1.4584651735996872,4.061347214241131,4.056307583327155,4.0714519986515265,4.108123780542767,4.062637711187783,4.050370537275836,4.011632827778952,4.065926481141245,4.041591929464987,0.09531789792349853,0.10651168273857761,0.08952729558189512,0.08355426202589598,0.09531789792349853,0.09531789792349853,0.09531789792349853,0.08653199832728428,0.09962190394171307,-3.8962968520383052,-3.8962968520383052,-3.8962968520383052,-3.8962968520383052,-2.8962968520383057,6.103703147961688,46.10370314796165,-3.8962968520383052,-3.8962968520383052,0.16505036220282587,0.16001073128884968,0.1751551466132213,0.21182692850446205,0.16634085914947772,0.15407368523753107,0.11533597574064647,0.16962962910294,0.1452950774266819,113,108,124,64,153,99,95,56,220,26.446965265000017,43.859037974999865,57.556760552000014,30.517116714999702,67.82665436800016,40.151835281999865,37.60078870699999,18.542081956999937,63.453790873000344
149,13.883785520359567,13.845136454491572,0.08222237557849003,-0.4700553297818589,636800.0,0.01,5.0,0.003,-1.3883785520360046,-1.388378552036001,-1.388378552036009,-1.3883785520360143,-1.2883785520360012,-0.38837855203597077,3.6116214479641635,-2.776757104072009,-0.6941892760180023,0.0,0.0,0.0,0.0,0.9999999999999997,9.999999999999993,49.99999999999996,0.0,0.0,9.999999999999655,9.99999999999968,9.999999999999623,9.999999999999584,9.999999999999655,9.999999999999655,9.999999999999655,4.999999999999828,19.99999999999931,0.5734430702108532,0.45350844163681714,0.6908660032653102,1.0196181480285074,0.5591077279643343,0.463000328842536,0.019178255571777124,0.9816309073032862,0.32252816778536186,13.938444908390736,13.93208946424334,13.945636885634853,13.96897896302939,13.937078493701787,13.927917738442623,13.885613551366504,13.968728004308977,13.915916389776136,0.09531789792327755,0.10651167530516838,0.08952729615142727,0.08355426277430378,0.09531789792327755,0.09531789792327755,0.09531789792327755,0.08653199824643074,0.09962190166891735,-13.883785520359567,-13.883785520359567,-13.883785520359567,-13.883785520359567,-12.883785520359567,-3.8837855203595737,36.11621447964039,-13.883785520359567,-13.883785520359567,0.05465938803116899,0.04830394388377357,0.06185136527528634,0.08519344266982287,0.05329297334222005,0.044132218083056785,0.0018280310069371808,0.08494248394941017,0.032130869416569396,103,122,109,46,105,134,85,50,200,23.859595062000153,53.405481726999824,49.72315443300022,21.328073982000205,42.92220797799973,58.89397284300003,32.576717129999906,18.59597864000034,76.31800987299994
150,3.17915686046991,3.0299589116017134,0.08222237557849003,-1.8145662639699716,636800.0,0.01,5.0,0.003,-0.3179156860469996,-0.31791568604699877,-0.3179156860470005,-0.3179156860470025,-0.21791568604699696,0.6820843139530269,4.682084313953132,-0.6358313720939992,-0.1589578430234998,0.0,0.0,0.0,0.0,0.9999999999999997,9.999999999999993,49.99999999999996,0.0,0.0,9.999999999999728,9.999999999999755,9.999999999999702,9.999999999999638,9.999999999999728,9.999999999999728,9.999999999999728,4.999999999999864,19.999999999999456,-0.708664977103512,-0.50514906245723,-0.8691523260975039,-0.8831135905281328,-0.7292423166450471,-0.9374448017225859,-1.271987964845329,-0.9208146745515868,-0.2792561481066689,3.111608404520399,3.1253525837937755,3.101344003265687,3.1053689561282924,3.1096470157704417,3.089801592550402,3.057913641476864,3.099476926591873,3.1513368313080945,0.09531789792349853,0.10651168273857761,0.08952729558189512,0.08355426202589598,0.09531789792349853,0.09531789792349853,0.09531789792349853,0.08653199832728428,0.09962190394171307,-3.17915686046991,-3.17915686046991,-3.17915686046991,-3.17915686046991,-2.1791568604699103,6.8208431395300835,46.82084313953005,-3.17915686046991,-3.17915686046991,-0.06754845594951098,-0.05380427667613441,-0.07781285720422293,-0.07378790434161742,-0.06950984469946819,-0.08935526791950776,-0.12124321899304569,-0.07967993387803673,-0.027820029161815363,109,109,103,60,117,122,102,55,181,26.373638650999965,46.834033544999784,46.64410116900035,28.605838200000107,49.599972316000276,52.995323377000204,39.15549897600022,21.00448396999991,53.04383398099981
151,-13.478882050359445,-13.326173395413653,0.08222237557849003,1.8572639609520358,636800.0,0.01,5.0,0.003,1.347888205035986,1.3478882050359813,1.34788820503599,1.3478882050359997,1.447888205035989,2.347888205036016,6.347888205036135,2.695776410071972,0.673944102517993,0.0,0.0,0.0,0.0,0.9999999999999996,9.999999999999993,49.99999999999996,0.0,0.0,9.999999999999693,9.999999999999726,9.999999999999662,9.99999999999959,9.999999999999693,9.999999999999693,9.999999999999693,4.999999999999846,19.999999999999385,0.3242262443891152,0.16524846587105446,0.5034121037800939,1.1524613311676632,0.3004593550902058,0.322556784285374,-0.2898183199711314,0.8782129693357792,-0.20970440357356765,-13.447977486229533,-13.461281157884262,-13.433812925799806,-13.382588994104125,-13.450242896162312,-13.448136615657614,-13.506506923455227,-13.402888527339709,-13.499773201570727,0.09531789811815024,0.10651168458603168,0.08952729626724758,0.08355426221351518,0.09531789811815024,0.09531789811815024,0.09531789811815024,0.08653199812935208,0.09962190042401006,13.478882050359445,13.478882050359445,13.478882050359445,13.478882050359445,14.478882050359445,23.478882050359438,63.4788820503594,13.478882050359445,13.478882050359445,0.03090456412991216,0.017600892475183372,0.04506912455963885,0.0962930562553197,0.028639154197133365,0.030745434701831442,-0.027624873095781766,0.07599352301973639,-0.020891151211282377,109,112,87,46,120,104,99,48,294,24.01059687900033,47.48873674199967,38.183491654000136,20.74408197799994,48.89426150500003,41.2216215440003,37.77437676799991,18.33438456900012,104.3353528599996
152,-7.148833428716834,-7.159156839744003,0.08222237557849003,-0.12555476480138408,636800.0,0.01,5.0,0.003,0.7148833428717034,0.7148833428717016,0.7148833428717053,0.7148833428717087,0.8148833428717062,1.7148833428717305,5.714883342871839,1.4297666857434068,0.3574416714358517,0.0,0.0,0.0,0.0,0.9999999999999996,9.999999999999993,49.99999999999996,0.0,0.0,9.999999999999721,9.999999999999746,9.999999999999694,9.999999999999647,9.999999999999721,9.999999999999721,9.999999999999721,4.999999999999861,19.999999999999442,0.612168074422251,0.6042653758947341,0.5442668977749242,-0.25230833342284253,0.6006614486160655,0.49418986049306,0.07200630803951384,0.4055168799865822,0.6115027251867713,-7.090482854826254,-7.0844721135841,-7.100106685056389,-7.169914865490615,-7.091579642207675,-7.101728290151922,-7.141969938813652,-7.113743242727095,-7.08791436410311,0.09531789769607002,0.10651167136199786,0.0895272960006396,0.08355426270621862,0.09531789769607002,0.09531789769607002,0.09531789769607002,0.08653199834961377,0.09962190208574755,7.148833428716834,7.148833428716834,7.148833428716834,7.148833428716834,8.148833428716834,17.148833428716827,57.14883342871679,7.148833428716834,7.148833428716834,0.05835057389058029,0.06436131513273402,0.04872674366044549,-0.021081436773780382,0.057253786509159355,0.04710513856491261,0.006863489903182085,0.03509018598973945,0.060919064613724316,116,127,86,112,105,115,79,69,240,25.074641508999775,57.67324300700011,38.60134155800006,57.15223269699982,44.680019949000325,48.18801707500006,27.238770380999995,27.520841371000188,76.97098278200019
153,6.995606982302038,7.196119459422298,0.08222237557849003,2.438660713820522,636800.0,0.01,5.0,0.003,-0.6995606982302202,-0.699560698230219,-0.6995606982302225,-0.6995606982302255,-0.5995606982302178,0.30043930176980244,4.3004393017698925,-1.3991213964604403,-0.3497803491151101,0.0,0.0,0.0,0.0,0.9999999999999996,9.999999999999993,49.99999999999996,0.0,0.0,9.999999999999767,9.999999999999783,9.999999999999734,9.999999999999691,9.999999999999767,9.999999999999767,9.999999999999767,4.999999999999884,19.999999999999535,0.255345228648885,0.1604959349255702,0.5067622742662448,0.9168006358622875,0.24346914806995829,0.13857987603015529,-0.2845460033165492,1.134193273872683,-0.35889992693259687,7.0199459527721455,7.012701675391473,7.040976038601891,7.072209583315305,7.018813949734374,7.008816124796285,6.968484655369384,7.0937509928622315,6.959852688841218,0.09531789804294594,0.1065116888933202,0.0895272963354344,0.08355426252646432,0.09531789804294594,0.09531789804294594,0.09531789804294594,0.0865319984001335,0.09962190231243696,-6.995606982302038,-6.995606982302038,-6.995606982302038,-6.995606982302038,-5.995606982302039,3.0043930176979545,43.00439301769792,-6.995606982302038,-6.995606982302038,0.024338970470107135,0.017094693089434898,0.04536905629985277,0.07660260101326699,0.02320696743233519,0.013209142494246429,-0.027122326932654595,0.09814401056019317,-0.03575429346081993,121,101,89,53,115,110,87,54,194,28.758609256,42.70049889999973,39.855504334000216,25.276026755000203,48.08584843499966,46.399403566000274,33.68248744799985,21.53881387599995,69.69238128899997
154,5.232553423197102,5.186543215880554,0.08222237557849003,-0.5595825587966157,636800.0,0.01,5.0,0.003,-0.5232553423197244,-0.523255342319723,-0.5232553423197258,-0.5232553423197291,-0.4232553423197217,0.4767446576803021,4.476744657680407,-1.0465106846394487,-0.2616276711598622,0.0,0.0,0.0,0.0,0.9999999999999997,9.999999999999993,49.99999999999996,0.0,0.0,9.999999999999728,9.999999999999755,9.999999999999702,9.999999999999638,9.999999999999728,9.999999999999728,9.999999999999728,4.999999999999864,19.999999999999456,0.5720678985062914,0.38038564175528156,0.7567720109496245,0.908062959814715,0.558107927375115,0.4652387075582706,-0.11994390877102065,0.6092434744306187,0.20604253980309256,5.287081732752235,5.27306893799005,5.300305174709494,5.308425953677471,5.285751097648938,5.276898998834201,5.22112062194432,5.285272478507441,5.253079773305272,0.09531789792349853,0.10651168273857761,0.08952729558189512,0.08355426202589598,0.09531789792349853,0.09531789792349853,0.09531789792349853,0.08653199832728428,0.09962190394171307,-5.232553423197102,-5.232553423197102,-5.232553423197102,-5.232553423197102,-4.232553423197102,4.767446576802891,44.767446576802854,-5.232553423197102,-5.232553423197102,0.05452830955513299,0.04051551479294879,0.06775175151239221,0.07587253048036935,0.05319767445183654,0.04434557563709962,-0.011432801252781566,0.05271905531033916,0.020526350108170277,109,111,76,75,117,124,80,56,301,23.116973370000323,46.188390073999926,31.223670995999782,34.728532993000044,47.58678509799984,50.53362310200009,28.565797258000202,20.072359548999884,93.72070869699974
155,-8.510632157906503,-8.32679036354099,0.08222237557849003,2.23590954496342,636800.0,0.01,5.0,0.003,0.8510632157906735,0.8510632157906712,0.8510632157906757,0.8510632157906811,0.9510632157906762,1.8510632157906999,5.851063215790805,1.702126431581347,0.4255316078953367,0.0,0.0,0.0,0.0,0.9999999999999997,9.999999999999993,49.99999999999996,0.0,0.0,9.999999999999728,9.999999999999755,9.999999999999702,9.999999999999638,9.999999999999728,9.999999999999728,9.999999999999728,4.999999999999864,19.999999999999456,0.9464722478804289,1.1873180876214435,0.6667892318779933,0.032426172920947634,0.9420925309444669,0.8443134677535994,0.4166733754919983,0.6806714220357534,1.422006243022282,-8.420416412795612,-8.384168910447993,-8.450936321253337,-8.50792281295777,-8.420833878207448,-8.43015397297173,-8.470915727633917,-8.451732299553475,-8.368969188559621,0.09531789792349853,0.10651168273857761,0.08952729558189512,0.08355426202589598,0.09531789792349853,0.09531789792349853,0.09531789792349853,0.08653199832728428,0.09962190394171307,8.510632157906503,8.510632157906503,8.510632157906503,8.510632157906503,9.510632157906503,18.510632157906496,58.51063215790646,8.510632157906503,8.510632157906503,0.09021574511089092,0.1264632474585099,0.05969583665316591,0.0027093449487338717,0.08979827969905507,0.08047818493477266,0.03971643027258587,0.05889985835302802,0.14166296934688205,117,99,91,67,107,99,102,58,243,24.80308119500023,41.34321721100014,40.31858001299997,31.982160956999905,44.207494566999685,39.6734444409999,38.11523091300023,20.247731982000005,74.86035440400019
156,-0.3822333695260401,-0.5007717734180421,0.08222237557849003,-1.4416806016367707,636800.0,0.01,5.0,0.003,0.038223336952605776,0.03822333695260567,0.038223336952605894,0.03822333695260611,0.13822333695261035,1.0382233369526512,5.038223336952832,0.07644667390521155,0.019111668476302888,0.0,0.0,0.0,0.0,0.9999999999999996,9.999999999999993,49.99999999999996,0.0,0.0,9.999999999999538,9.999999999999565,9.999999999999506,9.999999999999451,9.999999999999538,9.999999999999538,9.999999999999538,4.999999999999769,19.999999999999076,-0.9016622051669572,-1.0036037412239702,-0.8254867392839655,-0.7869905969365625,-0.9141201033752814,-1.029475720344138,-1.56246080063833,-0.8179046123883938,-1.2287443099701953,-0.4681779161941309,-0.4891289031125965,-0.45613696517218816,-0.4479897881463339,-0.46936537687266006,-0.4803608318769768,-0.5311638497302741,-0.45300829006917365,-0.5046432195602227,0.09531789862721018,0.10651169300762994,0.089527295992971,0.08355426211730745,0.09531789862721018,0.09531789862721018,0.09531789862721018,0.08653199831758017,0.09962190590909173,0.3822333695260401,0.3822333695260401,0.3822333695260401,0.3822333695260401,1.3822333695260396,10.382233369526032,50.382233369526,0.3822333695260401,0.3822333695260401,-0.08594454666809082,-0.1068955335865564,-0.07390359564614807,-0.0657564186202938,-0.08713200734661997,-0.09812746235093672,-0.148930480204234,-0.07077492054313356,-0.12240985003418264,116,163,89,52,104,97,90,51,261,23.807419666999976,75.23302399100021,39.302415799999835,25.149832473999595,43.290780598999845,38.55755004499997,32.33526794599993,17.661838707000243,66.43876563399999
157,9.267375528475291,9.138655501855458,0.08222237557849003,-1.5655109173652608,636800.0,0.01,5.0,0.003,-0.9267375528475476,-0.9267375528475456,-0.9267375528475503,-0.926737552847556,-0.8267375528475456,0.0732624471524716,4.073262447152548,-1.853475105695095,-0.4633687764237738,0.0,0.0,0.0,0.0,0.9999999999999996,9.999999999999993,49.99999999999996,0.0,0.0,9.999999999999801,9.999999999999822,9.99999999999977,9.99999999999971,9.999999999999801,9.999999999999801,9.999999999999801,4.9999999999999005,19.999999999999602,1.422978633546179,1.2688780567761668,1.474725438282931,1.2559516027266384,1.4074193009744085,1.2819689618223635,0.7087894494909178,1.1387438223878026,1.3367489677946074,9.403010861283853,9.40252585891281,9.399403710285164,9.372315638925071,9.401527778402706,9.389570115721973,9.334935849204294,9.365913306910192,9.400544997634736,0.09531789839356017,0.10651167755307743,0.08952729666316507,0.08355426293653176,0.09531789839356017,0.09531789839356017,0.09531789839356017,0.08653199824020079,0.09962189787896353,-9.267375528475291,-9.267375528475291,-9.267375528475291,-9.267375528475291,-8.267375528475291,0.7326244715247014,40.732624471524666,-9.267375528475291,-9.267375528475291,0.13563533280856177,0.13515033043751856,0.13202818180987208,0.10494011044978002,0.13415224992741415,0.12219458724668186,0.06756032072900275,0.09853777843490086,0.13316946915944428,96,97,87,90,113,97,86,48,161,19.87072882099983,38.566016935000334,36.611705921000066,42.425823271000354,44.718941475000065,36.0430159980001,29.12600479699995,15.292316567999933,41.838927035000324
158,-9.522590318084283,-9.571530703297931,0.08222237557849003,-0.5952197910765642,636800.0,0.01,5.0,0.003,0.9522590318084543,0.9522590318084517,0.9522590318084567,0.9522590318084628,1.052259031808457,1.9522590318084807,5.952259031808586,1.9045180636169086,0.47612951590422714,0.0,0.0,0.0,0.0,0.9999999999999997,9.999999999999993,49.99999999999996,0.0,0.0,9.999999999999728,9.999999999999755,9.999999999999702,9.999999999999638,9.999999999999728,9.999999999999728,9.999999999999728,4.999999999999864,19.999999999999456,0.9772852285060634,0.7814249470412512,1.1018190096197216,1.0097571310217544,0.96492561068795,0.8521318594059775,0.4335676648728453,1.0930241182704616,1.252032693486057,-9.4294375444314,-9.439359432041016,-9.423947441932308,-9.438220806176375,-9.43061563722096,-9.441366900492064,-9.481263559661004,-9.428008756910423,-9.397860437361931,0.09531789792349853,0.10651168273857761,0.08952729558189512,0.08355426202589598,0.09531789792349853,0.09531789792349853,0.09531789792349853,0.08653199832728428,0.09962190394171307,9.522590318084283,9.522590318084283,9.522590318084283,9.522590318084283,10.522590318084283,19.522590318084276,59.52259031808424,9.522590318084283,9.522590318084283,0.09315277365288388,0.08323088604326756,0.09864287615197576,0.08436951190790865,0.0919746808633235,0.08122341759221996,0.041326758423279486,0.09458156117386096,0.12472988072235225,92,94,107,113,97,84,78,51,190,17.147645075000128,37.25401024499979,45.60433936900017,53.10116157399989,35.85081778599988,27.949047497000265,22.811118863000047,10.883684594999977,44.813021224000295
159,8.00634759587978,8.098871251694007,0.08222237557849003,1.125285607029245,636800.0,0.01,5.0,0.003,-0.8006347595879966,-0.8006347595879952,-0.8006347595879992,-0.8006347595880027,-0.7006347595879943,0.19936524041202602,4.199365240412115,-1.6012695191759931,-0.4003173797939983,0.0,0.0,0.0,0.0,0.9999999999999996,9.999999999999993,49.99999999999996,0.0,0.0,9.999999999999767,9.999999999999783,9.999999999999734,9.999999999999691,9.999999999999767,9.999999999999767,9.999999999999767,4.999999999999884,19.999999999999535,0.369817255147839,0.44344073497365344,0.2703272404767068,0.3071521924049753,0.3561985126265362,0.23711493030019287,-0.2053392046400369,0.509189656650707,0.43138729600552594,8.041597799300483,8.053579217485918,8.030549262845478,8.032011470799564,8.040299689389364,8.028948892630593,7.9867750945076805,8.050408794434443,8.049323218941268,0.09531789804294594,0.1065116888933202,0.0895272963354344,0.08355426252646432,0.09531789804294594,0.09531789804294594,0.09531789804294594,0.0865319984001335,0.09962190231243696,-8.00634759587978,-8.00634759587978,-8.00634759587978,-8.00634759587978,-7.006347595879779,1.9936524041202137,41.993652404120176,-8.00634759587978,-8.00634759587978,0.03525020342070384,0.04723162160613903,0.024201666965698365,0.02566387491978439,0.03395209350958517,0.022601296750814015,-0.01957250137209865,0.044061198554663505,0.04297562306148883,106,109,91,62,115,113,97,60,259,20.095264011999916,44.4106968330002,38.56972806699969,26.615221672999724,36.94050464899965,27.255059953,20.738034915999833,12.888383473999966,58.41268419200014
161,11.689561971413154,11.694003487555886,0.08222237557849003,0.05401833882179828,636800.0,0.01,5.0,0.003,-1.1689561971413471,-1.168956197141344,-1.1689561971413502,-1.1689561971413578,-1.0689561971413444,-0.16895619714132068,3.831043802858784,-2.3379123942826943,-0.5844780985706736,0.0,0.0,0.0,0.0,0.9999999999999997,9.999999999999993,49.99999999999996,0.0,0.0,9.999999999999728,9.999999999999755,9.999999999999702,9.999999999999638,9.999999999999728,9.999999999999728,9.999999999999728,4.999999999999864,19.999999999999456,1.8862729832984164,1.84681750297806,1.8367094401567863,1.626440844924654,1.8748871976763273,1.8390307204997336,1.3318054944001412,1.9178943821210728,2.25352255762099,11.869357547091045,11.886269611366405,11.853997600360128,11.825458035939608,11.86827227793934,11.864854513907925,11.816506871582341,11.855521204878762,11.914062179178956,0.09531789792349853,0.10651168273857761,0.08952729558189512,0.08355426202589598,0.09531789792349853,0.09531789792349853,0.09531789792349853,0.08653199832728428,0.09962190394171307,-11.689561971413154,-11.689561971413154,-11.689561971413154,-11.689561971413154,-10.689561971413154,-1.689561971413161,38.3104380285868,-11.689561971413154,-11.689561971413154,0.1797955756778915,0.19670763995325125,0.16443562894697372,0.1358960645264542,0.17871030652618636,0.17529254249477155,0.12694490016918714,0.1659592334656086,0.22450020776580182,102,116,79,44,93,146,106,49,267,39.059067524000056,51.224101095999686,34.632493633000195,19.461718559000474,36.87282818299991,65.48609294400012,44.45153657500032,18.884738478000145,125.9849789359996
162,5.603996680577486,5.69436751710809,0.08222237557849003,1.0991027186308349,636800.0,0.01,5.0,0.003,-0.5603996680577639,-0.5603996680577624,-0.5603996680577653,-0.560399668057769,-0.46039966805776117,0.4396003319422626,4.439600331942367,-1.1207993361155277,-0.28019983402888193,0.0,0.0,0.0,0.0,0.9999999999999997,9.999999999999993,49.99999999999996,0.0,0.0,9.999999999999728,9.999999999999755,9.999999999999702,9.999999999999638,9.999999999999728,9.999999999999728,9.999999999999728,4.999999999999864,19.999999999999456,-0.6570200729588552,-0.4922663131562502,-0.7933930993212732,-1.0226180482056233,-0.6772220344609197,-0.7683695878680036,-1.2124410434633788,-0.7440300424611669,-0.2853943663432664,5.541370908329505,5.5515645672076985,5.532966342061915,5.518552584225303,5.539445299825196,5.530757306633563,5.488429348958384,5.539614274187787,5.575565150428131,0.09531789792349853,0.10651168273857761,0.08952729558189512,0.08355426202589598,0.09531789792349853,0.09531789792349853,0.09531789792349853,0.08653199832728428,0.09962190394171307,-5.603996680577486,-5.603996680577486,-5.603996680577486,-5.603996680577486,-4.603996680577486,4.3960033194225066,44.39600331942247,-5.603996680577486,-5.603996680577486,-0.06262577224798171,-0.052432113369787814,-0.0710303385155715,-0.08544409635218297,-0.06455138075228994,-0.07323937394392299,-0.11556733161910238,-0.06438240638969894,-0.028431530149354955,95,148,70,58,113,103,90,55,247,35.235155567999755,63.1213990819997,27.823431353999695,25.95673954999984,43.785222596000494,41.05957138800022,33.462607610000305,20.41050434600038,109.8228669809996
163,-3.065673216187437,-3.2863638033550626,0.08222237557849003,-2.684069702619486,636800.0,0.01,5.0,0.003,0.30656732161875205,0.3065673216187512,0.3065673216187529,0.30656732161875483,0.40656732161875475,1.3065673216187785,5.306567321618884,0.6131346432375041,0.15328366080937603,0.0,0.0,0.0,0.0,0.9999999999999997,9.999999999999993,49.99999999999996,0.0,0.0,9.999999999999728,9.999999999999755,9.999999999999702,9.999999999999638,9.999999999999728,9.999999999999728,9.999999999999728,4.999999999999864,19.999999999999456,-2.335084683420895,-1.8483670133252181,-2.7981583370222984,-3.7058038251862406,-2.3458025668051015,-2.4490514091940865,-2.894853597679436,-3.2763814500652266,-1.7476067200371146,-3.288248579684475,-3.262545897095185,-3.3161847647109766,-3.375308920013616,-3.2892701857988467,-3.2991116484183993,-3.341604575914518,-3.3491850503440266,-3.239773124978867,0.09531789792349853,0.10651168273857761,0.08952729558189512,0.08355426202589598,0.09531789792349853,0.09531789792349853,0.09531789792349853,0.08653199832728428,0.09962190394171307,3.065673216187437,3.065673216187437,3.065673216187437,3.065673216187437,4.065673216187437,13.065673216187431,53.06567321618739,3.065673216187437,3.065673216187437,-0.22257536349703777,-0.1968726809077479,-0.2505115485235394,-0.3096357038261788,-0.2235969696114095,-0.23343843223096217,-0.27593135972708094,-0.2835118341565894,-0.17409990879142967,103,115,99,55,94,99,112,60,212,38.758830714000396,47.794333773999824,44.054377010999815,26.0668378499995,37.9917650540001,39.99136645999988,46.98811758800002,24.12230168499991,93.14669690299979
164,21.533877564733416,21.2015448781704,0.08222237557849003,-4.041876487085564,636800.0,0.01,5.0,0.003,-2.153387756473416,-2.1533877564734105,-2.1533877564734225,-2.153387756473431,-2.053387756473412,-1.153387756473382,2.846612243526752,-4.306775512946832,-1.076693878236708,0.0,0.0,0.0,0.0,0.9999999999999997,9.999999999999993,49.99999999999996,0.0,0.0,9.999999999999655,9.99999999999968,9.999999999999623,9.999999999999584,9.999999999999655,9.999999999999655,9.999999999999655,4.999999999999828,19.99999999999931,-0.9441222508996245,-0.6893175822114116,-1.1080053190647676,-1.067384200253443,-0.9569692822607363,-1.0624131696379677,-1.5140881581343422,-1.240283947902989,-0.7042516957720746,21.44388581639507,21.46045719423477,21.434680844396148,21.4446930647843,21.442661264371175,21.43261057467752,21.389557864229523,21.4265533163284,21.463718671547042,0.09531789792327755,0.10651167530516838,0.08952729615142727,0.08355426277430378,0.09531789792327755,0.09531789792327755,0.09531789792327755,0.08653199824643074,0.09962190166891735,-21.533877564733416,-21.533877564733416,-21.533877564733416,-21.533877564733416,-20.533877564733416,-11.533877564733423,28.46612243526654,-21.533877564733416,-21.533877564733416,-0.08999174833834545,-0.07342037049864558,-0.09919672033726812,-0.08918449994911626,-0.09121630036224104,-0.10126699005589757,-0.14431970050389253,-0.10732424840501764,-0.07015889318637392,96,119,87,73,104,110,128,50,221,36.28470012700018,49.52226935500039,35.32282211100028,32.81164525799977,40.64130686199951,43.378802700999586,53.03251613300017,18.336667702999875,96.73831920900011
165,15.208723409486549,15.24725521309267,0.08222237557849003,0.4686291697974398,636800.0,0.01,5.0,0.003,-1.5208723409486962,-1.5208723409486922,-1.5208723409487002,-1.52087234094871,-1.4208723409486934,-0.5208723409486697,3.4791276590514353,-3.0417446818973923,-0.7604361704743481,0.0,0.0,0.0,0.0,0.9999999999999997,9.999999999999993,49.99999999999996,0.0,0.0,9.999999999999728,9.999999999999755,9.999999999999702,9.999999999999638,9.999999999999728,9.999999999999728,9.999999999999728,4.999999999999864,19.999999999999456,1.1624626150131387,0.9100229978778722,1.3128531981150102,1.853983935192819,1.151589425350714,1.0708218459444458,0.65478763014459,1.6619005445887445,0.7252332921467562,15.319526902364254,15.305651490321326,15.326259605809827,15.363631668999451,15.318490492781908,15.310791896892534,15.27113638997824,15.352530984631015,15.280972530852125,0.09531789792349853,0.10651168273857761,0.08952729558189512,0.08355426202589598,0.09531789792349853,0.09531789792349853,0.09531789792349853,0.08653199832728428,0.09962190394171307,-15.208723409486549,-15.208723409486549,-15.208723409486549,-15.208723409486549,-14.208723409486549,-5.208723409486556,34.791276590513405,-15.208723409486549,-15.208723409486549,0.11080349287770552,0.09692808083477722,0.11753619632327883,0.15490825951290255,0.10976708329535967,0.10206848740598495,0.06241298049169153,0.14380757514446607,0.07224912136557649,95,109,78,73,103,113,97,52,179,38.264140239999506,45.10938394200002,30.82876528700035,35.07438203299989,42.25387201600006,48.115788335000616,39.12468310800068,20.879007642999568,81.09920230399985
166,2.49532157983757,2.31564401221887,0.08222237557849003,-2.185263638450564,636800.0,0.01,5.0,0.003,-0.2495321579837638,-0.24953215798376313,-0.24953215798376446,-0.24953215798376605,-0.14953215798376113,0.7504678420162626,4.750467842016367,-0.4990643159675276,-0.1247660789918819,0.0,0.0,0.0,0.0,0.9999999999999997,9.999999999999993,49.99999999999996,0.0,0.0,9.999999999999728,9.999999999999755,9.999999999999702,9.999999999999638,9.999999999999728,9.999999999999728,9.999999999999728,4.999999999999864,19.999999999999456,-0.32907313191413723,-0.3781424536797145,-0.3616524173769214,-0.7965095609173121,-0.33854968319201517,-0.449300426259618,-0.8974919970353767,-0.4814265617578407,-0.774304686347067,2.4639550206404124,2.455044990781249,2.4629438169691595,2.4287698112785536,2.463051735693041,2.4524952076703714,2.409774529276995,2.4536627774008304,2.4181838727526843,0.09531789792349853,0.10651168273857761,0.08952729558189512,0.08355426202589598,0.09531789792349853,0.09531789792349853,0.09531789792349853,0.08653199832728428,0.09962190394171307,-2.49532157983757,-2.49532157983757,-2.49532157983757,-2.49532157983757,-1.4953215798375705,7.504678420162422,47.504678420162385,-2.49532157983757,-2.49532157983757,-0.031366559197157695,-0.04027658905632103,-0.03237776286841054,-0.06655176855901646,-0.03226984414452927,-0.042826372167198645,-0.08554705056057488,-0.041658802436739695,-0.07713770708488576,135,106,97,66,134,103,91,62,206,58.909808204,47.6429014080004,44.00151233699944,31.53040923899971,59.24165905100017,42.09089563999987,37.04086850600015,25.83516384700033,96.59380159400007
167,-4.580348116413002,-4.4239343545468,0.08222237557849003,1.9023259880990446,636800.0,0.01,5.0,0.003,0.4580348116413126,0.4580348116413114,0.4580348116413138,0.45803481164131676,0.5580348116413153,1.458034811641339,5.458034811641444,0.9160696232826252,0.2290174058206563,0.0,0.0,0.0,0.0,0.9999999999999997,9.999999999999993,49.99999999999996,0.0,0.0,9.999999999999728,9.999999999999755,9.999999999999702,9.999999999999638,9.999999999999728,9.999999999999728,9.999999999999728,4.999999999999864,19.999999999999456,-0.7581352197074218,-0.73185670701744,-0.8134339168431056,-1.1181352670001816,-0.7726228141859498,-0.8994315084432909,-1.283703786508293,-0.6994399360884762,-0.9409668562005786,-4.652611971897283,-4.6582994058009435,-4.653172655122553,-4.67377308349233,-4.653992898948944,-4.666080037123978,-4.702708062899408,-4.640872051792646,-4.6740890261737515,0.09531789792349853,0.10651168273857761,0.08952729558189512,0.08355426202589598,0.09531789792349853,0.09531789792349853,0.09531789792349853,0.08653199832728428,0.09962190394171307,4.580348116413002,4.580348116413002,4.580348116413002,4.580348116413002,5.580348116413002,14.580348116412996,54.58034811641296,4.580348116413002,4.580348116413002,-0.07226385548428116,-0.07795128938794171,-0.07282453870955141,-0.09342496707932835,-0.07364478253594253,-0.0857319207109759,-0.12235994648640602,-0.060523935379643845,-0.09374090976074978,125,102,107,47,123,116,87,49,207,50.283087429999796,41.26407804199971,45.43255874100032,20.201828727999782,49.877787756000544,48.24953564000043,31.64535875799993,17.485833405999983,90.11521425199953
168,-17.848824045516565,-17.584219743458643,0.08222237557849003,3.2181544281134156,636800.0,0.01,5.0,0.003,1.784882404551705,1.7848824045517002,1.7848824045517098,1.784882404551721,1.8848824045517079,2.7848824045517313,6.784882404551837,3.56976480910341,0.8924412022758526,0.0,0.0,0.0,0.0,0.9999999999999997,9.999999999999993,49.99999999999996,0.0,0.0,9.999999999999728,9.999999999999755,9.999999999999702,9.999999999999638,9.999999999999728,9.999999999999728,9.999999999999728,4.999999999999864,19.999999999999456,-0.9030401760375206,-1.0059258570962266,-0.7190690159194237,-0.1213543874334201,-0.919472840956921,-1.0231967941029307,-1.4385159398418979,-0.4030142529770055,-1.2432291190542133,-17.934899936836928,-17.95596690126613,-17.913200349848566,-17.85896372180217,-17.936466263914326,-17.94635301309252,-17.98594036103174,-17.883697674181043,-17.972676897392525,0.09531789792349853,0.10651168273857761,0.08952729558189512,0.08355426202589598,0.09531789792349853,0.09531789792349853,0.09531789792349853,0.08653199832728428,0.09962190394171307,17.848824045516565,17.848824045516565,17.848824045516565,17.848824045516565,18.848824045516565,27.848824045516558,67.84882404551652,17.848824045516565,17.848824045516565,-0.08607589132036253,-0.10714285574956506,-0.0643763043320007,-0.010139676285604082,-0.08764221839776098,-0.09752896757595408,-0.13711631551517556,-0.03487362866447796,-0.1238528518759594,139,102,81,42,134,103,112,57,184,57.378991599000074,42.19517025599998,33.63997327799916,17.92746677299965,54.977197749999505,39.146801300000334,43.70594594800059,21.532956623000246,78.06658480500028
169,18.614463453275395,18.538665326670888,0.08222237557849003,-0.9218673879368728,636800.0,0.01,5.0,0.003,-1.86144634532759,-1.8614463453275851,-1.8614463453275951,-1.8614463453276069,-1.7614463453275873,-0.8614463453275636,3.1385536546725414,-3.72289269065518,-0.930723172663795,0.0,0.0,0.0,0.0,0.9999999999999997,9.999999999999993,49.99999999999996,0.0,0.0,9.999999999999728,9.999999999999755,9.999999999999702,9.999999999999638,9.999999999999728,9.999999999999728,9.999999999999728,4.999999999999864,19.999999999999456,1.6391922602094615,1.4444326356641193,1.8164979397648555,2.250819830136418,1.6248432136515607,1.5092145358768323,0.9930884111020118,1.5388767687531164,1.348248507817525,18.77070781381103,18.7683124039025,18.777089601252626,18.802529043135696,18.769340092855924,18.758318610350763,18.709122553073826,18.747625535255036,18.74877853661075,0.09531789792349853,0.10651168273857761,0.08952729558189512,0.08355426202589598,0.09531789792349853,0.09531789792349853,0.09531789792349853,0.08653199832728428,0.09962190394171307,-18.614463453275395,-18.614463453275395,-18.614463453275395,-18.614463453275395,-17.614463453275395,-8.614463453275402,31.385536546724563,-18.614463453275395,-18.614463453275395,0.15624436053563429,0.15384895062710413,0.16262614797723174,0.18806558986030097,0.15487663958052877,0.1438551570753681,0.0946590997984309,0.1331620819796413,0.13431508333535547,94,103,76,70,97,104,88,45,188,36.6372211959997,42.13758557199981,30.15508477700041,31.385160865000216,36.569202012999995,39.7967626210002,32.58187100499981,16.730088906000674,83.42881704000047
170,0.5030446660446797,0.4946884420722045,0.08222237557849003,-0.10162956146284347,636800.0,0.01,5.0,0.003,-0.05030446660446914,-0.05030446660446906,-0.05030446660446931,-0.05030446660446952,0.04969553339553314,0.9496955333955533,4.9496955333956425,-0.10060893320893828,-0.02515223330223457,0.0,0.0,0.0,0.0,0.9999999999999996,9.999999999999993,49.99999999999996,0.0,0.0,9.999999999999767,9.999999999999783,9.999999999999734,9.999999999999691,9.999999999999767,9.999999999999767,9.999999999999767,4.999999999999884,19.999999999999535,-0.42640893416550035,-0.5499536849760231,-0.15305150388126504,0.8991927816857984,-0.435968898489572,-0.5290762991065503,-0.9781300726716429,0.3495970491753303,-0.8992673926202435,0.46240026273329127,0.44446817024477847,0.4893423787021178,0.5781760557875566,0.4614890270285552,0.45261422530950235,0.40981136350502473,0.5332959973446108,0.4134579377043059,0.09531789804294594,0.1065116888933202,0.0895272963354344,0.08355426252646432,0.09531789804294594,0.09531789804294594,0.09531789804294594,0.0865319984001335,0.09962190231243696,-0.5030446660446797,-0.5030446660446797,-0.5030446660446797,-0.5030446660446797,0.4969553339553199,9.496955333955313,49.49695533395528,-0.5030446660446797,-0.5030446660446797,-0.04064440331138841,-0.05857649579990121,-0.013702287342561903,0.07513138974287692,-0.04155563901612447,-0.05043044073517733,-0.09323330253965495,0.030251331299931072,-0.08958672834037379,149,128,97,167,105,108,109,60,266,61.76622657799999,54.21757066800001,41.08727611999984,80.76595738100059,40.62866234000012,42.47780872000021,42.08643276299972,23.10529103800036,119.65223857799992
171,-17.83675042111664,-17.800281629013043,0.08222237557849003,0.443538536158988,636800.0,0.01,5.0,0.003,1.7836750421117218,1.7836750421117162,1.783675042111727,1.7836750421117376,1.883675042111725,2.7836750421117533,6.783675042111878,3.5673500842234436,0.8918375210558609,0.0,0.0,0.0,0.0,0.9999999999999997,9.999999999999993,49.99999999999996,0.0,0.0,9.999999999999677,9.999999999999707,9.999999999999648,9.999999999999588,9.999999999999677,9.999999999999677,9.999999999999677,4.999999999999838,19.999999999999353,1.032112859665149,0.9765632132389777,1.0509853287996895,0.791214135014587,1.0430204516097419,0.9256872334341569,0.4651293471942588,0.9107912410619563,1.207291919867563,-17.738371592399456,-17.73273503082872,-17.742658547015825,-17.770641107128288,-17.737331903658458,-17.748515859429997,-17.792415269247876,-17.75793783497172,-17.716477705164976,0.09531789842159448,0.10651168186330792,0.08952729550304568,0.08355426307839384,0.09531789842159448,0.09531789842159448,0.09531789842159448,0.08653199832381683,0.0996219008612745,17.83675042111664,17.83675042111664,17.83675042111664,17.83675042111664,18.83675042111664,27.836750421116633,67.83675042111659,17.83675042111664,17.83675042111664,0.09837882871718406,0.10401539028791973,0.09409187410081543,0.06610931398835262,0.09941851745818298,0.08823456168664379,0.04433515186876491,0.07881258614492026,0.12027271595166411,110,94,85,43,114,93,91,49,179,43.623036811999555,37.82729334599935,35.110807075000594,19.207107385999734,44.712071933000516,36.098009156000444,33.890031476999866,18.414381102000334,75.08079911200002
172,3.0270167108077324,2.6291854197736324,0.08222237557849003,-4.838479650278743,636800.0,0.01,5.0,0.003,-0.30270167108078255,-0.3027016710807815,-0.30270167108078344,-0.30270167108078566,-0.20270167108077952,0.6972983289192475,4.697298328919367,-0.6054033421615651,-0.15135083554039128,0.0,0.0,0.0,0.0,0.9999999999999996,9.999999999999993,49.99999999999996,0.0,0.0,9.999999999999693,9.999999999999726,9.999999999999662,9.99999999999959,9.999999999999693,9.999999999999693,9.999999999999693,4.999999999999846,19.999999999999385,-1.2201725261373806,-1.19589755350987,-1.1431033532962387,-0.9977850727126455,-1.2331512912458635,-1.3372192739483544,-1.8648995815048248,-1.3820173374812745,-1.1196221825616703,2.9107124302748035,2.899639647791082,2.924677758233096,2.9436475152095687,2.9094753216644937,2.8995557802918963,2.8492584024972745,2.9074279891460706,2.915477821224061,0.09531789811815024,0.10651168458603168,0.08952729626724758,0.08355426221351518,0.09531789811815024,0.09531789811815024,0.09531789811815024,0.08653199812935208,0.09962190042401006,-3.0270167108077324,-3.0270167108077324,-3.0270167108077324,-3.0270167108077324,-2.027016710807733,6.9729832891922605,46.97298328919223,-3.0270167108077324,-3.0270167108077324,-0.11630428053292885,-0.1273770630166502,-0.10233895257463654,-0.08336919559816369,-0.11754138914323864,-0.12746093051583607,-0.1777583083104579,-0.11958872166166179,-0.11153888958367153,124,111,78,52,116,91,78,53,208,50.641156281000804,49.43439209400003,31.84502173800047,22.97964653300005,47.685090859999946,34.0887689580004,27.473494964000565,20.2552788590001,91.30169856999964
173,10.840380436232719,10.728782849530146,0.08222237557849003,-1.3572654148874677,636800.0,0.01,5.0,0.003,-1.0840380436233092,-1.0840380436233066,-1.0840380436233128,-1.084038043623317,-0.9840380436233058,-0.08403804362327551,3.9159619563768584,-2.1680760872466185,-0.5420190218116546,0.0,0.0,0.0,0.0,0.9999999999999997,9.999999999999993,49.99999999999996,0.0,0.0,9.999999999999655,9.99999999999968,9.999999999999623,9.999999999999584,9.999999999999655,9.999999999999655,9.999999999999655,4.999999999999828,19.99999999999931,0.934485799359137,0.7198652522416104,1.0077079791686134,0.8406514980796878,0.9239654178656487,0.7467523371961393,0.2559839547737209,0.5521035033738955,1.0036875502464198,10.929453658266786,10.91705449024295,10.930597806917904,10.910620452404881,10.928450877617475,10.91155929928355,10.864780288703837,10.888155055618517,10.940369698669684,0.09531789792327755,0.10651167530516838,0.08952729615142727,0.08355426277430378,0.09531789792327755,0.09531789792327755,0.09531789792327755,0.08653199824643074,0.09962190166891735,-10.840380436232719,-10.840380436232719,-10.840380436232719,-10.840380436232719,-9.840380436232719,-0.8403804362327261,39.15961956376724,-10.840380436232719,-10.840380436232719,0.08907322203406665,0.07667405401023153,0.09021737068518476,0.07024001617216236,0.08807044138475639,0.07117886305083054,0.02439985247111842,0.04777461938579819,0.09998926243696538,118,104,74,58,112,109,108,47,207,46.98025148399938,45.22288225899956,31.559994806999384,26.131473527999333,45.01983392799957,42.876783677000276,43.13635616600004,16.918134268999893,90.72584049499983
174,-1.9849332972041356,-2.224433804382736,0.08222237557849003,-2.9128385733634206,636800.0,0.01,5.0,0.003,0.19849332972041894,0.19849332972041842,0.19849332972041947,0.19849332972042075,0.29849332972042164,1.1984933297204454,5.1984933297205504,0.3969866594408379,0.09924666486020947,0.0,0.0,0.0,0.0,0.9999999999999997,9.999999999999993,49.99999999999996,0.0,0.0,9.999999999999728,9.999999999999755,9.999999999999702,9.999999999999638,9.999999999999728,9.999999999999728,9.999999999999728,4.999999999999864,19.999999999999456,-0.6628205060274378,-0.37168782725780874,-0.9792696957251631,-1.7188130391720164,-0.6725851406449102,-0.7712070991727694,-1.2013152451018045,-1.555914464073,0.34271034238377357,-2.0481119545392605,-2.0245223931388105,-2.0726046647077148,-2.128547452252641,-2.049042698984989,-2.058443136760963,-2.099440141110692,-2.119569685006698,-1.9507918403953477,0.09531789792349853,0.10651168273857761,0.08952729558189512,0.08355426202589598,0.09531789792349853,0.09531789792349853,0.09531789792349853,0.08653199832728428,0.09962190394171307,1.9849332972041356,1.9849332972041356,1.9849332972041356,1.9849332972041356,2.9849332972041354,11.984933297204128,51.984933297204094,1.9849332972041356,1.9849332972041356,-0.06317865733512495,-0.03958909593467497,-0.08767136750357918,-0.14361415504850528,-0.06410940178085345,-0.07350983955682744,-0.11450684390655641,-0.13463638780256226,0.034141456808787884,112,146,108,61,139,120,88,65,201,44.05726030900041,69.96608916599962,47.07256010199944,28.57987223100008,58.91494738900019,50.36108721999972,32.1415416509999,25.99054542000067,88.29464675500003
175,-3.789811274179127,-3.815136363525251,0.08222237557849003,-0.3080072689209566,636800.0,0.01,5.0,0.003,0.3789811274179244,0.3789811274179231,0.3789811274179255,0.3789811274179283,0.4789811274179274,1.3789811274179544,5.378981127418074,0.7579622548358488,0.1894905637089622,0.0,0.0,0.0,0.0,0.9999999999999996,9.999999999999993,49.99999999999996,0.0,0.0,9.999999999999693,9.999999999999726,9.999999999999662,9.99999999999959,9.999999999999693,9.999999999999693,9.999999999999693,4.999999999999846,19.999999999999385,-0.9676941507774465,-0.9900559155404668,-0.9092827822211557,-0.5791747609512079,-0.9783358753940191,-1.0769103567704295,-1.537932208093377,-1.2444119779971758,-0.6854444154483126,-3.8820498466524618,-3.8952637975777082,-3.871216903213748,-3.8382037940230944,-3.8830641934752657,-3.892460105848152,-3.9364037397027936,-3.897492729131322,-3.858096549481113,0.09531789811815024,0.10651168458603168,0.08952729626724758,0.08355426221351518,0.09531789811815024,0.09531789811815024,0.09531789811815024,0.08653199812935208,0.09962190042401006,3.789811274179127,3.789811274179127,3.789811274179127,3.789811274179127,4.789811274179127,13.78981127417912,53.78981127417909,3.789811274179127,3.789811274179127,-0.09223857247333456,-0.10545252339858102,-0.08140562903462056,-0.0483925198439672,-0.09325291929613844,-0.10264883166902461,-0.14659246552366634,-0.10768145495219494,-0.06828527530198558,105,120,104,99,121,106,88,62,242,41.4794768440006,50.89857240999936,44.58956974600005,46.625323071999446,48.7631490950007,42.70396843599974,32.74157523700069,24.798726893000094,109.22608966400003
176,5.556843796509426,5.384459921649444,0.08222237557849003,-2.096556729809186,636800.0,0.01,5.0,0.003,-0.5556843796509577,-0.5556843796509562,-0.5556843796509592,-0.5556843796509627,-0.455684379650955,0.44431562034906874,4.444315620349174,-1.1113687593019155,-0.27784218982547887,0.0,0.0,0.0,0.0,0.9999999999999997,9.999999999999993,49.99999999999996,0.0,0.0,9.999999999999728,9.999999999999755,9.999999999999702,9.999999999999638,9.999999999999728,9.999999999999728,9.999999999999728,4.999999999999864,19.999999999999456,0.37684012155691976,0.6845507252102894,-0.00979824651717886,-0.6892134158175194,0.368600128999093,0.2582258973113103,-0.17407674971548753,-0.4633013304918796,1.330273890408207,5.592763404749467,5.629756446171488,5.555966585997298,5.499257078172446,5.59197798597995,5.5814573462305495,5.540251166649191,5.516753406554274,5.6893682142358415,0.09531789792349853,0.10651168273857761,0.08952729558189512,0.08355426202589598,0.09531789792349853,0.09531789792349853,0.09531789792349853,0.08653199832728428,0.09962190394171307,-5.556843796509426,-5.556843796509426,-5.556843796509426,-5.556843796509426,-4.556843796509426,4.443156203490567,44.44315620349053,-5.556843796509426,-5.556843796509426,0.035919608240041256,0.07291264966206157,-0.0008772105121277463,-0.057586718336979814,0.035134189470523935,0.024613549721123285,-0.016592629860235242,-0.040090389955151906,0.13252441772641532,103,134,144,119,131,104,89,53,206,41.8514430059995,56.860018981000394,64.75153590299942,58.94267478399979,55.11374867900031,40.98156121899956,33.085096479999265,20.2997552730003,94.1762341829999
177,2.074715232662288,2.3481487939152195,0.08222237557849003,3.325537109930739,636800.0,0.01,5.0,0.003,-0.20747152326623516,-0.20747152326623447,-0.2074715232662358,-0.2074715232662373,-0.10747152326623215,0.7925284767337949,4.7925284767339145,-0.4149430465324703,-0.10373576163311758,0.0,0.0,0.0,0.0,0.9999999999999996,9.999999999999993,49.99999999999996,0.0,0.0,9.999999999999693,9.999999999999726,9.999999999999662,9.99999999999959,9.999999999999693,9.999999999999693,9.999999999999693,4.999999999999846,19.999999999999385,1.195518742468216,1.172564360336385,1.2434794384355345,1.3240823811283713,1.1825171593524368,1.0674339609752823,0.6293202614512217,1.7269691809118786,0.6543459175635206,2.1886695663552125,2.199607037967259,2.1860405847493367,2.1853479591273834,2.187430282780408,2.1764607942023835,2.134700717226983,2.2241533265944033,2.1399024165046585,0.09531789811815024,0.10651168458603168,0.08952729626724758,0.08355426221351518,0.09531789811815024,0.09531789811815024,0.09531789811815024,0.08653199812935208,0.09962190042401006,-2.074715232662288,-2.074715232662288,-2.074715232662288,-2.074715232662288,-1.0747152326622884,7.925284767337705,47.92528476733767,-2.074715232662288,-2.074715232662288,0.11395433369292451,0.12489180530497102,0.11132535208704875,0.11063272646509548,0.11271505011812,0.10174556154009551,0.05998548456469521,0.14943809393211538,0.06518718384237054,128,153,87,51,117,119,96,58,286,54.965132829999675,72.27477303500018,38.33987781199994,24.179536800999813,51.43695542900059,51.69151564799995,38.15471744699971,24.161898635999933,140.8756987529996
178,-7.694022547985177,-7.523231652599308,0.08222237557849003,2.077182691259396,636800.0,0.01,5.0,0.003,0.7694022547985386,0.7694022547985365,0.7694022547985406,0.7694022547985455,0.8694022547985412,1.769402254798565,5.7694022547986705,1.5388045095970773,0.3847011273992693,0.0,0.0,0.0,0.0,0.9999999999999997,9.999999999999993,49.99999999999996,0.0,0.0,9.999999999999728,9.999999999999755,9.999999999999702,9.999999999999638,9.999999999999728,9.999999999999728,9.999999999999728,4.999999999999864,19.999999999999456,0.46946737347100553,0.6163360305778648,0.32893525705710003,0.42708676256787986,0.482989317728526,0.3478581062366828,-0.046077708755459586,0.4843236306406793,0.7536221413907496,-7.649273904802254,-7.628375560235913,-7.664573863999319,-7.6583376287177884,-7.647985021499789,-7.660865444523047,-7.698414578324878,-7.652113056388713,-7.618945275407199,0.09531789792349853,0.10651168273857761,0.08952729558189512,0.08355426202589598,0.09531789792349853,0.09531789792349853,0.09531789792349853,0.08653199832728428,0.09962190394171307,7.694022547985177,7.694022547985177,7.694022547985177,7.694022547985177,8.694022547985176,17.69402254798517,57.694022547985135,7.694022547985177,7.694022547985177,0.044748643182922265,0.06564698774926381,0.02944868398585765,0.03568491926738826,0.046037526485387836,0.03315710346212963,-0.004392030339701591,0.04190949159646351,0.07507727257797736,91,130,83,71,95,95,89,55,251,35.4377967749997,59.24183632800032,36.35276674600027,33.98374683600014,38.593086838999625,38.25413840799956,35.80848888299988,21.922501013999863,119.39417583600061
179,0.5361152564279138,0.7158866777823523,0.08222237557849003,2.1864051006751497,636800.0,0.01,5.0,0.003,-0.05361152564279311,-0.05361152564279295,-0.05361152564279326,-0.05361152564279359,0.04638847435721009,0.9463884743572385,4.946388474357365,-0.10722305128558622,-0.026805762821396555,0.0,0.0,0.0,0.0,0.9999999999999997,9.999999999999993,49.99999999999996,0.0,0.0,9.999999999999677,9.999999999999707,9.999999999999648,9.999999999999588,9.999999999999677,9.999999999999677,9.999999999999677,4.999999999999838,19.999999999999353,1.9857142648243247,1.6967252207593104,2.2274049764262873,2.4350191897031466,1.9771645436811534,1.8783972007255318,1.5149359761442884,2.556773266940854,1.549914680709209,0.7253893670167499,0.7168363133508804,0.7355287999573845,0.7395714904053079,0.7245744255652922,0.7151601300020775,0.6805157699172542,0.7573579564772195,0.6905207030929605,0.09531789842159448,0.10651168186330792,0.08952729550304568,0.08355426307839384,0.09531789842159448,0.09531789842159448,0.09531789842159448,0.08653199832381683,0.0996219008612745,-0.5361152564279138,-0.5361152564279138,-0.5361152564279138,-0.5361152564279138,0.46388474357208587,9.463884743572079,49.463884743572045,-0.5361152564279138,-0.5361152564279138,0.18927411058883614,0.18072105692296658,0.19941354352947072,0.2034562339773941,0.18845916913737837,0.17904487357416365,0.14440051348934035,0.22124270004930569,0.15440544666504674,110,121,100,54,123,97,98,50,227,44.05121211200003,51.78257343600035,43.37557052899956,24.196642071000497,50.54894445100035,38.89164573900052,37.96688735800035,18.631298145999608,101.25675523900009
180,0.7384081728216736,0.779543460438924,0.08222237557849003,0.5002931054695976,636800.0,0.01,5.0,0.003,-0.07384081728216936,-0.07384081728216917,-0.07384081728216957,-0.07384081728217004,0.02615918271783332,0.9261591827178571,4.926159182717963,-0.14768163456433872,-0.03692040864108468,0.0,0.0,0.0,0.0,0.9999999999999997,9.999999999999993,49.99999999999996,0.0,0.0,9.999999999999728,9.999999999999755,9.999999999999702,9.999999999999638,9.999999999999728,9.999999999999728,9.999999999999728,4.999999999999864,19.999999999999456,-1.2520348788394287,-1.076590080971431,-1.3524747574131892,-1.3476127931190516,-1.2653988486815477,-1.4071760481642746,-1.8476861156846924,-1.2895777933828212,-1.122608375267104,0.6190668400437971,0.623738751677745,0.6173247654476911,0.6258093803959548,0.6177930145305333,0.6042791099023592,0.5622906162521746,0.6268184293617683,0.6265717890966516,0.09531789792349853,0.10651168273857761,0.08952729558189512,0.08355426202589598,0.09531789792349853,0.09531789792349853,0.09531789792349853,0.08653199832728428,0.09962190394171307,-0.7384081728216736,-0.7384081728216736,-0.7384081728216736,-0.7384081728216736,0.2615918271783261,9.26159182717832,49.261591827178286,-0.7384081728216736,-0.7384081728216736,-0.11934133277787651,-0.11466942114392864,-0.12108340737398249,-0.1125987924257188,-0.12061515829114033,-0.13412906291931437,-0.176117556569499,-0.11158974345990524,-0.11183638372502203,105,138,91,68,111,90,83,58,254,44.19445613700009,58.79095912200046,40.803963953000675,32.82159340199996,47.03357396499996,35.82223137700021,32.768385854999906,23.70350150900049,121.62179891400046
181,5.206150819816722,5.12956217413828,0.08222237557849003,-0.9314817911741109,636800.0,0.01,5.0,0.003,-0.5206150819816864,-0.5206150819816849,-0.5206150819816877,-0.520615081981691,-0.4206150819816836,0.4793849180183401,4.479384918018446,-1.0412301639633728,-0.2603075409908432,0.0,0.0,0.0,0.0,0.9999999999999997,9.999999999999993,49.99999999999996,0.0,0.0,9.999999999999728,9.999999999999755,9.999999999999702,9.999999999999638,9.999999999999728,9.999999999999728,9.999999999999728,4.999999999999864,19.999999999999456,0.3674016347753377,0.5996522084078596,-0.04255951144306198,-1.4487087313135136,0.3574657118169442,0.2558578544814225,-0.1941032671291682,-0.3753574136749909,0.8436104391594543,5.241170771337164,5.2700207855921475,5.202340581855938,5.0851050308813495,5.24022370004684,5.230538652673108,5.1876493044138865,5.173670392724464,5.290192897950892,0.09531789792349853,0.10651168273857761,0.08952729558189512,0.08355426202589598,0.09531789792349853,0.09531789792349853,0.09531789792349853,0.08653199832728428,0.09962190394171307,-5.206150819816722,-5.206150819816722,-5.206150819816722,-5.206150819816722,-4.206150819816722,4.793849180183271,44.79384918018324,-5.206150819816722,-5.206150819816722,0.03501995152044213,0.06386996577542536,-0.0038102379607840575,-0.12104578893537266,0.03407288023011823,0.024387832856385572,-0.018501515402835622,-0.03248042709225807,0.08404207813416953,126,116,89,64,115,100,98,63,209,50.925319826000305,51.736184958000194,38.022529503999976,30.7145769079998,48.634329188000265,38.465929576000235,37.248994247000155,24.833013507000032,90.51892314799989
182,-5.422442643825843,-5.61185584592009,0.08222237557849003,-2.3036697828492203,636800.0,0.01,5.0,0.003,0.542244264382599,0.5422442643825975,0.5422442643826004,0.5422442643826039,0.6422442643826017,1.5422442643826255,5.542244264382731,1.084488528765198,0.2711221321912995,0.0,0.0,0.0,0.0,0.9999999999999997,9.999999999999993,49.99999999999996,0.0,0.0,9.999999999999728,9.999999999999755,9.999999999999702,9.999999999999638,9.999999999999728,9.999999999999728,9.999999999999728,4.999999999999864,19.999999999999456,-0.6895076146959859,-0.4715770536756348,-0.8768827987593428,-1.0881474963995847,-0.7022991706114731,-0.8020028818369068,-1.2420603352907529,-0.9938251043846235,-0.5347802060100365,-5.4881650602609096,-5.472671109353735,-5.50094758934105,-5.513362004862836,-5.489384324481945,-5.4988878726511246,-5.540833224079913,-5.508440316096066,-5.475718466138904,0.09531789792349853,0.10651168273857761,0.08952729558189512,0.08355426202589598,0.09531789792349853,0.09531789792349853,0.09531789792349853,0.08653199832728428,0.09962190394171307,5.422442643825843,5.422442643825843,5.422442643825843,5.422442643825843,6.422442643825843,15.422442643825836,55.4224426438258,5.422442643825843,5.422442643825843,-0.06572241643506693,-0.050228465527892396,-0.07850494551520715,-0.0909193610369936,-0.06694168065610206,-0.07644522882528193,-0.11839058025407034,-0.08599767227022337,-0.05327582231306138,136,130,101,55,105,104,99,57,219,59.845114517000184,59.85019257299973,46.656340440999884,26.072371514000224,44.510174972999266,43.31021996599975,40.74950111899943,22.481142225999974,104.08124438800041
183,-0.07376880625268367,-0.05071283945830441,0.08222237557849003,0.2804098839539108,636800.0,0.01,5.0,0.003,0.0073768806252685675,0.007376880625268548,0.0073768806252685875,0.007376880625268634,0.10737688062527125,1.007376880625295,5.007376880625401,0.014753761250537135,0.0036884403126342838,0.0,0.0,0.0,0.0,0.9999999999999997,9.999999999999993,49.99999999999996,0.0,0.0,9.999999999999728,9.999999999999755,9.999999999999702,9.999999999999638,9.999999999999728,9.999999999999728,9.999999999999728,4.999999999999864,19.999999999999456,1.238243288475621,1.0380236417069024,1.5031036573186343,2.4796938139761435,1.2264298765039592,1.126701542727954,0.7012282355444925,1.793648402194505,1.0968925651368877,0.04425794112269271,0.03679283854794488,0.06079999916630928,0.1334201804242724,0.04313191152624962,0.03362601638730778,-0.006929204875978756,0.08143917428574735,0.03550571950576259,0.09531789792349853,0.10651168273857761,0.08952729558189512,0.08355426202589598,0.09531789792349853,0.09531789792349853,0.09531789792349853,0.08653199832728428,0.09962190394171307,0.07376880625268367,0.07376880625268367,0.07376880625268367,0.07376880625268367,1.0737688062526833,10.073768806252676,50.073768806252644,0.07376880625268367,0.07376880625268367,0.11802674737537638,0.11056164480062855,0.13456880541899296,0.20718898667695607,0.1169007177789333,0.10739482263999145,0.06683960137670492,0.15520798053843102,0.10927452575844626,119,140,99,78,136,98,108,67,230,51.4002505010003,65.12116408199927,44.18356455399953,37.569085318999896,59.84393797700068,39.3712908159996,43.86715406900021,29.36027592499977,109.44004951600073
184,-14.026058819316301,-13.913145314920882,0.08222237557849003,1.3732697894094605,636800.0,0.01,5.0,0.003,1.4026058819316682,1.4026058819316645,1.402605881931672,1.402605881931681,1.502605881931671,2.4026058819316947,6.4026058819318,2.8052117638633365,0.7013029409658341,0.0,0.0,0.0,0.0,0.9999999999999997,9.999999999999993,49.99999999999996,0.0,0.0,9.999999999999728,9.999999999999755,9.999999999999702,9.999999999999638,9.999999999999728,9.999999999999728,9.999999999999728,4.999999999999864,19.999999999999456,1.3968119538199362,0.9635594995224198,1.8141472985324862,2.266699024053235,1.3986257143446084,1.2929748237734373,0.854165565126388,1.7726094271417303,1.0140493464684273,-13.89291764008377,-13.923428475603426,-13.863643117891487,-13.836666455126714,-13.892744756243221,-13.902815177046211,-13.944641553169816,-13.872671383331944,-13.925037292730266,0.09531789792349853,0.10651168273857761,0.08952729558189512,0.08355426202589598,0.09531789792349853,0.09531789792349853,0.09531789792349853,0.08653199832728428,0.09962190394171307,14.026058819316301,14.026058819316301,14.026058819316301,14.026058819316301,15.026058819316301,24.026058819316294,64.02605881931626,14.026058819316301,14.026058819316301,0.13314117923253121,0.1026303437128746,0.16241570142481443,0.18939236418958671,0.13331406307307958,0.12324364227008999,0.08141726614648448,0.15338743598435656,0.10102152658603458,117,111,97,74,130,87,89,58,211,49.025829039999735,45.97179113200036,40.62329234200024,33.39246453499982,53.187703005,31.664915752000525,32.811853209999754,23.06925365799998,97.686995131
185,-2.7976604992668443,-3.064469688748371,0.08222237557849003,-3.244970576492635,636800.0,0.01,5.0,0.003,0.27976604992669407,0.2797660499266934,0.27976604992669496,0.27976604992669607,0.3797660499266975,1.2797660499267278,5.279766049926862,0.5595320998533881,0.13988302496334704,0.0,0.0,0.0,0.0,0.9999999999999997,9.999999999999993,49.99999999999996,0.0,0.0,9.999999999999655,9.99999999999968,9.999999999999623,9.999999999999584,9.999999999999655,9.999999999999655,9.999999999999655,4.999999999999828,19.99999999999931,-0.30657685272602925,-0.37325722240039405,-0.2446971105606404,-0.28202399460365934,-0.3185485903749524,-0.41205052283564325,-0.8319973481980668,-0.5551531521657026,-0.21465164629389347,-2.8268827604206237,-2.837416751344464,-2.8195675699514053,-2.8212248062206173,-2.828023881287808,-2.8369362889417253,-2.8769647375748253,-2.8456990108565474,-2.819044504467006,0.09531789792327755,0.10651167530516838,0.08952729615142727,0.08355426277430378,0.09531789792327755,0.09531789792327755,0.09531789792327755,0.08653199824643074,0.09962190166891735,2.7976604992668443,2.7976604992668443,2.7976604992668443,2.7976604992668443,3.797660499266844,12.797660499266836,52.797660499266804,2.7976604992668443,2.7976604992668443,-0.02922226115377935,-0.03975625207761979,-0.021907070684560992,-0.023564306953772984,-0.03036338202096367,-0.03927578967488099,-0.07930423830798095,-0.04803851158970307,-0.021384005200161482,112,110,102,47,101,95,119,65,211,47.751605783999366,49.257070521999594,46.77170131999992,22.27253880399985,41.603145277000294,39.722410514999865,50.962684132000504,27.282180616000005,99.35318733700024
186,11.2412232979943,11.129959862411933,0.08222237557849003,-1.353201422356777,636800.0,0.01,5.0,0.003,-1.1241223297994605,-1.1241223297994576,-1.1241223297994634,-1.1241223297994707,-1.0241223297994577,-0.12412232979943401,3.8758776702006714,-2.248244659598921,-0.5620611648997302,0.0,0.0,0.0,0.0,0.9999999999999997,9.999999999999993,49.99999999999996,0.0,0.0,9.999999999999728,9.999999999999755,9.999999999999702,9.999999999999638,9.999999999999728,9.999999999999728,9.999999999999728,4.999999999999864,19.999999999999456,-1.1567879628067057,-0.9420514426283254,-1.2749586014050722,-1.1079146609352581,-1.167745300152689,-1.2716010416497812,-1.7122647763923036,-1.0950767445165697,-1.2147360603499517,11.130960701036358,11.140883813613652,11.127079702431628,11.148652306112183,11.1299162706737,11.120016959706911,11.078013818820136,11.146464118969543,11.120208978875581,0.09531789792349853,0.10651168273857761,0.08952729558189512,0.08355426202589598,0.09531789792349853,0.09531789792349853,0.09531789792349853,0.08653199832728428,0.09962190394171307,-11.2412232979943,-11.2412232979943,-11.2412232979943,-11.2412232979943,-10.2412232979943,-1.2412232979943063,38.75877670200566,-11.2412232979943,-11.2412232979943,-0.11026259695794138,-0.10033948438064755,-0.11414359556267151,-0.09257099188211626,-0.11130702732059916,-0.12120633828738825,-0.16320947917416362,-0.09475917902475572,-0.12101431911871785,112,118,84,57,106,113,123,53,192,47.39737646499998,51.92730791899976,37.0336676349998,26.839895017000345,44.13782327499939,47.17647527600002,53.0117789119995,20.60865881800055,87.80403783600013
187,-3.8983530213637354,-4.105693775087194,0.08222237557849003,-2.521707166263151,636800.0,0.01,5.0,0.003,0.3898353021363841,0.3898353021363831,0.3898353021363852,0.3898353021363877,0.4898353021363868,1.3898353021364107,5.3898353021365155,0.7796706042727682,0.19491765106819206,0.0,0.0,0.0,0.0,0.9999999999999997,9.999999999999993,49.99999999999996,0.0,0.0,9.999999999999728,9.999999999999755,9.999999999999702,9.999999999999638,9.999999999999728,9.999999999999728,9.999999999999728,4.999999999999864,19.999999999999456,-1.5616836787386115,-1.3158568868274199,-1.7502078936792596,-2.190442347244981,-1.5733381798534862,-1.6605025676056069,-2.1219664455313874,-2.124104632287824,-1.0701944911228993,-4.047209426842536,-4.03850715262287,-4.0550444007909245,-4.081373815198061,-4.048320309390153,-4.056628635604474,-4.100614402415985,-4.082156039851842,-4.004967834157331,0.09531789792349853,0.10651168273857761,0.08952729558189512,0.08355426202589598,0.09531789792349853,0.09531789792349853,0.09531789792349853,0.08653199832728428,0.09962190394171307,3.8983530213637354,3.8983530213637354,3.8983530213637354,3.8983530213637354,4.898353021363735,13.898353021363729,53.89835302136369,3.8983530213637354,3.8983530213637354,-0.14885640547880064,-0.14015413125913456,-0.15669137942718914,-0.1830207938343258,-0.14996728802641757,-0.15827561424073844,-0.20226138105224978,-0.18380301848810676,-0.10661481279359597,124,136,105,81,141,113,113,55,277,53.023891739000646,61.30221400600021,47.685875299000145,39.15187412200066,62.46658321599989,47.09121035899989,46.7751969789997,22.73987250999926,133.68548025699965
188,6.44432363283708,6.242603176408213,0.08222237557849003,-2.453352326658372,636800.0,0.01,5.0,0.003,-0.6444323632837256,-0.6444323632837238,-0.6444323632837272,-0.6444323632837314,-0.5444323632837228,0.3555676367163009,4.355567636716406,-1.288864726567451,-0.3222161816418628,0.0,0.0,0.0,0.0,0.9999999999999997,9.999999999999993,49.99999999999996,0.0,0.0,9.999999999999728,9.999999999999755,9.999999999999702,9.999999999999638,9.999999999999728,9.999999999999728,9.999999999999728,4.999999999999864,19.999999999999456,1.4601739342240565,1.1305396311623148,1.6878916008710543,2.122879541700594,1.4485105561210885,1.3497429962903247,0.8467260249691317,1.6429477426870964,1.363397771061038,6.583504342850002,6.564739311354829,6.595436003098461,6.621699266313746,6.58239261416654,6.5729782979804385,6.525031777654258,6.586491184159096,6.580147914620069,0.09531789792349853,0.10651168273857761,0.08952729558189512,0.08355426202589598,0.09531789792349853,0.09531789792349853,0.09531789792349853,0.08653199832728428,0.09962190394171307,-6.44432363283708,-6.44432363283708,-6.44432363283708,-6.44432363283708,-5.44432363283708,3.5556763671629126,43.555676367162874,-6.44432363283708,-6.44432363283708,0.13918071001292187,0.12041567851774904,0.15111237026138102,0.1773756334766654,0.13806898132946,0.12865466514335822,0.08070814481717736,0.1421675513220153,0.13582428178298844,114,116,99,53,97,127,97,54,269,49.37932478499988,51.05273174100057,45.14408967500003,24.548248877999868,38.843670268000096,55.205382000999634,40.11631963899981,21.953150491999622,129.11027522699987
189,7.28695887163588,7.133953091587012,0.08222237557849003,-1.8608776378980694,636800.0,0.01,5.0,0.003,-0.7286958871636078,-0.7286958871636059,-0.7286958871636098,-0.7286958871636144,-0.6286958871636051,0.27130411283641864,4.271304112836524,-1.4573917743272156,-0.3643479435818039,0.0,0.0,0.0,0.0,0.9999999999999997,9.999999999999993,49.99999999999996,0.0,0.0,9.999999999999728,9.999999999999755,9.999999999999702,9.999999999999638,9.999999999999728,9.999999999999728,9.999999999999728,4.999999999999864,19.999999999999456,2.539769185473255,2.3416898464332165,2.5218511605368885,1.9536988531943411,2.529188183704482,2.431405500511106,1.974830085497396,2.5131352155133495,2.338174425133869,7.529044331606067,7.5363761976313235,7.5127333858988115,7.450198737535373,7.528035772759543,7.518715332944231,7.475195524141575,7.504425483900921,7.519892259615537,0.09531789792349853,0.10651168273857761,0.08952729558189512,0.08355426202589598,0.09531789792349853,0.09531789792349853,0.09531789792349853,0.08653199832728428,0.09962190394171307,-7.28695887163588,-7.28695887163588,-7.28695887163588,-7.28695887163588,-6.28695887163588,2.7130411283641127,42.713041128364075,-7.28695887163588,-7.28695887163588,0.2420854599701867,0.2494173259954433,0.22577451426293127,0.16323986589949246,0.24107690112366242,0.23175646130835048,0.18823665250569466,0.21746661226504038,0.23293338797965646,99,128,104,57,90,100,84,66,293,41.43442121099997,57.97587842400026,47.01132635400063,26.570395960000496,36.389124182999694,41.51644862500052,32.826609997999185,27.758934542000134,142.01344201899974
190,-6.391288437230322,-6.449384440097287,0.08222237557849003,-0.7065716899836642,636800.0,0.01,5.0,0.003,0.6391288437230542,0.6391288437230526,0.6391288437230562,0.6391288437230587,0.7391288437230576,1.639128843723088,5.639128843723222,1.2782576874461085,0.3195644218615271,0.0,0.0,0.0,0.0,0.9999999999999997,9.999999999999993,49.99999999999996,0.0,0.0,9.999999999999655,9.99999999999968,9.999999999999623,9.999999999999584,9.999999999999655,9.999999999999655,9.999999999999655,4.999999999999828,19.99999999999931,-0.21744316819807472,-0.3322496654338061,0.006609358152477577,0.9555567055118366,-0.22934033207801827,-0.31335474338857794,-0.7687596432288317,0.2184696033362687,-0.25070731268455104,-6.41201466294074,-6.426676905715258,-6.390696719265634,-6.311447601162238,-6.413148675593025,-6.421156752674409,-6.464564990431143,-6.372383825897529,-6.4162643764822604,0.09531789792327755,0.10651167530516838,0.08952729615142727,0.08355426277430378,0.09531789792327755,0.09531789792327755,0.09531789792327755,0.08653199824643074,0.09962190166891735,6.391288437230322,6.391288437230322,6.391288437230322,6.391288437230322,7.391288437230322,16.391288437230315,56.39128843723028,6.391288437230322,6.391288437230322,-0.020726225710418156,-0.035388468484936375,0.0005917179646877102,0.07984083606808401,-0.02186023836270312,-0.0298683154440873,-0.07327655320082105,0.01890461133279242,-0.02497593925193886,97,121,111,58,105,116,110,49,230,39.38553873700039,54.317280746000506,51.24812796900005,28.538337693000358,44.31620185100019,49.340491248000035,45.219819156000085,18.78820289400028,109.67156607099969
191,8.9064826582104,8.887177514323126,0.08222237557849003,-0.2347918526003405,636800.0,0.01,5.0,0.003,-0.8906482658210707,-0.8906482658210685,-0.8906482658210736,-0.890648265821077,-0.7906482658210673,0.10935173417896302,4.109351734179097,-1.7812965316421414,-0.44532413291053535,0.0,0.0,0.0,0.0,0.9999999999999997,9.999999999999993,49.99999999999996,0.0,0.0,9.999999999999655,9.99999999999968,9.999999999999623,9.999999999999584,9.999999999999655,9.999999999999655,9.999999999999655,4.999999999999828,19.99999999999931,-1.408664249302378,-1.2212802638918894,-1.6117372357555335,-1.7064588739198125,-1.4202588584289646,-1.6280131642604725,-2.120395850063552,-1.6783540343276833,-1.02202242759033,8.772211743087226,8.776402051286137,8.762188181386632,8.763900745045362,8.771106569318038,8.751303865601669,8.704370983017101,8.761251329855067,8.804666840425568,0.09531789792327755,0.10651167530516838,0.08952729615142727,0.08355426277430378,0.09531789792327755,0.09531789792327755,0.09531789792327755,0.08653199824643074,0.09962190166891735,-8.9064826582104,-8.9064826582104,-8.9064826582104,-8.9064826582104,-7.9064826582104,1.0935173417895925,41.09351734178956,-8.9064826582104,-8.9064826582104,-0.13427091512317446,-0.13008060692426326,-0.1442944768237684,-0.14258191316503854,-0.13537608889236274,-0.1551787926087318,-0.20211167519329898,-0.14523132835533303,-0.10181581778483206,90,100,76,45,122,108,78,54,208,34.17032267600007,40.515178723000645,31.296944589000304,19.60171657799947,49.15249667199987,42.66883568999947,27.668638170000122,21.02557659300055,90.9842527159999
192,-13.488927812407248,-13.38160751361082,0.08222237557849003,1.3052444427852679,636800.0,0.01,5.0,0.003,1.3488927812407547,1.3488927812407507,1.3488927812407607,1.3488927812407725,1.4488927812407568,2.3488927812407767,6.3488927812408615,2.6977855624815095,0.6744463906203774,0.0,0.0,0.0,0.0,0.9999999999999997,9.999999999999996,49.99999999999996,0.0,0.0,9.999999999999778,9.999999999999808,9.999999999999734,9.999999999999647,9.999999999999778,9.999999999999778,9.999999999999778,4.999999999999889,19.999999999999556,-2.113209052559549,-1.9163359648729106,-2.208582516178145,-2.262790004880982,-2.124686536023624,-2.2268812363694144,-2.739652763253472,-2.346114803333558,-1.6727415208329195,-13.690354458784544,-13.693039976424114,-13.686656233185625,-13.677993563045572,-13.69144846839056,-13.701189452484515,-13.750065756933864,-13.691941814587949,-13.65556950895784,0.09531789868746086,0.10651168049773709,0.08952729605074367,0.08355426275991026,0.09531789868746086,0.09531789868746086,0.09531789868746086,0.08653199830299949,0.0996219048042848,13.488927812407248,13.488927812407248,13.488927812407248,13.488927812407248,14.488927812407248,23.488927812407244,63.488927812407205,13.488927812407248,13.488927812407248,-0.20142664637729624,-0.20411216401686616,-0.19772842077837716,-0.1890657506383242,-0.20252065598331193,-0.21226164007726744,-0.26113794452661665,-0.20301400218070143,-0.1666416965505917,113,125,86,83,125,110,113,53,226,45.75517338000009,54.27827352700024,36.69955758100059,39.883132382999975,51.85145396699954,44.96397638600047,46.47847564900076,20.828558911000073,107.60929966000003
193,-7.14330920825981,-6.81754245838277,0.08222237557849003,3.9620206493068326,636800.0,0.01,5.0,0.003,0.714330920826004,0.7143309208260019,0.7143309208260061,0.7143309208260105,0.8143309208260073,1.7143309208260356,5.7143309208261615,1.428661841652008,0.357165460413002,0.0,0.0,0.0,0.0,0.9999999999999997,9.999999999999993,49.99999999999996,0.0,0.0,9.999999999999677,9.999999999999707,9.999999999999648,9.999999999999588,9.999999999999677,9.999999999999677,9.999999999999677,4.999999999999838,19.999999999999353,0.005395116815349378,-0.11392868996989611,0.09288161164242618,-0.1517963595910155,-0.007152968741906266,-0.11772425353098345,-0.5993871583177123,0.2093914160806766,-0.30081144121375897,-7.142794957063232,-7.155443944640987,-7.134993768767499,-7.15599244122342,-7.143991014207764,-7.154530436699634,-7.200441532531546,-7.125190150594495,-7.173276615834344,0.09531789842159448,0.10651168186330792,0.08952729550304568,0.08355426307839384,0.09531789842159448,0.09531789842159448,0.09531789842159448,0.08653199832381683,0.0996219008612745,7.14330920825981,7.14330920825981,7.14330920825981,7.14330920825981,8.14330920825981,17.1433092082598,57.143309208259765,7.14330920825981,7.14330920825981,0.0005142511965781082,-0.012134736381177014,0.008315439492310617,-0.01268323296361018,-0.0006818059479538618,-0.011221228439824316,-0.05713232427173587,0.01811905766531474,-0.0299674075745342,121,117,132,77,104,106,102,58,269,51.384784289999516,48.34311713700026,59.73784726699978,35.11221743100032,39.513043491000644,41.16511996200006,41.30243051999969,23.940385894999963,127.90117312800066
194,-9.12815258540996,-9.33605370641985,0.08222237557849003,-2.528522431359648,636800.0,0.01,5.0,0.003,0.9128152585410209,0.9128152585410184,0.9128152585410233,0.9128152585410292,1.0128152585410235,1.9128152585410474,5.912815258541153,1.8256305170820417,0.45640762927051043,0.0,0.0,0.0,0.0,0.9999999999999997,9.999999999999993,49.99999999999996,0.0,0.0,9.999999999999728,9.999999999999755,9.999999999999702,9.999999999999638,9.999999999999728,9.999999999999728,9.999999999999728,4.999999999999864,19.999999999999456,-0.6345996225744986,-0.7460749679759229,-0.5460665034106476,-0.5950385233459689,-0.6461985196498059,-0.7487106293439171,-1.20652641653125,-1.0464508714977385,-0.39240826548268876,-9.188641287456807,-9.207618285698207,-9.177040442668178,-9.177870590105112,-9.189746869944257,-9.199518108752002,-9.24315614722289,-9.218704070471988,-9.167245043939811,0.09531789792349853,0.10651168273857761,0.08952729558189512,0.08355426202589598,0.09531789792349853,0.09531789792349853,0.09531789792349853,0.08653199832728428,0.09962190394171307,9.12815258540996,9.12815258540996,9.12815258540996,9.12815258540996,10.12815258540996,19.128152585409953,59.12815258540992,9.12815258540996,9.12815258540996,-0.060488702046846754,-0.07946570028824596,-0.04888785725821698,-0.04971800469515131,-0.06159428453429605,-0.07136552334204183,-0.11500356181293014,-0.09055148506202748,-0.03909245852985066,101,128,80,81,95,108,89,65,177,38.43710931199985,52.20620868599963,33.0532313700005,37.54961244200058,35.9859293340005,41.89292833299987,32.579127885999696,25.947557792000225,75.55297542300013
195,-3.0399938637757415,-3.0358961833729,0.08222237557849003,0.04983656059571942,636800.0,0.01,5.0,0.003,0.3039993863775846,0.3039993863775839,0.3039993863775856,0.3039993863775868,0.4039993863775881,1.3039993863776185,5.303999386377753,0.6079987727551692,0.1519996931887923,0.0,0.0,0.0,0.0,0.9999999999999997,9.999999999999993,49.99999999999996,0.0,0.0,9.999999999999655,9.99999999999968,9.999999999999623,9.999999999999584,9.999999999999655,9.999999999999655,9.999999999999655,4.999999999999828,19.99999999999931,-0.40088309152334856,-0.2760070547123676,-0.33944061812843274,-0.07276736785570628,-0.41285787901038157,-0.5220827659619163,-1.012182437311134,-0.03502901691967136,-0.6514850244480301,-3.078205197372732,-3.069391837569201,-3.0703830645207493,-3.0460738875509517,-3.079346608944074,-3.089757695569202,-3.1364729660150985,-3.0430249946064087,-3.1048960408200754,0.09531789792327755,0.10651167530516838,0.08952729615142727,0.08355426277430378,0.09531789792327755,0.09531789792327755,0.09531789792327755,0.08653199824643074,0.09962190166891735,3.0399938637757415,3.0399938637757415,3.0399938637757415,3.0399938637757415,4.0399938637757415,13.039993863775734,53.0399938637757,3.0399938637757415,3.0399938637757415,-0.03821133359699047,-0.029397973793459542,-0.030389200745007727,-0.006080023775210108,-0.039352745168332426,-0.049763831793460334,-0.09647910223935696,-0.0030311308306671947,-0.06490217704433388,111,130,86,70,99,100,83,63,185,47.493372317999274,57.58987303600043,38.78354431099979,33.37606454500019,39.73722854599964,40.151771001999805,31.828437007000502,27.237646536000284,84.25143802599996
196,8.698333472826533,8.737085138146748,0.08222237557849003,0.4713031586301208,636800.0,0.01,5.0,0.003,-0.86983334728268,-0.8698333472826771,-0.8698333472826827,-0.869833347282689,-0.7698333472826769,0.13016665271734995,4.130166652717469,-1.73966669456536,-0.43491667364134,0.0,0.0,0.0,0.0,0.9999999999999996,9.999999999999993,49.99999999999996,0.0,0.0,9.999999999999693,9.999999999999726,9.999999999999662,9.99999999999959,9.999999999999693,9.999999999999693,9.999999999999693,4.999999999999846,19.999999999999385,-0.02273733113967883,0.08148848591040292,-0.12828933352846356,-0.5184423098295121,-0.033600447677141806,-0.13572310291903683,-0.6269617582642065,-0.2573263495290966,0.24246414529584184,8.696166198213483,8.707012948735215,8.686848075655803,8.655015408128458,8.69513074877812,8.685396631930217,8.63857279582833,8.676066509630449,8.722488211765588,0.09531789811815024,0.10651168458603168,0.08952729626724758,0.08355426221351518,0.09531789811815024,0.09531789811815024,0.09531789811815024,0.08653199812935208,0.09962190042401006,-8.698333472826533,-8.698333472826533,-8.698333472826533,-8.698333472826533,-7.698333472826533,1.3016665271734595,41.301666527173424,-8.698333472826533,-8.698333472826533,-0.0021672746130505516,0.008679475908682122,-0.011485397170730494,-0.04331806469807553,-0.0032027240484140407,-0.012936840896315971,-0.059760676998203976,-0.022266963196084788,0.024154738939055065,128,112,127,55,142,121,128,57,176,52.18136345499988,44.676301989999956,56.94726009100032,24.634097711000322,59.5046610899999,48.912999081000635,52.5075835990001,22.720223769999393,76.60520313599955
197,-8.2769261803919,-8.16533711405054,0.08222237557849003,1.357161789065992,636800.0,0.01,5.0,0.003,0.8276926180392125,0.8276926180392103,0.8276926180392147,0.82769261803922,0.9276926180392152,1.827692618039239,5.827692618039344,1.655385236078425,0.41384630901960623,0.0,0.0,0.0,0.0,0.9999999999999997,9.999999999999993,49.99999999999996,0.0,0.0,9.999999999999728,9.999999999999755,9.999999999999702,9.999999999999638,9.999999999999728,9.999999999999728,9.999999999999728,4.999999999999864,19.999999999999456,0.2803101981618938,-0.10405916142233615,0.7707134647248193,2.0053117708091377,0.26865064833738084,0.1691774047856166,-0.3119021216233602,0.9551486701235452,-0.1214023775997225,-8.250207601536589,-8.288009696779358,-8.207926288226535,-8.1093738352501,-8.251318965316596,-8.260800545791582,-8.306656034982918,-8.194275257266462,-8.289020516391435,0.09531789792349853,0.10651168273857761,0.08952729558189512,0.08355426202589598,0.09531789792349853,0.09531789792349853,0.09531789792349853,0.08653199832728428,0.09962190394171307,8.2769261803919,8.2769261803919,8.2769261803919,8.2769261803919,9.2769261803919,18.276926180391893,58.276926180391854,8.2769261803919,8.2769261803919,0.026718578855311037,-0.011083516387458303,0.0689998921653654,0.16755234514180017,0.02560721507530417,0.016125634600317795,-0.029729854591018068,0.08265092312543842,-0.012094335999535133,120,122,93,51,120,111,79,52,203,51.037737585000286,54.596528858000056,41.496913015000246,23.032883945999856,51.903919009000674,46.191262522000216,29.968299929999375,20.052599895999265,95.27624548699987
198,-6.889296156139817,-6.907464187140138,0.08222237557849003,-0.22096212706694898,636800.0,0.01,5.0,0.003,0.6889296156140005,0.6889296156139987,0.6889296156140023,0.6889296156140067,0.7889296156140032,1.688929615614027,5.688929615614132,1.377859231228001,0.34446480780700023,0.0,0.0,0.0,0.0,0.9999999999999997,9.999999999999993,49.99999999999996,0.0,0.0,9.999999999999728,9.999999999999755,9.999999999999702,9.999999999999638,9.999999999999728,9.999999999999728,9.999999999999728,4.999999999999864,19.999999999999456,-0.09456435627738627,-0.09076574259480938,-0.1187137291447633,-0.19616290447623377,-0.10621750752886135,-0.19629115823580562,-0.6471791932986489,-0.33865835108297837,0.3393378467566314,-6.898309831798667,-6.898963768118607,-6.89992427525859,-6.905686402860185,-6.899420585680142,-6.908006216723823,-6.95098391642487,-6.9186009400092505,-6.8554906737664405,0.09531789792349853,0.10651168273857761,0.08952729558189512,0.08355426202589598,0.09531789792349853,0.09531789792349853,0.09531789792349853,0.08653199832728428,0.09962190394171307,6.889296156139817,6.889296156139817,6.889296156139817,6.889296156139817,7.889296156139817,16.88929615613981,56.88929615613978,6.889296156139817,6.889296156139817,-0.009013675658849252,-0.009667611978789736,-0.010628119118772261,-0.01639024672036804,-0.010124429540324442,-0.018710060584005817,-0.06168776028505274,-0.029304783869433138,0.03380548237337688,113,109,85,54,103,93,73,52,265,44.27897239399954,46.782878866999454,36.26791939400027,24.469504933999815,41.33811594599956,36.99236224499964,25.010732194999946,19.23921714000062,118.97346795199974
199,2.57945557857869,2.641002411782583,0.08222237557849003,0.7485411698563714,636800.0,0.01,5.0,0.003,-0.2579455578578779,-0.25794555785787726,-0.2579455578578787,-0.25794555785787976,-0.1579455578578745,0.7420544421421559,4.74205444214229,-0.5158911157157559,-0.12897277892893896,0.0,0.0,0.0,0.0,0.9999999999999997,9.999999999999993,49.99999999999996,0.0,0.0,9.999999999999655,9.99999999999968,9.999999999999623,9.999999999999584,9.999999999999655,9.999999999999655,9.999999999999655,4.999999999999828,19.99999999999931,0.9464353310529321,0.8391354613390481,1.0094093507307216,1.1173831788140909,0.9333431258348839,0.8361801849226941,0.36285219540065183,0.846195327019086,1.069535982053577,2.669667804854977,2.6688333023738875,2.6698252684595793,2.6728177063209095,2.6684198833744124,2.659158516090619,2.6140418871011266,2.6526785511324436,2.6860047870142005,0.09531789792327755,0.10651167530516838,0.08952729615142727,0.08355426277430378,0.09531789792327755,0.09531789792327755,0.09531789792327755,0.08653199824643074,0.09962190166891735,-2.57945557857869,-2.57945557857869,-2.57945557857869,-2.57945557857869,-1.5794555785786906,7.420544421421303,47.42054442142127,-2.57945557857869,-2.57945557857869,0.09021222627628678,0.08937772379519737,0.09036968988088923,0.09336212774221941,0.08896430479572226,0.0797029375119287,0.03458630852243649,0.07322297255375343,0.10654920843551041,106,98,82,56,100,94,106,56,197,41.32531409600051,38.60675542199988,33.391914032000386,25.46583723599997,38.864585571000134,35.75619327699951,41.77782996299993,21.528849923000053,85.63098122300016
200,-2.012255047506629,-2.102615016512245,0.08222237557849003,-1.098970546276151,636800.0,0.01,5.0,0.003,0.20122550475066836,0.20122550475066783,0.20122550475066892,0.2012255047506702,0.30122550475067106,1.2012255047506948,5.2012255047508,0.4024510095013367,0.10061275237533418,0.0,0.0,0.0,0.0,0.9999999999999997,9.999999999999993,49.99999999999996,0.0,0.0,9.999999999999728,9.999999999999755,9.999999999999702,9.999999999999638,9.999999999999728,9.999999999999728,9.999999999999728,4.999999999999864,19.999999999999456,0.5883356326611504,0.5010688501083398,0.67535268682501,0.687379097068926,0.5822712264901785,0.4888040430352488,0.03176772601161031,0.554989034413198,0.47345175079424673,-1.9561761317278765,-1.9588853611137056,-1.9517925478912193,-1.9548215943190081,-1.9567541781762479,-1.9656632736280018,-2.0092270146413926,-1.964230737309125,-1.9650888826679687,0.09531789792349853,0.10651168273857761,0.08952729558189512,0.08355426202589598,0.09531789792349853,0.09531789792349853,0.09531789792349853,0.08653199832728428,0.09962190394171307,2.012255047506629,2.012255047506629,2.012255047506629,2.012255047506629,3.0122550475066285,12.012255047506622,52.012255047506585,2.012255047506629,2.012255047506629,0.05607891577875246,0.05336968639292339,0.060462499615409726,0.05743345318762083,0.05550086933038112,0.04659177387862723,0.003028032865236341,0.04802431019750397,0.04716616483866032,133,118,115,70,130,98,86,57,279,57.915440185999614,47.938334455000586,53.590285485000095,33.81225699300012,56.25018537699998,39.17932460800057,33.342363715999454,23.105734643999313,133.39524075400004
201,-7.621496451988257,-7.280004659870355,0.08222237557849003,4.153270806338014,636800.0,0.01,5.0,0.003,0.7621496451988464,0.7621496451988444,0.7621496451988484,0.7621496451988533,0.8621496451988492,1.762149645198873,5.762149645198978,1.5242992903976929,0.3810748225994232,0.0,0.0,0.0,0.0,0.9999999999999997,9.999999999999993,49.99999999999996,0.0,0.0,9.999999999999728,9.999999999999755,9.999999999999702,9.999999999999638,9.999999999999728,9.999999999999728,9.999999999999728,4.999999999999864,19.999999999999456,2.7466588862183183,2.4430785026624537,3.020914722950685,3.313509322765229,2.7326496041515997,2.599212429270521,2.164277182331839,3.6787905926831166,2.07629828764677,-7.359690700641029,-7.361280049607235,-7.351042126658952,-7.344638625808682,-7.361026035959046,-7.373744986973561,-7.415202100444594,-7.3031633505757725,-7.414651663421967,0.09531789792349853,0.10651168273857761,0.08952729558189512,0.08355426202589598,0.09531789792349853,0.09531789792349853,0.09531789792349853,0.08653199832728428,0.09962190394171307,7.621496451988257,7.621496451988257,7.621496451988257,7.621496451988257,8.621496451988257,17.62149645198825,57.621496451988214,7.621496451988257,7.621496451988257,0.26180575134722783,0.2602164023810225,0.2704543253293048,0.2768578261795751,0.26047041602921084,0.24775146501469614,0.20629435154366327,0.3183331014124846,0.20684478856628985,104,124,97,59,104,110,88,57,212,39.510874339999646,49.587409244999435,40.8967876429997,26.174616677000813,39.577778160999515,43.24606129899985,31.300210879000588,21.656415825000295,92.38423131899981
202,-14.808115879949856,-14.555996875034463,0.08222237557849003,3.066306502841413,636800.0,0.01,5.0,0.003,1.4808115879950365,1.480811587995033,1.4808115879950414,1.4808115879950472,1.5808115879950402,2.4808115879950705,6.480811587995205,2.961623175990073,0.7404057939975183,0.0,0.0,0.0,0.0,0.9999999999999997,9.999999999999993,49.99999999999996,0.0,0.0,9.999999999999655,9.99999999999968,9.999999999999623,9.999999999999584,9.999999999999655,9.999999999999655,9.999999999999655,4.999999999999828,19.99999999999931,-0.037291816943919885,0.014656446246277204,-0.23881211789730653,-0.9908364220409671,-0.0481723407427633,-0.14862250860277718,-0.7779863148923093,-0.3407325013319055,-0.010700438659050307,-14.81167045755069,-14.806554797306145,-14.829496083153398,-14.890904486723418,-14.8127075662075,-14.822282265053957,-14.882271900098468,-14.83760014415761,-14.809181877997762,0.09531789792327755,0.10651167530516838,0.08952729615142727,0.08355426277430378,0.09531789792327755,0.09531789792327755,0.09531789792327755,0.08653199824643074,0.09962190166891735,14.808115879949856,14.808115879949856,14.808115879949856,14.808115879949856,15.808115879949856,24.80811587994985,64.80811587994981,14.808115879949856,14.808115879949856,-0.003554577600834108,0.0015610826437111314,-0.021380203203541726,-0.08278860677356192,-0.0045916862576440565,-0.014166385104100954,-0.074156020148612,-0.029484264207754407,-0.0010659980479061915,114,111,67,47,103,101,94,51,178,44.92734584000027,45.15098459900037,26.028545287999805,20.345305609000206,39.13851202400019,38.52747803799957,34.95062703699932,19.157306963000337,75.76381808699989
203,-4.01273769712091,-4.262498192399504,0.08222237557849003,-3.037621979678406,636800.0,0.01,5.0,0.003,0.4012737697121019,0.4012737697121008,0.401273769712103,0.40127376971210554,0.5012737697121046,1.4012737697121285,5.401273769712233,0.8025475394242038,0.20063688485605094,0.0,0.0,0.0,0.0,0.9999999999999997,9.999999999999993,49.99999999999996,0.0,0.0,9.999999999999728,9.999999999999755,9.999999999999702,9.999999999999638,9.999999999999728,9.999999999999728,9.999999999999728,4.999999999999864,19.999999999999456,-0.9420948667286759,-0.8753882001031628,-1.0114371138065854,-1.389981357071944,-0.9533293721142796,-1.151267298537865,-1.6851748048244877,-1.4003950653449415,-0.7184029742775976,-4.102536199462006,-4.1059767673633925,-4.103288926571171,-4.12887656364081,-4.103607048899572,-4.122474075965604,-4.173365017150422,-4.1339166805728755,-4.084306369215834,0.09531789792349853,0.10651168273857761,0.08952729558189512,0.08355426202589598,0.09531789792349853,0.09531789792349853,0.09531789792349853,0.08653199832728428,0.09962190394171307,4.01273769712091,4.01273769712091,4.01273769712091,4.01273769712091,5.01273769712091,14.012737697120903,54.01273769712087,4.01273769712091,4.01273769712091,-0.08979850234109588,-0.09323907024248257,-0.09055122945026106,-0.11613886651989969,-0.09086935177866184,-0.10973637884469412,-0.16062732002951208,-0.12117898345196565,-0.07156867209492379,136,119,85,64,105,100,89,59,189,56.3661846949999,47.90504758899988,34.438973225000154,29.56867063700065,41.112946876000024,38.36131741199915,32.76480063800045,23.08747878899976,83.05059768899991
204,2.941365793893519,2.836223090838746,0.08222237557849003,-1.2787602196485242,636800.0,0.01,5.0,0.003,-0.29413657938936144,-0.29413657938936055,-0.2941365793893623,-0.29413657938936405,-0.19413657938935824,0.7058634206106702,4.705863420610796,-0.5882731587787229,-0.14706828969468072,0.0,0.0,0.0,0.0,0.9999999999999997,9.999999999999993,49.99999999999996,0.0,0.0,9.999999999999677,9.999999999999707,9.999999999999648,9.999999999999588,9.999999999999677,9.999999999999677,9.999999999999677,4.999999999999838,19.999999999999353,-0.09690380525967282,-0.10148939991272794,0.03925957278881393,0.24683935510101493,-0.0747187442330821,-0.18816328601403876,-0.6404710632960248,0.057792012086984874,-0.1177326578530369,2.9321291268271117,2.9305559872175166,2.9448805972679066,2.9619902743077304,2.934243760220521,2.9234304649105596,2.880317438140298,2.94636665218656,2.9296370427247496,0.09531789842159448,0.10651168186330792,0.08952729550304568,0.08355426307839384,0.09531789842159448,0.09531789842159448,0.09531789842159448,0.08653199832381683,0.0996219008612745,-2.941365793893519,-2.941365793893519,-2.941365793893519,-2.941365793893519,-1.9413657938935196,7.058634206106474,47.05863420610644,-2.941365793893519,-2.941365793893519,-0.009236667066407467,-0.010809806676002509,0.0035148033743874763,0.020624480414211277,-0.007122033672998018,-0.017935328982959575,-0.061048355753221095,0.005000858293040977,-0.011728751168769591,109,105,108,58,132,116,94,57,251,42.65196173200002,42.440268614999695,46.93025024899998,26.948355638000066,54.55697508100002,46.84380581699952,35.66457930300021,22.605462818999513,113.29456751099951
205,17.21993336933946,17.321469855091426,0.08222237557849003,1.2349009018236996,636800.0,0.01,5.0,0.003,-1.721993336933993,-1.7219933369339884,-1.7219933369339975,-1.7219933369340086,-1.6219933369339903,-0.7219933369339665,3.278006663066139,-3.443986673867986,-0.8609966684669965,0.0,0.0,0.0,0.0,0.9999999999999997,9.999999999999993,49.99999999999996,0.0,0.0,9.999999999999728,9.999999999999755,9.999999999999702,9.999999999999638,9.999999999999728,9.999999999999728,9.999999999999728,4.999999999999864,19.999999999999456,0.30154584109491606,0.6619616758294148,-0.08336102796265613,-0.7254760610620213,0.29067301774344495,0.18887359327313552,-0.21131763829041247,0.08988795550182341,0.4967669319789424,17.248676085040202,17.2904400213405,17.212470281949038,17.15931675243997,17.247639710373846,17.237936403223515,17.19979101626346,17.227711553754588,17.269422236918487,0.09531789792349853,0.10651168273857761,0.08952729558189512,0.08355426202589598,0.09531789792349853,0.09531789792349853,0.09531789792349853,0.08653199832728428,0.09962190394171307,-17.21993336933946,-17.21993336933946,-17.21993336933946,-17.21993336933946,-16.21993336933946,-7.2199333693394685,32.7800666306605,-17.21993336933946,-17.21993336933946,0.028742715700740717,0.07050665200103978,-0.00746308739042334,-0.06061661689949105,0.027706341034384963,0.01800303388405311,-0.02014235307600032,0.007778184415126788,0.04948886757902571,98,103,93,51,105,117,88,44,267,37.55079074199966,43.21284472499974,40.517946021999705,23.999350197999775,42.72823303400037,49.817862655999306,33.85069445600038,15.2165358809998,121.76607729599982
206,-9.811211196735995,-9.880466478268325,0.08222237557849003,-0.8422923935859576,636800.0,0.01,5.0,0.003,0.9811211196736261,0.9811211196736235,0.9811211196736288,0.981121119673635,1.0811211196736288,1.9811211196736527,5.981121119673758,1.9622422393472523,0.49056055983681307,0.0,0.0,0.0,0.0,0.9999999999999997,9.999999999999993,49.99999999999996,0.0,0.0,9.999999999999728,9.999999999999755,9.999999999999702,9.999999999999638,9.999999999999728,9.999999999999728,9.999999999999728,4.999999999999864,19.999999999999456,-0.939410611640654,-0.9153166212823216,-1.0179047988811794,-1.4756395799481028,-0.9525833754077108,-0.9204289727422731,-1.4340512039992022,-1.2709159933957102,-0.7134955112180911,-9.90075384152461,-9.908703110307364,-9.90234146053966,-9.934507172854762,-9.902009441676729,-9.898944551605673,-9.94790194301586,-9.921186097350631,-9.882290978017407,0.09531789792349853,0.10651168273857761,0.08952729558189512,0.08355426202589598,0.09531789792349853,0.09531789792349853,0.09531789792349853,0.08653199832728428,0.09962190394171307,9.811211196735995,9.811211196735995,9.811211196735995,9.811211196735995,10.811211196735995,19.81121119673599,59.811211196735954,9.811211196735995,9.811211196735995,-0.08954264478861518,-0.09749191357136944,-0.09113026380366485,-0.12329597611876686,-0.09079824494073385,-0.08773335486967859,-0.1366907462798661,-0.10997490061463644,-0.07107978128141212,106,106,85,54,102,108,88,48,203,41.388835327999914,42.92739588299992,35.76915656300025,24.279337824999857,39.81791773100031,42.685007795000274,32.15442546199938,17.288447752999673,89.76150316500025
207,10.856072528720556,10.734665977417412,0.08222237557849003,-1.4765634104946095,636800.0,0.01,5.0,0.003,-1.085607252872085,-1.0856072528720822,-1.0856072528720881,-1.085607252872095,-0.9856072528720824,-0.08560725287205867,3.914392747128046,-2.17121450574417,-0.5428036264360425,0.0,0.0,0.0,0.0,0.9999999999999997,9.999999999999993,49.99999999999996,0.0,0.0,9.999999999999728,9.999999999999755,9.999999999999702,9.999999999999638,9.999999999999728,9.999999999999728,9.999999999999728,4.999999999999864,19.999999999999456,-1.4133122327110141,-1.2971016795060937,-1.4221573240357661,-1.1390889246080895,-1.4250995582258332,-1.5561132049185267,-1.946964229279121,-1.1614471701227644,-1.781547263770625,10.721358577588976,10.717916046153327,10.72875062960765,10.760896794243056,10.720235034498764,10.707747089096724,10.670491991053426,10.755570184138264,10.678591398341577,0.09531789792349853,0.10651168273857761,0.08952729558189512,0.08355426202589598,0.09531789792349853,0.09531789792349853,0.09531789792349853,0.08653199832728428,0.09962190394171307,-10.856072528720556,-10.856072528720556,-10.856072528720556,-10.856072528720556,-9.856072528720556,-0.8560725287205635,39.1439274712794,-10.856072528720556,-10.856072528720556,-0.13471395113158025,-0.13815648256722923,-0.12732189911290703,-0.09517573447750038,-0.1358374942217928,-0.14832543962383227,-0.18558053766713023,-0.10050234458229212,-0.17748113037897895,99,103,82,45,93,133,104,61,209,37.78993668000021,40.45569219400022,33.03790670100079,18.93346288199973,34.74217116299951,54.16420667999955,40.351854539999295,23.475748363000093,91.78306770200015
208,3.5686306581034977,3.4490973648581544,0.08222237557849003,-1.4537805847173066,636800.0,0.01,5.0,0.003,-0.3568630658103595,-0.35686306581035854,-0.3568630658103604,-0.3568630658103627,-0.2568630658103568,0.643136934189667,4.643136934189772,-0.713726131620719,-0.17843153290517974,0.0,0.0,0.0,0.0,0.9999999999999997,9.999999999999993,49.99999999999996,0.0,0.0,9.999999999999728,9.999999999999755,9.999999999999702,9.999999999999638,9.999999999999728,9.999999999999728,9.999999999999728,4.999999999999864,19.999999999999456,-0.06278061671104954,0.1138391060559678,-0.397988304582629,-1.1290665257443282,-0.07759177563006703,-0.1782295607451179,-0.671943066380927,-0.39328381457541506,0.2279691647468924,3.5626465416882596,3.580755852850974,3.5329998415209913,3.474292337766788,3.561234773154288,3.5516421910254445,3.504582457491798,3.53459902371851,3.591341380335585,0.09531789792349853,0.10651168273857761,0.08952729558189512,0.08355426202589598,0.09531789792349853,0.09531789792349853,0.09531789792349853,0.08653199832728428,0.09962190394171307,-3.5686306581034977,-3.5686306581034977,-3.5686306581034977,-3.5686306581034977,-2.568630658103498,6.431369341896495,46.431369341896456,-3.5686306581034977,-3.5686306581034977,-0.0059841164152381054,0.012125194747476531,-0.03563081658250633,-0.09433832033670964,-0.00739588494920973,-0.016988467078053127,-0.0640482006116998,-0.0340316343849878,0.022710722232087477,110,108,116,57,112,114,97,49,250,45.07380061399999,45.55426704100046,52.88191556599941,27.59627905399975,46.926687379000214,47.97165860699988,38.54619751300015,18.442439228000694,120.2065903269995
209,6.565703533932758,6.424698231616225,0.08222237557849003,-1.714926153914489,636800.0,0.01,5.0,0.003,-0.6565703533932984,-0.6565703533932967,-0.6565703533933005,-0.656570353393303,-0.556570353393295,0.34342964660673536,4.34342964660687,-1.3131407067865968,-0.3282851766966492,0.0,0.0,0.0,0.0,0.9999999999999997,9.999999999999993,49.99999999999996,0.0,0.0,9.999999999999655,9.99999999999968,9.999999999999623,9.999999999999584,9.999999999999655,9.999999999999655,9.999999999999655,4.999999999999828,19.99999999999931,-1.6247102845420376,-1.3934514877707094,-1.826025594995489,-2.277195599906433,-1.6379713477166242,-1.7556488585803764,-2.12733237939933,-2.28753250102093,-1.3435001778477325,6.4108395648758805,6.41728468151382,6.40222439970951,6.375434134389687,6.409575548209851,6.398358775241475,6.362930683344289,6.367758775565761,6.431861491323038,0.09531789792327755,0.10651167530516838,0.08952729615142727,0.08355426277430378,0.09531789792327755,0.09531789792327755,0.09531789792327755,0.08653199824643074,0.09962190166891735,-6.565703533932758,-6.565703533932758,-6.565703533932758,-6.565703533932758,-5.565703533932758,3.4342964660672353,43.4342964660672,-6.565703533932758,-6.565703533932758,-0.15486396905687716,-0.1484188524189376,-0.16347913422324734,-0.19026939954307043,-0.15612798572290654,-0.16734475869128307,-0.2027728505884685,-0.19794475836699643,-0.13384204260971977,106,116,117,44,98,139,89,51,195,44.48068967299969,51.09699563599952,54.23719857600008,20.171647260999634,40.33766164000008,62.536733336,35.376532480000606,21.007399100999464,91.45458199600034
210,7.297296727807962,7.380004996095632,0.08222237557849003,1.0059094949004077,636800.0,0.01,5.0,0.003,-0.729729672780816,-0.729729672780814,-0.7297296727808179,-0.7297296727808226,-0.6297296727808133,0.27027032721921046,4.270270327219316,-1.459459345561632,-0.364864836390408,0.0,0.0,0.0,0.0,0.9999999999999997,9.999999999999993,49.99999999999996,0.0,0.0,9.999999999999728,9.999999999999755,9.999999999999702,9.999999999999638,9.999999999999728,9.999999999999728,9.999999999999728,4.999999999999864,19.999999999999456,-0.2357466855918537,-0.19055073615727391,-0.271347014582358,0.44898953213663456,-0.27908755832349297,-0.4345119423820705,-0.8617091168967882,0.24131959180692286,-0.33518102699555685,7.274825849294914,7.277000848252776,7.273003763428182,7.3348117168229905,7.2706946884119645,7.255879962837446,7.215160426163846,7.318178594322539,7.263905355733526,0.09531789792349853,0.10651168273857761,0.08952729558189512,0.08355426202589598,0.09531789792349853,0.09531789792349853,0.09531789792349853,0.08653199832728428,0.09962190394171307,-7.297296727807962,-7.297296727807962,-7.297296727807962,-7.297296727807962,-6.297296727807962,2.702703272192031,42.702703272192,-7.297296727807962,-7.297296727807962,-0.02247087851304741,-0.02029587955518597,-0.02429296437977957,0.03751498901502881,-0.026602039395997146,-0.041416764970515274,-0.08213630164411612,0.020881866514577574,-0.0333913720744361,107,113,103,52,115,137,102,49,224,43.90448905100038,45.26653766900017,43.73243235700011,24.00050143000044,48.40373404999991,59.54772141800004,41.10153607900065,19.044486396999673,105.18111665200013
211,13.40679611117302,13.144455046021802,0.08222237557849003,-3.190628625182259,636800.0,0.01,5.0,0.003,-1.3406796111173431,-1.3406796111173387,-1.3406796111173471,-1.340679611117357,-1.2406796111173402,-0.3406796111173131,3.659320388882806,-2.6813592222346863,-0.6703398055586716,0.0,0.0,0.0,0.0,0.9999999999999996,9.999999999999993,49.99999999999996,0.0,0.0,9.999999999999693,9.999999999999726,9.999999999999662,9.99999999999959,9.999999999999693,9.999999999999693,9.999999999999693,4.999999999999846,19.999999999999385,-0.8731464461775597,-0.6038806025117286,-1.0729866693176433,-1.5545699285497425,-0.884492757004223,-0.9902885285504415,-1.400988609025031,-1.2973638830079068,-0.26237148424363727,13.323569627174042,13.342475770910667,13.310734515738211,13.276905167733728,13.322488120674649,13.312403890101075,13.273256821673282,13.29453262207549,13.3806581652956,0.09531789811815024,0.10651168458603168,0.08952729626724758,0.08355426221351518,0.09531789811815024,0.09531789811815024,0.09531789811815024,0.08653199812935208,0.09962190042401006,-13.40679611117302,-13.40679611117302,-13.40679611117302,-13.40679611117302,-12.40679611117302,-3.4067961111730263,36.593203888826935,-13.40679611117302,-13.40679611117302,-0.08322648399897759,-0.064320340262352,-0.09606159543480786,-0.12989094343929075,-0.08430799049837034,-0.0943922210719439,-0.13353928949973692,-0.11226348909752915,-0.026137945877419355,111,103,74,55,96,104,90,54,212,43.651721423999334,41.13960694599973,29.635457026999575,24.635349154999858,36.52938068500043,41.212632245999885,33.98925911999959,20.98880752199966,96.24772632599979
212,7.9578890244635,7.810168522140565,0.08222237557849003,-1.796597353015187,636800.0,0.01,5.0,0.003,-0.7957889024463717,-0.7957889024463696,-0.7957889024463738,-0.7957889024463789,-0.6957889024463689,0.2042110975536548,4.2042110975537605,-1.5915778048927434,-0.39789445122318584,0.0,0.0,0.0,0.0,0.9999999999999997,9.999999999999993,49.99999999999996,0.0,0.0,9.999999999999728,9.999999999999755,9.999999999999702,9.999999999999638,9.999999999999728,9.999999999999728,9.999999999999728,4.999999999999864,19.999999999999456,-0.9914717246175114,-0.45358506434899165,-1.6569297362575093,-3.3832914426639755,-0.9992719534513521,-1.1252154883783778,-1.6310724531828633,-2.123088556037089,-0.08307280484075183,7.863384023822373,7.909576915994603,7.809548586207143,7.675200604753183,7.862640522406609,7.850635849400311,7.802418626865186,7.7741739290838225,7.949613153479486,0.09531789792349853,0.10651168273857761,0.08952729558189512,0.08355426202589598,0.09531789792349853,0.09531789792349853,0.09531789792349853,0.08653199832728428,0.09962190394171307,-7.9578890244635,-7.9578890244635,-7.9578890244635,-7.9578890244635,-6.9578890244635,2.0421109755364926,42.04211097553646,-7.9578890244635,-7.9578890244635,-0.09450500064112699,-0.04831210846889711,-0.14834043825635757,-0.28268841971031744,-0.09524850205689095,-0.10725317506318977,-0.1554703975983145,-0.18371509537967778,-0.008275870984014055,101,107,90,55,124,143,107,55,348,37.92616206799994,45.38382924899997,39.43670536300033,25.606712695999704,53.15469628600022,63.601752520000446,44.940129621999404,22.092244767999546,161.48529958200015
213,10.439923041037261,10.311671550176706,0.08222237557849003,-1.5598125201104753,636800.0,0.01,5.0,0.003,-1.0439923041037544,-1.0439923041037518,-1.0439923041037573,-1.043992304103764,-0.9439923041037518,-0.04399230410372801,3.956007695896377,-2.087984608207509,-0.5219961520518772,0.0,0.0,0.0,0.0,0.9999999999999997,9.999999999999993,49.99999999999996,0.0,0.0,9.999999999999728,9.999999999999755,9.999999999999702,9.999999999999638,9.999999999999728,9.999999999999728,9.999999999999728,4.999999999999864,19.999999999999456,0.5870372297057738,0.5150275141815689,0.6274968786702262,0.5558757834678768,0.5776490163815671,0.49317540065139803,0.02899554059975468,0.47198887341390433,0.529495926047299,10.49587819577565,10.494779488229407,10.496101139570687,10.486368831902986,10.494983331016329,10.486931483534931,10.442686835016385,10.48076518144201,10.492672433319473,0.09531789792349853,0.10651168273857761,0.08952729558189512,0.08355426202589598,0.09531789792349853,0.09531789792349853,0.09531789792349853,0.08653199832728428,0.09962190394171307,-10.439923041037261,-10.439923041037261,-10.439923041037261,-10.439923041037261,-9.439923041037261,-0.4399230410372681,39.560076958962696,-10.439923041037261,-10.439923041037261,0.0559551547383883,0.05485644719214555,0.056178098533425924,0.0464457908657252,0.055060289979067534,0.047008442497670444,0.002763793979124074,0.04084214040474876,0.052749392282212426,116,123,97,73,137,126,96,55,372,48.55720548800036,50.827717164000205,40.77027528600047,34.46605103299953,58.055856721000055,51.57131572700018,36.694746385000144,21.95867837300011,176.4692213569997
214,1.2984737293205355,1.3941563376135195,0.08222237557849003,1.1637052276803261,636800.0,0.01,5.0,0.003,-0.12984737293205803,-0.1298473729320577,-0.12984737293205845,-0.12984737293205895,-0.02984737293205461,0.8701526270679757,4.87015262706811,-0.25969474586411606,-0.06492368646602902,0.0,0.0,0.0,0.0,0.9999999999999997,9.999999999999993,49.99999999999996,0.0,0.0,9.999999999999655,9.99999999999968,9.999999999999623,9.999999999999584,9.999999999999655,9.999999999999655,9.999999999999655,4.999999999999828,19.99999999999931,-0.8365790311692687,-0.8048824646649579,-0.5277268738050523,-0.09436139272744565,-0.8491028889844656,-0.9626222066883138,-1.1730318690957013,-0.22509298784871926,-0.9918925303062207,1.2187327746227887,1.2127443495853178,1.2512277692023237,1.2905894327168372,1.2175390268219541,1.2067186040847386,1.18666279736132,1.2789959832907263,1.1996595092002356,0.09531789792327755,0.10651167530516838,0.08952729615142727,0.08355426277430378,0.09531789792327755,0.09531789792327755,0.09531789792327755,0.08653199824643074,0.09962190166891735,-1.2984737293205355,-1.2984737293205355,-1.2984737293205355,-1.2984737293205355,-0.29847372932053584,8.701526270679457,48.70152627067942,-1.2984737293205355,-1.2984737293205355,-0.07974095469774678,-0.08572937973521766,-0.047245960118211805,-0.007884296603698271,-0.08093470249858137,-0.09175512523579687,-0.11181093195921554,-0.01947774602980923,-0.09881422012029994,122,116,123,77,122,104,95,57,209,49.1086434179997,50.01980964200084,57.235050856999806,37.54993713000022,52.17828451200057,43.20489290000023,38.636175659999935,23.10188008500063,96.87712840200038
215,-9.849754633476401,-9.721184975191472,0.08222237557849003,1.5636821167030857,636800.0,0.01,5.0,0.003,0.9849754633476668,0.9849754633476643,0.9849754633476695,0.9849754633476758,1.0849754633476696,1.9849754633476933,5.984975463347799,1.9699509266953337,0.4924877316738334,0.0,0.0,0.0,0.0,0.9999999999999997,9.999999999999993,49.99999999999996,0.0,0.0,9.999999999999728,9.999999999999755,9.999999999999702,9.999999999999638,9.999999999999728,9.999999999999728,9.999999999999728,4.999999999999864,19.999999999999456,0.7772202846687639,0.388593759774808,1.1731152385456998,1.7319910878691513,0.7640232862867328,0.6671185565763386,0.20343249714608516,1.4171665445237036,0.1557639883606543,-9.775671629718271,-9.808364858221076,-9.744728798763495,-9.705039396294065,-9.776929539862946,-9.786166294997786,-9.830363875479108,-9.727124380416193,-9.834237128390358,0.09531789792349853,0.10651168273857761,0.08952729558189512,0.08355426202589598,0.09531789792349853,0.09531789792349853,0.09531789792349853,0.08653199832728428,0.09962190394171307,9.849754633476401,9.849754633476401,9.849754633476401,9.849754633476401,10.849754633476401,19.849754633476394,59.84975463347636,9.849754633476401,9.849754633476401,0.0740830037581297,0.04138977525532539,0.10502583471290627,0.1447152371823357,0.07282509361345468,0.06358833847861511,0.01939075799729295,0.12263025306020836,0.015517505086043215,116,127,92,63,115,99,83,52,275,48.92676748900067,56.63365629800046,40.39114135,30.235929798000143,48.582205108999915,41.242734694999854,31.77945965700019,20.346948995000275,132.74750410600063
216,16.122851167792522,15.83936489165177,0.08222237557849003,-3.4477996305292002,636800.0,0.01,5.0,0.003,-1.612285116779288,-1.612285116779283,-1.612285116779295,-1.612285116779309,-1.5122851167792857,-0.6122851167792661,3.387714883220819,-3.224570233558576,-0.806142558389644,0.0,0.0,0.0,0.0,0.9999999999999997,9.999999999999996,49.99999999999996,0.0,0.0,9.999999999999778,9.999999999999808,9.999999999999734,9.999999999999647,9.999999999999778,9.999999999999778,9.999999999999778,4.999999999999889,19.999999999999556,-1.206578059703565,-0.847047853397599,-1.5967138477305924,-2.4801955468907644,-1.2165806988998495,-1.3203675752835935,-1.70632841034231,-2.087607791291862,-0.5011634013619961,16.007842682539184,16.032630677465143,15.979901694438423,15.915620257371652,16.006889251989666,15.996996505021432,15.960207529247977,15.942206293939126,16.072924315130646,0.09531789868746086,0.10651168049773709,0.08952729605074367,0.08355426275991026,0.09531789868746086,0.09531789868746086,0.09531789868746086,0.08653199830299949,0.0996219048042848,-16.122851167792522,-16.122851167792522,-16.122851167792522,-16.122851167792522,-15.122851167792522,-6.1228511677925255,33.87714883220744,-16.122851167792522,-16.122851167792522,-0.11500848525333751,-0.09022049032737911,-0.1429494733540988,-0.20723091042087027,-0.1159619158028562,-0.12585466277108992,-0.16264363854454444,-0.1806448738533959,-0.04992685266187635,125,104,80,49,99,100,96,51,205,54.02946466799949,42.658337366000524,32.95910480800012,22.437252671999886,38.94535603300028,39.44504503600001,37.104574640000465,19.810470512999927,93.69247115899998
217,-6.540491029972549,-6.800333861900466,0.08222237557849003,-3.160244764271849,636800.0,0.01,5.0,0.003,0.6540491029972727,0.6540491029972709,0.6540491029972745,0.6540491029972786,0.7540491029972755,1.6540491029972992,5.654049102997404,1.3080982059945454,0.32702455149863635,0.0,0.0,0.0,0.0,0.9999999999999997,9.999999999999993,49.99999999999996,0.0,0.0,9.999999999999728,9.999999999999755,9.999999999999702,9.999999999999638,9.999999999999728,9.999999999999728,9.999999999999728,4.999999999999864,19.999999999999456,-0.8237288923879714,-0.7409369777602403,-0.89073891450889,-0.9694022743290909,-0.8351401160722082,-0.9358872657752206,-1.370841814237926,-1.042842944183276,-0.7454150045701186,-6.619007136453822,-6.619409474277028,-6.620236476058083,-6.6214887216103415,-6.620094830308139,-6.629697836839614,-6.671156790091343,-6.630730313874237,-6.614750691954545,0.09531789792349853,0.10651168273857761,0.08952729558189512,0.08355426202589598,0.09531789792349853,0.09531789792349853,0.09531789792349853,0.08653199832728428,0.09962190394171307,6.540491029972549,6.540491029972549,6.540491029972549,6.540491029972549,7.540491029972549,16.540491029972543,56.54049102997251,6.540491029972549,6.540491029972549,-0.07851610648127316,-0.07891844430447925,-0.0797454460855338,-0.08099769163779236,-0.07960380033558945,-0.08920680686706461,-0.13066576011879416,-0.09023928390168745,-0.07425966198199596,138,110,132,52,111,91,82,56,241,60.37902039999972,46.7332729740001,62.301736542999606,24.818871356999807,45.95121427700087,36.24511865899967,31.264012708000337,22.32611273600014,114.3763415580006
218,-15.254310188764848,-15.200449066543733,0.08222237557849003,0.6550664808960465,636800.0,0.01,5.0,0.003,1.5254310188765263,1.525431018876522,1.5254310188765303,1.52543101887654,1.6254310188765289,2.5254310188765525,6.525431018876658,3.0508620377530526,0.7627155094382632,0.0,0.0,0.0,0.0,0.9999999999999997,9.999999999999993,49.99999999999996,0.0,0.0,9.999999999999728,9.999999999999755,9.999999999999702,9.999999999999638,9.999999999999728,9.999999999999728,9.999999999999728,4.999999999999864,19.999999999999456,-0.2577697691948043,-0.3804307857154524,-0.03346145487837378,0.555020249250076,-0.2702150155912495,-0.37733161375400043,-1.0846269161043125,0.08811013318159791,-0.24003153287609674,-15.278880261312722,-15.29483051191696,-15.257305902326344,-15.207935881429329,-15.28006651603837,-15.29027664500796,-15.357694546439157,-15.24668584286776,-15.278222587076012,0.09531789792349853,0.10651168273857761,0.08952729558189512,0.08355426202589598,0.09531789792349853,0.09531789792349853,0.09531789792349853,0.08653199832728428,0.09962190394171307,15.254310188764848,15.254310188764848,15.254310188764848,15.254310188764848,16.254310188764848,25.25431018876484,65.2543101887648,15.254310188764848,15.254310188764848,-0.024570072547874133,-0.04052032315211207,-0.002995713561496416,0.04637430733551895,-0.025756327273523283,-0.03596645624311279,-0.10338435767430987,0.007624345897086826,-0.02391239831116465,91,102,93,49,104,110,119,50,193,35.534970402999534,43.182921067999814,42.09907601699979,23.257567775000098,42.419304252000074,45.90569741099989,50.58659759399961,19.755674918000295,90.0358520890004
219,4.604226234340572,4.738255513210533,0.08222237557849003,1.6300827837553247,636800.0,0.01,5.0,0.003,-0.46042262343406976,-0.46042262343406853,-0.460422623434071,-0.4604226234340739,-0.36042262343406706,0.5395773765659567,4.539577376566062,-0.9208452468681395,-0.23021131171703488,0.0,0.0,0.0,0.0,0.9999999999999997,9.999999999999993,49.99999999999996,0.0,0.0,9.999999999999728,9.999999999999755,9.999999999999702,9.999999999999638,9.999999999999728,9.999999999999728,9.999999999999728,4.999999999999864,19.999999999999456,0.552220919866335,0.758520911231405,0.3224235092620233,-0.11265577727491849,0.5418316569082678,0.42369117703982123,0.002284518139881931,0.7682620159268844,0.8397266266021758,4.656862771611612,4.685017572988229,4.6330919391568255,4.594813364007413,4.655872488905475,4.644611586704741,4.604443989807434,4.670705481817674,4.687881399673233,0.09531789792349853,0.10651168273857761,0.08952729558189512,0.08355426202589598,0.09531789792349853,0.09531789792349853,0.09531789792349853,0.08653199832728428,0.09962190394171307,-4.604226234340572,-4.604226234340572,-4.604226234340572,-4.604226234340572,-3.604226234340573,5.3957737656594205,45.395773765659385,-4.604226234340572,-4.604226234340572,0.052636537271039785,0.0807913386476562,0.028865704816253057,-0.009412870333159518,0.05164625456490235,0.040385352364168625,0.0002177554668616466,0.06647924747710121,0.08365516533266071,94,114,83,68,111,109,89,51,200,37.0596557000008,49.34474836699974,35.44119344800038,32.50753125600022,46.95810448900011,46.076558396999644,35.25414162500056,19.52962008800023,91.03564574499978
220,-1.0366009423705278,-1.1602637677724368,0.08222237557849003,-1.504004530784441,636800.0,0.01,5.0,0.003,0.10366009423705559,0.10366009423705533,0.10366009423705587,0.10366009423705654,0.20366009423705828,1.103660094237082,5.1036600942371875,0.20732018847411118,0.051830047118527796,0.0,0.0,0.0,0.0,0.9999999999999997,9.999999999999993,49.99999999999996,0.0,0.0,9.999999999999728,9.999999999999755,9.999999999999702,9.999999999999638,9.999999999999728,9.999999999999728,9.999999999999728,4.999999999999864,19.999999999999456,-2.0302832898836645,-1.991160788824678,-2.0396084948408215,-2.1897655694976517,-2.0423450241256087,-2.1566836613314257,-2.583707274474318,-2.010771868013264,-2.347536298344709,-1.2301232777514437,-1.2486828285913179,-1.2192015749594862,-1.21956518853962,-1.2312729769046977,-1.2421714954545937,-1.2828744886230714,-1.2105970502900019,-1.270466977983909,0.09531789792349853,0.10651168273857761,0.08952729558189512,0.08355426202589598,0.09531789792349853,0.09531789792349853,0.09531789792349853,0.08653199832728428,0.09962190394171307,1.0366009423705278,1.0366009423705278,1.0366009423705278,1.0366009423705278,2.0366009423705274,11.036600942370521,51.036600942370484,1.0366009423705278,1.0366009423705278,-0.1935223353809159,-0.21208188622079005,-0.18260063258895842,-0.18296424616909213,-0.19467203453416992,-0.2055705530840659,-0.2462735462525436,-0.17399610791947406,-0.23386603561338126,121,148,140,66,148,109,91,60,250,51.84405135799989,67.6007239999999,66.79197465900052,32.12615430400001,65.81055068099977,45.06600434500069,36.562759031000496,24.944137218999458,118.89371830400069
221,-6.099354053457918,-6.218793516427778,0.08222237557849003,-1.4526394078196136,636800.0,0.01,5.0,0.003,0.6099354053458084,0.6099354053458067,0.60993540534581,0.6099354053458139,0.7099354053458111,1.609935405345835,5.60993540534594,1.2198708106916167,0.3049677026729042,0.0,0.0,0.0,0.0,0.9999999999999997,9.999999999999993,49.99999999999996,0.0,0.0,9.999999999999728,9.999999999999755,9.999999999999702,9.999999999999638,9.999999999999728,9.999999999999728,9.999999999999728,4.999999999999864,19.999999999999456,2.067277137897653,1.6386027574612643,2.3406540375568645,2.8027460429805084,2.05558781041177,1.943233063737848,1.4131846328568445,2.2005731073900305,2.0405596674538526,-5.902305542248207,-5.924823716420645,-5.889801627582608,-5.8651726761906815,-5.903419744372301,-5.9141291626469865,-5.964652264876213,-5.908934065010177,-5.896069614279496,0.09531789792349853,0.10651168273857761,0.08952729558189512,0.08355426202589598,0.09531789792349853,0.09531789792349853,0.09531789792349853,0.08653199832728428,0.09962190394171307,6.099354053457918,6.099354053457918,6.099354053457918,6.099354053457918,7.099354053457918,16.099354053457912,56.09935405345787,6.099354053457918,6.099354053457918,0.19704851120971068,0.1745303370372726,0.20955242587530964,0.23418137726723653,0.19593430908561693,0.18522489081093152,0.13470178858170545,0.19041998844774088,0.20328443917842165,94,100,85,56,104,81,85,49,223,35.07098563799991,41.56209132100048,37.13245158200061,26.725680712999747,42.381318890999864,31.04313810200074,32.23465197200039,19.56707256899972,99.61727904799955
222,2.8669316709326935,2.9011228178524893,0.08222237557849003,0.4158374977521374,636800.0,0.01,5.0,0.003,-0.2866931670932782,-0.2866931670932772,-0.286693167093279,-0.28669316709328113,-0.18669316709327513,0.7133068329067519,4.713306832906871,-0.5733863341865564,-0.1433465835466391,0.0,0.0,0.0,0.0,0.9999999999999996,9.999999999999993,49.99999999999996,0.0,0.0,9.999999999999693,9.999999999999726,9.999999999999662,9.99999999999959,9.999999999999693,9.999999999999693,9.999999999999693,4.999999999999846,19.999999999999385,-1.146536502144454,-1.2070159297007532,-0.9922816292073733,-0.6088219810967272,-1.1627757527239453,-1.2730735864921734,-1.6119132486754184,-0.632435657390347,-1.4230380509660525,2.757646221432548,2.738370370938091,2.778095379534098,2.816061999482786,2.756098330200297,2.7455849725185244,2.7132874881201534,2.8122057498104565,2.725165915919776,0.09531789811815024,0.10651168458603168,0.08952729626724758,0.08355426221351518,0.09531789811815024,0.09531789811815024,0.09531789811815024,0.08653199812935208,0.09962190042401006,-2.8669316709326935,-2.8669316709326935,-2.8669316709326935,-2.8669316709326935,-1.866931670932694,7.133068329067299,47.133068329067264,-2.8669316709326935,-2.8669316709326935,-0.1092854495001454,-0.12856129999460242,-0.08883629139859561,-0.05086967144990773,-0.11083334073239648,-0.12134669841416912,-0.1536441828125401,-0.054725921122237065,-0.14176575501291744,133,125,86,73,125,137,96,57,319,57.84909590300049,54.11508147999939,38.03547904300012,35.25691778199962,54.004699555000116,59.227752366999994,39.435270629000115,23.34946605999994,157.26064276999932
223,0.2678433241148368,0.23463328374919803,0.08222237557849003,-0.40390514299767755,636800.0,0.01,5.0,0.003,-0.026784332411484302,-0.02678433241148426,-0.026784332411484393,-0.026784332411484507,0.07321566758851798,0.9732156675885382,4.973215667588628,-0.053568664822968605,-0.013392166205742151,0.0,0.0,0.0,0.0,0.9999999999999996,9.999999999999993,49.99999999999996,0.0,0.0,9.999999999999767,9.999999999999783,9.999999999999734,9.999999999999691,9.999999999999767,9.999999999999767,9.999999999999767,4.999999999999884,19.999999999999535,0.5769073716482137,0.237588063199951,0.9324983463934456,1.4274499854116764,0.5701859777782593,0.4898602530562398,-0.02723866821399841,1.0164695620066844,-0.11697387274690027,0.32283292214582515,0.2931492299871565,0.35132737990470536,0.3871128549393217,0.32219225301022236,0.31453577377094316,0.26524699151518927,0.3558004666281836,0.25619016439093767,0.09531789804294594,0.1065116888933202,0.0895272963354344,0.08355426252646432,0.09531789804294594,0.09531789804294594,0.09531789804294594,0.0865319984001335,0.09962190231243696,-0.2678433241148368,-0.2678433241148368,-0.2678433241148368,-0.2678433241148368,0.7321566758851628,9.732156675885156,49.73215667588512,-0.2678433241148368,-0.2678433241148368,0.05498959803098835,0.02530590587231968,0.08348405578986856,0.11926953082448488,0.05434892889538556,0.04669244965610636,-0.002596332599647533,0.0879571425133468,-0.011653159723899131,117,109,107,74,130,101,115,66,258,48.98768193900014,43.46646182600034,46.54794895299983,34.54910857999948,54.14629329899981,40.370544075,48.5034213910003,28.062546573999498,118.77026297800057
224,-14.135691780973701,-14.011080473821275,0.08222237557849003,1.515540098126588,636800.0,0.01,5.0,0.003,1.4135691780974085,1.4135691780974047,1.4135691780974122,1.4135691780974213,1.5135691780974112,2.413569178097435,6.41356917809754,2.827138356194817,0.7067845890487042,0.0,0.0,0.0,0.0,0.9999999999999997,9.999999999999993,49.99999999999996,0.0,0.0,9.999999999999728,9.999999999999755,9.999999999999702,9.999999999999638,9.999999999999728,9.999999999999728,9.999999999999728,4.999999999999864,19.999999999999456,-0.10605502605548447,-0.09614780582829319,-0.10328507708193288,-0.24510351202759342,-0.11744966393881046,-0.22037687988482063,-0.7424054988828064,-0.2882640010146599,0.22336149366487937,-14.145800723121532,-14.145932645564095,-14.144938614598814,-14.156171224041122,-14.14688683605217,-14.156697641915262,-14.206456312534057,-14.160635841027318,-14.113440083707541,0.09531789792349853,0.10651168273857761,0.08952729558189512,0.08355426202589598,0.09531789792349853,0.09531789792349853,0.09531789792349853,0.08653199832728428,0.09962190394171307,14.135691780973701,14.135691780973701,14.135691780973701,14.135691780973701,15.135691780973701,24.135691780973694,64.13569178097366,14.135691780973701,14.135691780973701,-0.010108942147830646,-0.010240864590393528,-0.009246833625113027,-0.02047944306742089,-0.01119505507846874,-0.021005860941560428,-0.07076453156035534,-0.024944060053616823,0.022251697266160164,95,111,77,59,130,89,112,48,226,37.3217881190003,46.04287819599995,31.223331870000038,27.00387008600046,53.05988026599971,32.28379906699956,44.18105725900023,17.625688545999765,100.54505626300033
225,3.2557366856928507,3.069361555418018,0.08222237557849003,-2.2667203296372493,636800.0,0.01,5.0,0.003,-0.3255736685692963,-0.3255736685692955,-0.3255736685692973,-0.3255736685692986,-0.2255736685692929,0.6744263314307375,4.674426331430872,-0.6511473371385926,-0.16278683428464816,0.0,0.0,0.0,0.0,0.9999999999999997,9.999999999999993,49.99999999999996,0.0,0.0,9.999999999999655,9.99999999999968,9.999999999999623,9.999999999999584,9.999999999999655,9.999999999999655,9.999999999999655,4.999999999999828,19.99999999999931,-1.1196623365962606,-0.9843159089968408,-1.3143347449325904,-2.147550595514504,-1.1316634928079365,-1.2384040224452388,-1.7902218699031367,-1.809556938184139,-0.8406055222883585,3.14901282538463,3.1508955491960675,3.13806784974116,3.0762996789141193,3.147868900401884,3.137694617493639,3.0850965002374044,3.099152107891084,3.171993965009091,0.09531789792327755,0.10651167530516838,0.08952729615142727,0.08355426277430378,0.09531789792327755,0.09531789792327755,0.09531789792327755,0.08653199824643074,0.09962190166891735,-3.2557366856928507,-3.2557366856928507,-3.2557366856928507,-3.2557366856928507,-2.255736685692851,6.744263314307142,46.744263314307105,-3.2557366856928507,-3.2557366856928507,-0.10672386030822079,-0.10484113649678317,-0.11766883595169064,-0.17943700677873142,-0.10786778529096663,-0.11804206819921159,-0.17064018545544624,-0.1565845778017665,-0.08374272068375976,119,141,119,68,117,102,96,63,338,51.634483256999374,60.248301730000094,52.3566431750005,30.679585015000157,46.889710596999976,38.64387821700075,36.0117967569995,25.75614506400052,164.77074148200063
226,-4.673835740156669,-4.4216734520413175,0.08222237557849003,3.066832919156362,636800.0,0.01,5.0,0.003,0.4673835740156796,0.4673835740156783,0.4673835740156808,0.4673835740156838,0.5673835740156823,1.467383574015706,5.467383574015812,0.9347671480313592,0.2336917870078398,0.0,0.0,0.0,0.0,0.9999999999999997,9.999999999999993,49.99999999999996,0.0,0.0,9.999999999999728,9.999999999999755,9.999999999999702,9.999999999999638,9.999999999999728,9.999999999999728,9.999999999999728,4.999999999999864,19.999999999999456,0.026054290220876974,0.08469500514178001,0.008096934893230701,0.279282190599095,0.014262824375688831,-0.08487633874121144,-0.5062324491474388,0.4163451488986326,-0.22613314573922697,-4.671352299980926,-4.664814732639465,-4.673110843473175,-4.650500522824186,-4.672476237718726,-4.681925974348924,-4.722088753070067,-4.637808562428599,-4.6963635546795395,0.09531789792349853,0.10651168273857761,0.08952729558189512,0.08355426202589598,0.09531789792349853,0.09531789792349853,0.09531789792349853,0.08653199832728428,0.09962190394171307,4.673835740156669,4.673835740156669,4.673835740156669,4.673835740156669,5.673835740156669,14.673835740156662,54.673835740156626,4.673835740156669,4.673835740156669,0.002483440175742757,0.009021007517203472,0.0007248966834936255,0.023335217332483005,0.0013595024379426945,-0.008090234192255075,-0.04825301291339823,0.036027177728069404,-0.02252781452287067,95,120,145,66,102,122,86,55,207,36.321468484000434,51.92833687199982,70.22435277800014,31.547400251,42.65091369499987,53.310787309999796,31.590915040000255,20.984936560999813,91.4145770390005
227,-3.824867488488634,-3.745392150622677,0.08222237557849003,0.966590144188783,636800.0,0.01,5.0,0.003,0.38248674884887657,0.3824867488488756,0.3824867488488778,0.3824867488488793,0.48248674884888,1.3824867488489103,5.382486748849045,0.7649734976977531,0.19124337442443828,0.0,0.0,0.0,0.0,0.9999999999999997,9.999999999999993,49.99999999999996,0.0,0.0,9.999999999999655,9.99999999999968,9.999999999999623,9.999999999999584,9.999999999999655,9.999999999999655,9.999999999999655,4.999999999999828,19.99999999999931,-0.2061957186608261,-0.3434745341769595,0.016354019881415563,0.6103131173211928,-0.22329138541240526,-0.34019910633904926,-0.8670230158304493,0.14696540759694815,-0.5703828404086579,-3.8445216309521633,-3.861451536548484,-3.823403357307444,-3.7738732259093744,-3.8461511539705207,-3.8572945521802495,-3.907510299808693,-3.8121502780961687,-3.881690111729463,0.09531789792327755,0.10651167530516838,0.08952729615142727,0.08355426277430378,0.09531789792327755,0.09531789792327755,0.09531789792327755,0.08653199824643074,0.09962190166891735,3.824867488488634,3.824867488488634,3.824867488488634,3.824867488488634,4.824867488488634,13.824867488488627,53.82486748848859,3.824867488488634,3.824867488488634,-0.019654142463529478,-0.03658404805985027,0.0014641311811898206,0.05099426257925943,-0.02128366548188687,-0.03242706369161574,-0.08264281132005902,0.012717210392465095,-0.056822623240829095,117,134,108,55,110,122,83,60,216,48.720659995999995,56.868134606999774,46.818955099999584,24.62434587900043,44.012897167999654,49.640060579999954,30.091788054000062,23.440187379000236,96.7098472000007
228,-22.47183529476896,-22.19857665499557,0.08222237557849003,3.323409690498875,636800.0,0.01,5.0,0.003,2.2471835294769487,2.2471835294769447,2.247183529476956,2.2471835294769655,2.347183529476951,3.247183529476971,7.247183529477061,4.494367058953897,1.1235917647384743,0.0,0.0,0.0,0.0,0.9999999999999996,9.999999999999993,49.99999999999996,0.0,0.0,9.999999999999767,9.999999999999783,9.999999999999734,9.999999999999691,9.999999999999767,9.999999999999767,9.999999999999767,4.999999999999884,19.999999999999535,-1.3106580422646537,-1.292437369593291,-1.191418077361118,-0.821415024537093,-1.3218369317593366,-1.4293761700215666,-1.9416291187352792,-1.1822953692818816,-1.288190001442173,-22.59676446441071,-22.609494981793183,-22.578499734040264,-22.540468021372316,-22.5978300126598,-22.608080426808094,-22.656907301145786,-22.574141675772147,-22.600167233252492,0.09531789804294594,0.1065116888933202,0.0895272963354344,0.08355426252646432,0.09531789804294594,0.09531789804294594,0.09531789804294594,0.0865319984001335,0.09962190231243696,22.47183529476896,22.47183529476896,22.47183529476896,22.47183529476896,23.47183529476896,32.47183529476895,72.47183529476892,22.47183529476896,22.47183529476896,-0.12492916964174938,-0.1376596870242217,-0.10666443927130231,-0.0686327266033544,-0.12599471789083694,-0.13624513203913224,-0.1850720063768243,-0.10230638100318501,-0.1283319384835302,89,103,79,51,92,91,84,48,200,35.45835085699946,44.14182449600048,33.89207238199924,24.037397465999675,36.752610737000396,35.51485589999993,31.67915046899998,18.57422900599977,93.54274696599987
229,2.1824631671878763,2.0796750278187703,0.08222237557849003,-1.2501236876935484,636800.0,0.01,5.0,0.003,-0.21824631671879732,-0.21824631671879668,-0.21824631671879818,-0.21824631671879957,-0.11824631671879292,0.7817536832812464,4.78175368328142,-0.43649263343759465,-0.10912315835939866,0.0,0.0,0.0,0.0,0.9999999999999996,9.999999999999993,49.99999999999995,0.0,0.0,9.999999999999556,9.999999999999584,9.999999999999517,9.999999999999453,9.999999999999556,9.999999999999556,9.999999999999556,4.999999999999778,19.999999999999112,-0.9886809807438774,-0.8690912598771858,-0.8367318905663154,-0.8487174764491602,-0.9975390119091523,-0.8675063127910777,-1.3239530031349305,-1.0685175365959272,-0.6848949102548254,2.0882241750550903,2.0898947849713516,2.107552823187439,2.111549204171194,2.0873798461506663,2.0997742896039764,2.0562667508749657,2.090002209687362,2.1142326335519956,0.09531789724717991,0.1065116938693018,0.08952729643152046,0.08355426273695954,0.09531789724717991,0.09531789724717991,0.09531789724717991,0.08653199815051763,0.09962190200901685,-2.1824631671878763,-2.1824631671878763,-2.1824631671878763,-2.1824631671878763,-1.1824631671878767,7.817536832812117,47.817536832812074,-2.1824631671878763,-2.1824631671878763,-0.09423899213278597,-0.09256838221652464,-0.07491034400043706,-0.0709139630166824,-0.09508332103720996,-0.08268887758389987,-0.12619641631291056,-0.09246095750051442,-0.06823053363588061,124,112,80,54,127,121,99,55,242,54.72847688299953,45.49614526999994,33.675140459999966,25.31071321000036,55.6048378710002,53.87882450500001,40.993035718999636,23.34145377799996,116.6999410590006
230,17.556472052384756,17.317485891431563,0.08222237557849003,-2.906583022830019,636800.0,0.01,5.0,0.003,-1.7556472052385566,-1.7556472052385519,-1.7556472052385623,-1.7556472052385719,-1.655647205238552,-0.7556472052385111,3.24435279476167,-3.511294410477113,-0.8778236026192783,0.0,0.0,0.0,0.0,0.9999999999999996,9.999999999999993,49.99999999999996,0.0,0.0,9.999999999999538,9.999999999999565,9.999999999999506,9.999999999999451,9.999999999999538,9.999999999999538,9.999999999999538,4.999999999999769,19.999999999999076,-1.9044716496236056,-1.596342953095277,-2.1917133484260996,-2.8026345426240074,-1.8995631802797954,-2.019665759996547,-2.4475969710617886,-2.261661465182683,-1.8387540222819636,17.374941816747537,17.386442861829778,17.360253882708466,17.32229999119133,17.375409681730865,17.363961756212557,17.32317225241682,17.36076596628463,17.373291872187018,0.09531789862721018,0.10651169300762994,0.089527295992971,0.08355426211730745,0.09531789862721018,0.09531789862721018,0.09531789862721018,0.08653199831758017,0.09962190590909173,-17.556472052384756,-17.556472052384756,-17.556472052384756,-17.556472052384756,-16.556472052384756,-7.556472052384763,32.4435279476152,-17.556472052384756,-17.556472052384756,-0.1815302356372186,-0.17002919055497756,-0.19621816967628902,-0.23417206119342637,-0.18106237065389053,-0.19251029617219828,-0.23329979996793426,-0.19570608610012385,-0.18318018019773774,96,116,80,53,125,102,92,49,254,38.848842828999295,47.289883350999844,31.661177306000354,21.771439406000354,51.67477272300039,42.43190274199969,36.86365207600011,20.11646489800023,120.3921665959997
231,0.389262522676346,0.3978182975285728,0.08222237557849003,0.1040565270953453,636800.0,0.01,5.0,0.003,-0.03892625226763566,-0.038926252267635554,-0.03892625226763576,-0.038926252267636005,0.061073747732367026,0.9610737477323908,4.961073747732496,-0.07785250453527132,-0.01946312613381783,0.0,0.0,0.0,0.0,0.9999999999999997,9.999999999999993,49.99999999999996,0.0,0.0,9.999999999999728,9.999999999999755,9.999999999999702,9.999999999999638,9.999999999999728,9.999999999999728,9.999999999999728,4.999999999999864,19.999999999999456,-0.8460912006266769,-0.9720859462515854,-0.49522374308455636,0.4220877864830667,-0.8511511347768936,-0.8531368546816686,-1.2534775627133965,-0.2916215156431164,-1.1552617705740433,0.3086148879810421,0.2857240127745671,0.3449264802500424,0.4245297561860826,0.3081325856942121,0.3079433110470241,0.2697836763042347,0.3640279301725157,0.2741731455406853,0.09531789792349853,0.10651168273857761,0.08952729558189512,0.08355426202589598,0.09531789792349853,0.09531789792349853,0.09531789792349853,0.08653199832728428,0.09962190394171307,-0.389262522676346,-0.389262522676346,-0.389262522676346,-0.389262522676346,0.6107374773236537,9.610737477323648,49.61073747732361,-0.389262522676346,-0.389262522676346,-0.0806476346953039,-0.10353850990177887,-0.04433604242630357,0.035267233509736595,-0.08112993698213389,-0.08131921162932187,-0.11947884637211126,-0.025234592503830255,-0.1150893771356607,119,143,125,48,124,121,97,55,472,47.66925012699994,60.57565425299981,57.11699513900021,22.182628601000033,51.921184826999706,50.930237004000446,38.344838331000574,21.03588317699996,222.54781776100026
232,-9.096521887485999,-8.92929264246899,0.08222237557849003,2.0338654027013625,636800.0,0.01,5.0,0.003,0.9096521887486279,0.9096521887486247,0.9096521887486305,0.9096521887486372,1.009652188748631,1.9096521887486577,5.909652188748777,1.8193043774972557,0.4548260943743139,0.0,0.0,0.0,0.0,0.9999999999999996,9.999999999999993,49.99999999999996,0.0,0.0,9.999999999999693,9.999999999999726,9.999999999999662,9.99999999999959,9.999999999999693,9.999999999999693,9.999999999999693,4.999999999999846,19.999999999999385,-1.1986598103504145,-1.373768493922548,-0.9097340424281262,-0.3187698665966874,-1.2137862806003072,-1.3107013382292343,-1.6749805675203548,-0.4962504999504103,-1.8323977796504844,-9.2107756211673,-9.242844284004905,-9.177967916626862,-9.123156468505385,-9.212217444517467,-9.221455184106656,-9.256177514570785,-9.139463434819397,-9.279068836627516,0.09531789811815024,0.10651168458603168,0.08952729626724758,0.08355426221351518,0.09531789811815024,0.09531789811815024,0.09531789811815024,0.08653199812935208,0.09962190042401006,9.096521887485999,9.096521887485999,9.096521887485999,9.096521887485999,10.096521887485999,19.09652188748599,59.096521887485956,9.096521887485999,9.096521887485999,-0.1142537336813021,-0.14632239651890622,-0.08144602914086363,-0.02663458101938687,-0.11569555703146861,-0.12493329662065733,-0.15965562708478664,-0.042941547333398944,-0.1825469491415177,127,132,101,55,109,98,83,52,263,52.75859349500024,55.791614214999754,42.65630213200075,24.8906864999999,43.1920948449997,38.27640536200033,31.052710872000716,19.103270074000648,120.91890697399958
233,10.890227483397053,10.84933510973042,0.08222237557849003,-0.49733875212103285,636800.0,0.01,5.0,0.003,-1.089022748339735,-1.0890227483397321,-1.089022748339738,-1.0890227483397448,-0.9890227483397322,-0.08902274833970847,3.9109772516603964,-2.17804549667947,-0.5445113741698675,0.0,0.0,0.0,0.0,0.9999999999999997,9.999999999999993,49.99999999999996,0.0,0.0,9.999999999999728,9.999999999999755,9.999999999999702,9.999999999999638,9.999999999999728,9.999999999999728,9.999999999999728,4.999999999999864,19.999999999999456,0.006649649723106236,-0.035334225619268377,0.036793840311917604,0.07076561742481405,-0.011644078637947782,-0.1262114673980806,-0.4334618264467749,0.1380996243966786,-0.1894374606682971,10.890861314030587,10.88646397556808,10.893521536414251,10.89614025233779,10.889117594298028,10.878197271630828,10.848910813270066,10.902177519864345,10.871355362887394,0.09531789792349853,0.10651168273857761,0.08952729558189512,0.08355426202589598,0.09531789792349853,0.09531789792349853,0.09531789792349853,0.08653199832728428,0.09962190394171307,-10.890227483397053,-10.890227483397053,-10.890227483397053,-10.890227483397053,-9.890227483397053,-0.8902274833970605,39.1097725166029,-10.890227483397053,-10.890227483397053,0.0006338306335340604,-0.003763507828972834,0.0032940530171980953,0.005912768940737223,-0.0011098890990250965,-0.012030211766225207,-0.04131667012698692,0.01195003646729198,-0.01887212050965914,94,131,92,58,121,123,95,59,200,35.366781601000184,54.265225258999635,37.45394068600035,27.273146362999796,51.43611971199971,52.02965348399994,38.652826542000184,23.686337297000136,89.87364923099994
234,2.8801595663165758,3.152836412117571,0.08222237557849003,3.3163338310591137,636800.0,0.01,5.0,0.003,-0.2880159566316654,-0.2880159566316646,-0.2880159566316662,-0.288015956631668,-0.18801595663166273,0.7119840433683611,4.711984043368466,-0.5760319132633308,-0.1440079783158327,0.0,0.0,0.0,0.0,0.9999999999999997,9.999999999999993,49.99999999999996,0.0,0.0,9.999999999999728,9.999999999999755,9.999999999999702,9.999999999999638,9.999999999999728,9.999999999999728,9.999999999999728,4.999999999999864,19.999999999999456,0.22353063346620186,0.4081688588516653,0.015222306511837445,-0.7058092369056748,0.2122740608016457,0.11482898950553258,-0.31068129253486393,0.15959857231487048,0.6232029759110288,2.901466036420082,2.9236343183143516,2.8815223782510992,2.8211861963958613,2.9003930835758736,2.8911048242169226,2.850546078587997,2.893969949709163,2.942244233318974,0.09531789792349853,0.10651168273857761,0.08952729558189512,0.08355426202589598,0.09531789792349853,0.09531789792349853,0.09531789792349853,0.08653199832728428,0.09962190394171307,-2.8801595663165758,-2.8801595663165758,-2.8801595663165758,-2.8801595663165758,-1.8801595663165762,7.119840433683417,47.11984043368338,-2.8801595663165758,-2.8801595663165758,0.021306470103506392,0.04347475199777584,0.001362811934523478,-0.05897336992071445,0.020233517259297784,0.010945257900346839,-0.029613487728578747,0.013810383392587333,0.06208466700239823,156,130,95,64,123,117,114,55,438,71.68351404699933,58.27220891899924,42.223415999999816,29.350151951000043,50.43075237600078,48.261130579000564,46.24878712000009,20.62400379799965,220.98473952199947
235,3.4552085713696945,3.6448802549965844,0.08222237557849003,2.3068134713017145,636800.0,0.01,5.0,0.003,-0.34552085713697883,-0.34552085713697794,-0.3455208571369798,-0.345520857136982,-0.24552085713697616,0.6544791428630476,4.654479142863153,-0.6910417142739577,-0.17276042856848942,0.0,0.0,0.0,0.0,0.9999999999999997,9.999999999999993,49.99999999999996,0.0,0.0,9.999999999999728,9.999999999999755,9.999999999999702,9.999999999999638,9.999999999999728,9.999999999999728,9.999999999999728,4.999999999999864,19.999999999999456,2.6616486957825445,2.265901708583737,2.941801795903999,3.3109114213481816,2.645755148555567,2.553100772189431,2.1013875768278534,3.3488462492598856,1.8571558118054567,3.708911330062508,3.6965535752711665,3.7185801302949417,3.731849331813552,3.7073963905502847,3.698564770161652,3.6555084179154798,3.744990929408983,3.640221969258172,0.09531789792349853,0.10651168273857761,0.08952729558189512,0.08355426202589598,0.09531789792349853,0.09531789792349853,0.09531789792349853,0.08653199832728428,0.09962190394171307,-3.4552085713696945,-3.4552085713696945,-3.4552085713696945,-3.4552085713696945,-2.455208571369695,6.544791428630298,46.54479142863026,-3.4552085713696945,-3.4552085713696945,0.25370275869281356,0.24134500390147196,0.2633715589252472,0.27664076044385766,0.2521878191805902,0.24335619879195747,0.20029984654578525,0.28978235803928865,0.18501339788847737,102,113,105,61,142,128,109,56,320,38.57516952500009,49.209553752999454,47.243704251000054,27.762995509000575,59.79163074299959,52.4790041870001,43.39395088400033,21.788523320999957,148.51232525199975
236,18.78391200382324,18.747051494870725,0.08222237557849003,-0.4483026511114046,636800.0,0.01,5.0,0.003,-1.8783912003823886,-1.878391200382384,-1.8783912003823946,-1.878391200382402,-1.7783912003823852,-0.878391200382355,3.1216087996177793,-3.756782400764777,-0.9391956001911943,0.0,0.0,0.0,0.0,0.9999999999999997,9.999999999999993,49.99999999999996,0.0,0.0,9.999999999999655,9.99999999999968,9.999999999999623,9.999999999999584,9.999999999999655,9.999999999999655,9.999999999999655,4.999999999999828,19.99999999999931,-0.1701942493924044,-0.006451541036273885,-0.36267909557937683,-0.6037107026324089,-0.18370413712090253,-0.3088713445618661,-0.9246043231941714,-0.37875577475783095,-0.0555232980196429,18.767689445732525,18.783224839379166,18.751442325025373,18.73346940113583,18.766401711633065,18.754471036530866,18.695780663325596,18.75113750978607,18.778380667287593,0.09531789792327755,0.10651167530516838,0.08952729615142727,0.08355426277430378,0.09531789792327755,0.09531789792327755,0.09531789792327755,0.08653199824643074,0.09962190166891735,-18.78391200382324,-18.78391200382324,-18.78391200382324,-18.78391200382324,-17.78391200382324,-8.783912003823247,31.216087996176718,-18.78391200382324,-18.78391200382324,-0.016222558090714045,-0.0006871644440735736,-0.03246967879786666,-0.050442602687407856,-0.01751029219017397,-0.029440967292373443,-0.08813134049764315,-0.03277449403717014,-0.005531336535646858,111,122,141,73,112,109,100,65,209,44.340644941999926,49.267176592000396,62.30145934800021,33.080819938000786,43.57113640700027,43.092214342999796,37.93444262100002,25.601523543999974,91.48284800599959
237,6.57866155706604,6.461703463922341,0.08222237557849003,-1.4224606418972832,636800.0,0.01,5.0,0.003,-0.6578661557066219,-0.6578661557066201,-0.6578661557066237,-0.6578661557066279,-0.5578661557066191,0.3421338442934046,4.342133844293509,-1.3157323114132438,-0.32893307785331094,0.0,0.0,0.0,0.0,0.9999999999999997,9.999999999999993,49.99999999999996,0.0,0.0,9.999999999999728,9.999999999999755,9.999999999999702,9.999999999999638,9.999999999999728,9.999999999999728,9.999999999999728,4.999999999999864,19.999999999999456,-0.8655362594428951,-0.8594710404584818,-0.8198000070642757,-0.497773479212105,-0.8766417658068272,-0.9379117795824821,-1.424328897659429,-0.7639978171767107,-0.9722867987226889,6.496160460239375,6.487117850281731,6.505267079515557,6.53707046135441,6.495101906717389,6.48926177779855,6.442897520589449,6.512551299228056,6.481800494999892,0.09531789792349853,0.10651168273857761,0.08952729558189512,0.08355426202589598,0.09531789792349853,0.09531789792349853,0.09531789792349853,0.08653199832728428,0.09962190394171307,-6.57866155706604,-6.57866155706604,-6.57866155706604,-6.57866155706604,-5.57866155706604,3.421338442933953,43.421338442933916,-6.57866155706604,-6.57866155706604,-0.08250109682666462,-0.09154370678430901,-0.07339447755048312,-0.04159109571163011,-0.08355965034865065,-0.08939977926748988,-0.13576403647659063,-0.06611025783798397,-0.09686106206614742,138,119,112,53,125,125,98,51,179,60.24703818499984,48.02281578700058,48.2456320299998,23.764248789000703,49.081499197000085,50.153680453999186,37.394552392999685,18.944562524000503,78.14776904599967
238,-14.218762325502247,-14.130367691857366,0.08222237557849003,1.075067863497807,636800.0,0.01,5.0,0.003,1.4218762325502545,1.4218762325502523,1.4218762325502596,1.4218762325502685,1.5218762325502566,2.4218762325502747,6.421876232550356,2.843752465100509,0.7109381162751273,0.0,0.0,0.0,0.0,0.9999999999999996,9.999999999999993,49.99999999999996,0.0,0.0,9.99999999999979,9.999999999999806,9.999999999999755,9.999999999999693,9.99999999999979,9.99999999999979,9.99999999999979,4.999999999999895,19.99999999999958,-0.05809107927833326,-0.2911073432588652,0.24082905190704484,0.7389991117454446,-0.0699151345626284,-0.14966976121858402,-0.6025722858062275,0.4999109134523715,-0.6283156220641812,-14.224299445070928,-14.249768655054464,-14.19720155166441,-14.157015799617426,-14.225426489166324,-14.233028532534009,-14.276198249171284,-14.175504035186176,-14.281356322293394,0.09531789798826935,0.1065116709359135,0.08952729609282942,0.08355426265531224,0.09531789798826935,0.09531789798826935,0.09531789798826935,0.08653199830611982,0.09962190114819908,14.218762325502247,14.218762325502247,14.218762325502247,14.218762325502247,15.218762325502247,24.21876232550224,64.21876232550221,14.218762325502247,14.218762325502247,-0.005537119568680637,-0.031006329552216272,0.021560773837837388,0.061746525884821324,-0.006664163664076739,-0.014266207031761624,-0.05743592366903627,0.043258290316071424,-0.06259399679114708,104,119,72,71,102,103,95,63,238,40.970900782999706,49.012409842000125,28.916545152000253,33.37427478799964,39.894164757,40.48071061900009,35.8881859410003,25.295943542000714,106.29763831799937
239,-1.0383566829767643,-1.137619577234198,0.08222237557849003,-1.2072491649511707,636800.0,0.01,5.0,0.003,0.10383566829768001,0.10383566829767975,0.10383566829768034,0.10383566829768075,0.2038356682976834,1.103835668297714,5.103835668297847,0.20767133659536002,0.051917834148840006,0.0,0.0,0.0,0.0,0.9999999999999997,9.999999999999993,49.99999999999996,0.0,0.0,9.999999999999655,9.99999999999968,9.999999999999623,9.999999999999584,9.999999999999655,9.999999999999655,9.999999999999655,4.999999999999828,19.99999999999931,-0.35826300173256415,-0.5050704218843434,-0.20723345202345153,0.08791335036098259,-0.3742443573369433,-0.49133327781892944,-1.0180770249590843,-0.34596384110214423,-0.5124330643928442,-1.0725055592055959,-1.092152579758754,-1.0569097336085505,-1.0310111477993333,-1.0740288684277697,-1.0851895381982184,-1.1353976449198484,-1.0682936254683435,-1.0894062393296102,0.09531789792327755,0.10651167530516838,0.08952729615142727,0.08355426277430378,0.09531789792327755,0.09531789792327755,0.09531789792327755,0.08653199824643074,0.09962190166891735,1.0383566829767643,1.0383566829767643,1.0383566829767643,1.0383566829767643,2.038356682976764,11.038356682976758,51.03835668297672,1.0383566829767643,1.0383566829767643,-0.03414887622883156,-0.053795896781989594,-0.01855305063178614,0.007345535177430973,-0.03567218545100537,-0.046832855221454084,-0.09704096194308409,-0.029936942491579188,-0.051049556352845915,106,108,92,44,112,89,76,53,224,44.79011436999917,47.27178071399976,41.76709791099984,19.89865656099937,47.69256098999995,35.49243782400026,28.951240878000135,21.030256805000136,105.69451067499995
240,4.51257920529231,4.502306055792337,0.08222237557849003,-0.12494347709725592,636800.0,0.01,5.0,0.003,-0.45125792052924657,-0.4512579205292454,-0.451257920529248,-0.45125792052924973,-0.35125792052924315,0.5487420794707872,4.548742079470921,-0.9025158410584931,-0.22562896026462329,0.0,0.0,0.0,0.0,0.9999999999999997,9.999999999999993,49.99999999999996,0.0,0.0,9.999999999999655,9.99999999999968,9.999999999999623,9.999999999999584,9.999999999999655,9.999999999999655,9.999999999999655,4.999999999999828,19.99999999999931,-0.5100879572991678,-0.34713579927427235,-0.6970533739136979,-1.1985531574474912,-0.5190125073438826,-0.5183431600056883,-1.0548552167412424,-0.7798889161158322,-0.29163891368445594,4.463958693446575,4.4756051897532085,4.450173901452587,4.412434979825971,4.463108024096401,4.463171824877659,4.412032623419131,4.445093858970564,4.483525582110407,0.09531789792327755,0.10651167530516838,0.08952729615142727,0.08355426277430378,0.09531789792327755,0.09531789792327755,0.09531789792327755,0.08653199824643074,0.09962190166891735,-4.51257920529231,-4.51257920529231,-4.51257920529231,-4.51257920529231,-3.5125792052923104,5.487420794707683,45.487420794707646,-4.51257920529231,-4.51257920529231,-0.04862051184573524,-0.0369740155391014,-0.0624053038397232,-0.10014422546633917,-0.04947118119590854,-0.049407380414651314,-0.10054658187317855,-0.06748534632174596,-0.029053623181902744,114,126,92,61,110,107,83,61,302,48.464566917999946,51.86997508500008,38.797713054999804,27.627331925000362,43.63433484899997,42.24965830000019,30.350127056999554,23.610901283999738,144.7778176719994
241,3.408438794122776,3.368439221632893,0.08222237557849003,-0.4864803796832541,636800.0,0.01,5.0,0.003,-0.34084387941228805,-0.3408438794122869,-0.3408438794122891,-0.34084387941229155,-0.24084387941228502,0.659156120587742,4.659156120587862,-0.6816877588245761,-0.17042193970614403,0.0,0.0,0.0,0.0,0.9999999999999996,9.999999999999993,49.99999999999996,0.0,0.0,9.999999999999693,9.999999999999726,9.999999999999662,9.99999999999959,9.999999999999693,9.999999999999693,9.999999999999693,4.999999999999846,19.999999999999385,0.1289789986849572,-0.16948135588661306,0.49435404406958194,1.1194816648728503,0.11685329515523864,0.02218007721136269,-0.3698424662135061,0.8031356583918127,-0.7233481256118034,3.4207328011788096,3.390387049401368,3.4526969750871053,3.5019762586927845,3.419577004605153,3.410552952462661,3.3731861876084714,3.477935727412352,3.3363774791811824,0.09531789811815024,0.10651168458603168,0.08952729626724758,0.08355426221351518,0.09531789811815024,0.09531789811815024,0.09531789811815024,0.08653199812935208,0.09962190042401006,-3.408438794122776,-3.408438794122776,-3.408438794122776,-3.408438794122776,-2.4084387941227763,6.591561205877217,46.591561205877184,-3.408438794122776,-3.408438794122776,0.012294007056033784,-0.018051744721407914,0.04425818096432943,0.09353746457000867,0.011138210482377175,0.0021141583398853747,-0.035252606514304397,0.06949693328957629,-0.0720613149415934,105,122,94,51,110,109,87,57,250,40.35357522199956,50.87778043199978,41.232334289999926,22.859198504000233,43.7164741229999,43.11760804000005,32.85445143200013,22.22963686700041,114.48012721000032
242,-7.296327330816911,-7.332981074279815,0.08222237557849003,-0.44578794038751707,636800.0,0.01,5.0,0.003,0.729632733081711,0.7296327330817091,0.729632733081713,0.7296327330817176,0.8296327330817137,1.7296327330817374,5.729632733081842,1.459265466163422,0.3648163665408555,0.0,0.0,0.0,0.0,0.9999999999999997,9.999999999999993,49.99999999999996,0.0,0.0,9.999999999999728,9.999999999999755,9.999999999999702,9.999999999999638,9.999999999999728,9.999999999999728,9.999999999999728,4.999999999999864,19.999999999999456,1.6068344281528755,1.308900008835979,1.810379326938991,1.5219170060650247,1.5938651811489453,1.4738157367115046,0.9415909137039312,1.8291610143361408,1.0700603114741374,-7.1431672508142725,-7.156914188339252,-7.134248965698692,-7.169164678510487,-7.144403452176338,-7.1558463128669985,-7.206576864218786,-7.138046372984043,-7.189725885255395,0.09531789792349853,0.10651168273857761,0.08952729558189512,0.08355426202589598,0.09531789792349853,0.09531789792349853,0.09531789792349853,0.08653199832728428,0.09962190394171307,7.296327330816911,7.296327330816911,7.296327330816911,7.296327330816911,8.296327330816911,17.296327330816904,57.296327330816865,7.296327330816911,7.296327330816911,0.15316008000263892,0.13941314247765924,0.16207836511821938,0.1271626523064242,0.15192387864057366,0.14048101794991297,0.08975046659812502,0.15828095783286855,0.10660144556151607,109,115,100,86,98,97,90,64,199,44.72603667400017,50.1606462790005,43.66118019899932,43.18023530799928,39.08584054399944,39.5186490670003,36.09062516299946,27.05680680400019,92.63865955100027
243,3.0271078053742935,2.997567871384022,0.08222237557849003,-0.3592687973612795,636800.0,0.01,5.0,0.003,-0.30271078053743755,-0.3027107805374368,-0.3027107805374384,-0.3027107805374403,-0.2027107805374349,0.6972892194625889,4.697289219462694,-0.6054215610748751,-0.15135539026871878,0.0,0.0,0.0,0.0,0.9999999999999997,9.999999999999993,49.99999999999996,0.0,0.0,9.999999999999728,9.999999999999755,9.999999999999702,9.999999999999638,9.999999999999728,9.999999999999728,9.999999999999728,4.999999999999864,19.999999999999456,-1.7003009354954948,-1.5883600730551262,-1.6116441056454933,-0.9936303641994372,-1.6608097289604444,-1.7547572289488615,-2.2583678546701584,-1.3246692235811306,-1.859199252489049,2.865038694365505,2.857928901198422,2.8828216671553504,2.9440857535670872,2.8688029131588886,2.8598480349448248,2.811844928729133,2.912481530335166,2.8418908360343247,0.09531789792349853,0.10651168273857761,0.08952729558189512,0.08355426202589598,0.09531789792349853,0.09531789792349853,0.09531789792349853,0.08653199832728428,0.09962190394171307,-3.0271078053742935,-3.0271078053742935,-3.0271078053742935,-3.0271078053742935,-2.027107805374294,6.972892194625699,46.972892194625665,-3.0271078053742935,-3.0271078053742935,-0.16206911100878862,-0.16917890417587156,-0.1442861382189431,-0.08302205180720623,-0.1583048922154049,-0.1672597704294687,-0.21526287664516053,-0.11462627503912737,-0.18521696933996878,112,124,95,50,103,99,97,51,195,47.73049722399992,55.55911287100025,42.30794573299954,23.85250143399935,42.49494867700014,40.308030273999975,38.96648023099988,20.386775933000536,89.55790332499964
244,-6.748515044141526,-6.8000684676487495,0.08222237557849003,-0.6269999272644464,636800.0,0.01,5.0,0.003,0.6748515044141683,0.6748515044141673,0.6748515044141706,0.6748515044141735,0.7748515044141706,1.674851504414191,5.67485150441428,1.3497030088283366,0.33742575220708415,0.0,0.0,0.0,0.0,0.9999999999999996,9.999999999999993,49.99999999999996,0.0,0.0,9.999999999999767,9.999999999999783,9.999999999999734,9.999999999999691,9.999999999999767,9.999999999999767,9.999999999999767,4.999999999999884,19.999999999999535,1.2310877796388195,0.8955945621439867,1.4471071081025513,1.2148909476664658,1.2202461397118367,1.1240153958940695,0.671405107091315,1.1037965375997931,0.9649285923747773,-6.6311703446799966,-6.653123754763897,-6.618959457245316,-6.647005726959177,-6.632203747009175,-6.641376259236994,-6.684518120598283,-6.653001323915868,-6.652387022173489,0.09531789804294594,0.1065116888933202,0.0895272963354344,0.08355426252646432,0.09531789804294594,0.09531789804294594,0.09531789804294594,0.0865319984001335,0.09962190231243696,6.748515044141526,6.748515044141526,6.748515044141526,6.748515044141526,7.748515044141525,16.74851504414152,56.748515044141485,6.748515044141526,6.748515044141526,0.1173446994615297,0.09539128937762964,0.1295555868962106,0.1015093171823489,0.11631129713235122,0.10713878490453244,0.06399692354324316,0.09551372022565818,0.09612802196803738,123,109,79,60,134,100,90,52,253,48.651528095000685,44.06425661799949,32.40962995500013,27.252092629999424,55.1495692970002,38.61100163000083,34.38892090100035,19.4436980950004,113.09837484699983
245,8.018576253354617,8.118966367756228,0.08222237557849003,1.2209585735670911,636800.0,0.01,5.0,0.003,-0.8018576253354834,-0.8018576253354813,-0.8018576253354857,-0.8018576253354908,-0.7018576253354808,0.198142374664543,4.1981423746646485,-1.6037152506709669,-0.4009288126677417,0.0,0.0,0.0,0.0,0.9999999999999997,9.999999999999993,49.99999999999996,0.0,0.0,9.999999999999728,9.999999999999755,9.999999999999702,9.999999999999638,9.999999999999728,9.999999999999728,9.999999999999728,4.999999999999864,19.999999999999456,0.29831004757577656,0.2824881256367703,0.23602598886539827,-0.09185156450132892,0.28420347907963495,0.15566742834523367,-0.2947183289542669,0.3751468211560353,0.4453398896047201,8.047010540018999,8.048664538969856,8.039707021824778,8.010901663666784,8.045665931563033,8.033414145399641,7.99048432175917,8.051038457455377,8.062941861058231,0.09531789792349853,0.10651168273857761,0.08952729558189512,0.08355426202589598,0.09531789792349853,0.09531789792349853,0.09531789792349853,0.08653199832728428,0.09962190394171307,-8.018576253354617,-8.018576253354617,-8.018576253354617,-8.018576253354617,-7.018576253354617,1.9814237466453761,41.98142374664534,-8.018576253354617,-8.018576253354617,0.028434286664381858,0.03008828561523913,0.0211307684701616,-0.007674589687832523,0.02708967820841579,0.014837892045024503,-0.028091931595446873,0.03246220410076006,0.04436560770361453,113,110,97,59,133,130,86,58,242,46.811072874000274,47.41503353000007,42.803622585000085,27.978912144999413,57.57390045200009,56.825021990000096,33.782871241000066,23.878378677999535,112.69471778499974
246,-4.460676986413436,-4.667851605468986,0.08222237557849003,-2.5196866132599127,636800.0,0.01,5.0,0.003,0.4460676986413589,0.4460676986413578,0.44606769864136037,0.4460676986413621,0.5460676986413624,1.4460676986413927,5.446067698641527,0.8921353972827178,0.22303384932067946,0.0,0.0,0.0,0.0,0.9999999999999997,9.999999999999993,49.99999999999996,0.0,0.0,9.999999999999655,9.99999999999968,9.999999999999623,9.999999999999584,9.999999999999655,9.999999999999655,9.999999999999655,4.999999999999828,19.99999999999931,-0.17412550474031202,-0.15461896375890358,-0.24153050531129872,-0.6595455916756618,-0.18718458785488082,-0.2890527716510956,-0.7992942234422971,-0.608030417137738,0.010675232552598543,-4.477274263500112,-4.477145711277346,-4.482300559492044,-4.515784832091938,-4.478519027851398,-4.488228888996115,-4.536864031614174,-4.513291073402975,-4.459613499445788,0.09531789792327755,0.10651167530516838,0.08952729615142727,0.08355426277430378,0.09531789792327755,0.09531789792327755,0.09531789792327755,0.08653199824643074,0.09962190166891735,4.460676986413436,4.460676986413436,4.460676986413436,4.460676986413436,5.460676986413436,14.460676986413429,54.46067698641339,4.460676986413436,4.460676986413436,-0.016597277086676243,-0.016468724863909934,-0.021623573078608516,-0.05510784567850191,-0.017842041437962308,-0.027551902582679588,-0.07618704520073827,-0.05261408698953929,0.0010634869676477976,171,113,91,65,129,102,94,55,256,74.28973599599976,47.20651283799998,38.88916828099991,29.662536456000453,53.41029508500014,40.09747185299966,38.82107261599958,21.679734839000048,116.99536650799928
247,-8.42259763868963,-8.442375745320644,0.08222237557849003,-0.2405440914576052,636800.0,0.01,5.0,0.003,0.8422597638689859,0.8422597638689837,0.8422597638689882,0.8422597638689936,0.9422597638689887,1.8422597638690124,5.842259763869118,1.6845195277379719,0.42112988193449297,0.0,0.0,0.0,0.0,0.9999999999999997,9.999999999999993,49.99999999999996,0.0,0.0,9.999999999999728,9.999999999999755,9.999999999999702,9.999999999999638,9.999999999999728,9.999999999999728,9.999999999999728,4.999999999999864,19.999999999999456,1.2232976531056903,0.545088231112592,1.9504261873726263,3.4538222166006918,1.210392293408245,1.106372087028394,0.6761543521556044,2.3025880794102482,0.1787957131977778,-8.305995477860847,-8.364539373952834,-8.247981256902053,-8.134016072212916,-8.307225589619154,-8.31714057703285,-8.358148027170333,-8.223350090853678,-8.404785669324252,0.09531789792349853,0.10651168273857761,0.08952729558189512,0.08355426202589598,0.09531789792349853,0.09531789792349853,0.09531789792349853,0.08653199832728428,0.09962190394171307,8.42259763868963,8.42259763868963,8.42259763868963,8.42259763868963,9.42259763868963,18.422597638689624,58.42259763868959,8.42259763868963,8.42259763868963,0.1166021608287835,0.05805826473679687,0.17461638178757788,0.28858156647671507,0.11537204907047638,0.10545706165678048,0.06444961151929718,0.19924754783595233,0.0178119693653791,119,112,100,53,109,90,91,56,227,50.91578330199991,48.98720730900004,45.05492204300026,25.635765408000225,45.06565525099995,35.77578980099952,35.65861729500011,22.424220292000427,105.11275025400028
248,7.0623371452600585,7.206909982171124,0.08222237557849003,1.758315007245877,636800.0,0.01,5.0,0.003,-0.7062337145260302,-0.7062337145260285,-0.7062337145260325,-0.7062337145260352,-0.6062337145260267,0.2937662854740036,4.293766285474137,-1.4124674290520605,-0.3531168572630151,0.0,0.0,0.0,0.0,0.9999999999999997,9.999999999999993,49.99999999999996,0.0,0.0,9.999999999999655,9.99999999999968,9.999999999999623,9.999999999999584,9.999999999999655,9.999999999999655,9.999999999999655,4.999999999999828,19.99999999999931,-0.10178265027684584,-0.1578392067698026,0.004337271566776466,0.7157626616573911,-0.11326186008763997,-0.21900531526610292,-0.6244940016653936,0.2707263356251339,-0.6193906092628899,7.0526354369906095,7.045525426918168,7.0627254494561065,7.122142166776215,7.051541262841624,7.041462018974869,7.002811689755617,7.085763636059635,7.00063227488942,0.09531789792327755,0.10651167530516838,0.08952729615142727,0.08355426277430378,0.09531789792327755,0.09531789792327755,0.09531789792327755,0.08653199824643074,0.09962190166891735,-7.0623371452600585,-7.0623371452600585,-7.0623371452600585,-7.0623371452600585,-6.0623371452600585,2.9376628547399344,42.9376628547399,-7.0623371452600585,-7.0623371452600585,-0.00970170826944905,-0.016811718341890547,0.0003883041960479616,0.05980502151615674,-0.01079588241843421,-0.020875126285189616,-0.059525455504441105,0.023426490799576705,-0.06170487037063843,104,117,95,65,120,129,128,58,218,42.50347114399938,50.67041957299989,43.16413943600037,31.358389596000052,51.58901099299965,55.86654901299971,55.84058049199939,23.813244762999602,101.6008663929997
249,7.276253523413843,7.16847877917135,0.08222237557849003,-1.3107714716854668,636800.0,0.01,5.0,0.003,-0.7276253523414066,-0.7276253523414041,-0.7276253523414088,-0.7276253523414141,-0.6276253523414036,0.2723746476586234,4.272374647658743,-1.4552507046828131,-0.3638126761707033,0.0,0.0,0.0,0.0,0.9999999999999996,9.999999999999993,49.99999999999996,0.0,0.0,9.999999999999693,9.999999999999726,9.999999999999662,9.99999999999959,9.999999999999693,9.999999999999693,9.999999999999693,4.999999999999846,19.999999999999385,-0.4044329159233975,-0.13808408435732764,-0.8215827490052853,-1.4482242260443567,-0.4180206902210166,-0.5393899890516427,-1.1071325879612084,-1.1978969908178996,0.3244240129141191,7.23770382793823,7.261545954974424,7.202699441235587,7.155248216686967,7.236408669852077,7.224840003391468,7.170723972191272,7.172597103245232,7.308573260123531,0.09531789811815024,0.10651168458603168,0.08952729626724758,0.08355426221351518,0.09531789811815024,0.09531789811815024,0.09531789811815024,0.08653199812935208,0.09962190042401006,-7.276253523413843,-7.276253523413843,-7.276253523413843,-7.276253523413843,-6.276253523413843,2.7237464765861503,42.723746476586115,-7.276253523413843,-7.276253523413843,-0.03854969547561282,-0.014707568439418672,-0.07355408217825588,-0.12100530672687526,-0.0398448535617657,-0.05141352002237465,-0.10552955122257046,-0.10365642016861099,0.03231973670968813,91,102,93,57,121,128,106,50,238,35.68955474999984,43.147204547,41.812087416000395,27.417482634000407,51.434492497000065,56.05492082799992,44.3360100230002,19.853439556000012,112.88107734799996
250,14.140833268751399,13.96161889287043,0.08222237557849003,-2.1796302359312127,636800.0,0.01,5.0,0.003,-1.4140833268751727,-1.4140833268751705,-1.4140833268751776,-1.4140833268751836,-1.3140833268751704,-0.4140833268751502,3.585916673124939,-2.8281666537503454,-0.7070416634375863,0.0,0.0,0.0,0.0,0.9999999999999996,9.999999999999993,49.99999999999996,0.0,0.0,9.999999999999767,9.999999999999783,9.999999999999734,9.999999999999691,9.999999999999767,9.999999999999767,9.999999999999767,4.999999999999884,19.999999999999535,-1.5696097615798599,-1.4208203843121636,-1.5527355893245351,-0.8702162139189927,-1.5810745406223248,-1.6880380928574579,-2.212261091762073,-1.3625506045213163,-1.5693514009966545,13.991221365529917,13.989499290004254,14.001821049515366,14.068122994758825,13.990128566890062,13.979933025923803,13.929965191562445,14.02292904202086,13.984491496787424,0.09531789804294594,0.1065116888933202,0.0895272963354344,0.08355426252646432,0.09531789804294594,0.09531789804294594,0.09531789804294594,0.0865319984001335,0.09962190231243696,-14.140833268751399,-14.140833268751399,-14.140833268751399,-14.140833268751399,-13.140833268751399,-4.140833268751406,35.85916673124856,-14.140833268751399,-14.140833268751399,-0.14961190322148177,-0.15133397874714483,-0.13901221923603302,-0.07271027399257335,-0.15070470186133633,-0.16090024282759607,-0.2108680771889535,-0.11790422673053946,-0.1563417719639748,122,97,81,56,94,127,99,55,204,52.50432550200003,38.42042360800042,34.09177263800029,27.336587275000056,37.11467485600042,55.29115805299989,40.28084678399955,22.52927987200019,95.36816392199944
251,-8.365118999138364,-8.0734849969355,0.08222237557849003,3.54689341132534,636800.0,0.01,5.0,0.003,0.8365118999138591,0.8365118999138569,0.8365118999138613,0.8365118999138667,0.9365118999138619,1.8365118999138856,5.83651189991399,1.6730237998277182,0.41825594995692955,0.0,0.0,0.0,0.0,0.9999999999999997,9.999999999999993,49.99999999999996,0.0,0.0,9.999999999999728,9.999999999999755,9.999999999999702,9.999999999999638,9.999999999999728,9.999999999999728,9.999999999999728,4.999999999999864,19.999999999999456,1.2672205701024137,0.9797058821210524,1.5080673468136285,2.1670887620423143,1.2577804569349291,1.1701254611735006,0.7057999590403023,1.7862699356601852,0.9372214213574942,-8.244330198190784,-8.260768877044768,-8.230105808022776,-8.184049496881306,-8.245230009934069,-8.253585099872542,-8.297843630688151,-8.210549492053739,-8.271751216727772,0.09531789792349853,0.10651168273857761,0.08952729558189512,0.08355426202589598,0.09531789792349853,0.09531789792349853,0.09531789792349853,0.08653199832728428,0.09962190394171307,8.365118999138364,8.365118999138364,8.365118999138364,8.365118999138364,9.365118999138364,18.365118999138357,58.36511899913832,8.365118999138364,8.365118999138364,0.12078880094757949,0.10435012209359584,0.13501319111558807,0.1810695022570581,0.11988898920429492,0.11153389926582236,0.06727536845021298,0.15456950708462536,0.09336778241059207,114,104,87,47,98,103,92,53,302,44.63354244599941,41.668598166000265,35.625760411000556,20.20909896500052,37.60562086699974,39.99072756199985,34.09843930199986,20.068201795999812,138.04969881100078
252,-4.533029863793804,-4.408167538414821,0.08222237557849003,1.5185930168094968,636800.0,0.01,5.0,0.003,0.453302986379396,0.45330298637939487,0.4533029863793974,0.4533029863793992,0.5533029863793995,1.4533029863794298,5.453302986379564,0.906605972758792,0.226651493189698,0.0,0.0,0.0,0.0,0.9999999999999997,9.999999999999993,49.99999999999996,0.0,0.0,9.999999999999655,9.99999999999968,9.999999999999623,9.999999999999584,9.999999999999655,9.999999999999655,9.999999999999655,4.999999999999828,19.99999999999931,1.5349405542000292,1.496449392743003,1.6463419606311365,1.6298248280248684,1.5231457664342778,1.4280479034838311,1.0862115870056512,1.7342143076421244,1.397601515633113,-4.386722556730266,-4.3736405319633445,-4.385637319517858,-4.396851051836929,-4.387846811106549,-4.396911339499981,-4.429494458620518,-4.38296483436598,-4.393798143031072,0.09531789792327755,0.10651167530516838,0.08952729615142727,0.08355426277430378,0.09531789792327755,0.09531789792327755,0.09531789792327755,0.08653199824643074,0.09962190166891735,4.533029863793804,4.533029863793804,4.533029863793804,4.533029863793804,5.533029863793804,14.533029863793796,54.53302986379376,4.533029863793804,4.533029863793804,0.14630730706353745,0.1593893318304591,0.14739254427594517,0.1361788119568743,0.14518305268725484,0.13611852429382232,0.10353540517328597,0.1500650294278234,0.13923172076273183,101,117,114,51,100,110,101,63,207,41.22125184299966,48.12785327999973,53.26779039599933,24.247447911000563,41.90653622300033,46.35835034000047,40.998238195999875,26.344076854999912,97.60394777300007
253,3.0107006635959217,3.156901421357839,0.08222237557849003,1.778114007693111,636800.0,0.01,5.0,0.003,-0.3010700663596004,-0.30107006635959954,-0.30107006635960115,-0.3010700663596031,-0.20107006635959768,0.6989299336404261,4.698929933640532,-0.6021401327192007,-0.1505350331798002,0.0,0.0,0.0,0.0,0.9999999999999997,9.999999999999993,49.99999999999996,0.0,0.0,9.999999999999728,9.999999999999755,9.999999999999702,9.999999999999638,9.999999999999728,9.999999999999728,9.999999999999728,4.999999999999864,19.999999999999456,1.3417968607160522,1.0143163987566948,1.6850047355277789,2.50535675438359,1.3504075259449255,1.2727420172310977,0.6749617639718415,1.8016093568066676,0.6604231738586526,3.138597919799725,3.1187372100568314,3.16155458061041,3.2200338983200365,3.1394186703090643,3.132015757277303,3.075036600116454,3.166597521445536,3.0764932775829497,0.09531789792349853,0.10651168273857761,0.08952729558189512,0.08355426202589598,0.09531789792349853,0.09531789792349853,0.09531789792349853,0.08653199832728428,0.09962190394171307,-3.0107006635959217,-3.0107006635959217,-3.0107006635959217,-3.0107006635959217,-2.010700663595922,6.989299336404072,46.98929933640404,-3.0107006635959217,-3.0107006635959217,0.12789725620380343,0.10803654646090965,0.15085391701448847,0.2093332347241148,0.1287180067131426,0.12131509368138138,0.06433593652053249,0.15589685784961427,0.06579261398702796,123,140,102,53,123,104,88,52,262,52.9362307600004,62.58481427700008,45.93862840899965,26.037779871000566,53.588675914000305,43.062872578999304,34.61292148499979,19.862230214000192,124.72718700899986
254,10.666607524991147,10.530565562079722,0.08222237557849003,-1.6545613277927909,636800.0,0.01,5.0,0.003,-1.0666607524991474,-1.0666607524991438,-1.0666607524991507,-1.0666607524991585,-0.9666607524991444,-0.0666607524991174,3.9333392475010016,-2.1333215049982948,-0.5333303762495737,0.0,0.0,0.0,0.0,0.9999999999999996,9.999999999999993,49.99999999999996,0.0,0.0,9.999999999999693,9.999999999999726,9.999999999999662,9.99999999999959,9.999999999999693,9.999999999999693,9.999999999999693,4.999999999999846,19.999999999999385,1.9395092318304117,1.9102968801212508,1.687199749206251,1.2027746629139187,1.9273216828406319,1.8662934853982258,1.382302694696793,1.4685466175463144,2.304772149462177,10.85147746834997,10.870076463752302,10.81765795680036,10.767104474560028,10.850315776797052,10.844498697290902,10.7983657124127,10.79368379815353,10.8962133065649,0.09531789811815024,0.10651168458603168,0.08952729626724758,0.08355426221351518,0.09531789811815024,0.09531789811815024,0.09531789811815024,0.08653199812935208,0.09962190042401006,-10.666607524991147,-10.666607524991147,-10.666607524991147,-10.666607524991147,-9.666607524991147,-0.6666075249911536,39.33339247500881,-10.666607524991147,-10.666607524991147,0.184869943358823,0.20346893876115502,0.15105043180921385,0.10049694956888189,0.18370825180590522,0.1778911722997556,0.13175818742155343,0.127076273162384,0.22960578157375267,91,106,82,48,113,151,107,55,216,34.83493831399937,45.390881902999354,34.587950314999944,21.501408051999533,45.529345192999244,64.41546101299991,42.684815868999976,21.70198326099944,94.79603408399998
255,-3.488276312502694,-3.6511860522243644,0.08222237557849003,-1.981330976823405,636800.0,0.01,5.0,0.003,0.3488276312502789,0.34882763125027794,0.3488276312502798,0.34882763125028204,0.4488276312502816,1.3488276312503054,5.34882763125041,0.6976552625005578,0.17441381562513944,0.0,0.0,0.0,0.0,0.9999999999999997,9.999999999999993,49.99999999999996,0.0,0.0,9.999999999999728,9.999999999999755,9.999999999999702,9.999999999999638,9.999999999999728,9.999999999999728,9.999999999999728,4.999999999999864,19.999999999999456,0.8156214485347041,0.75421057748907,0.7957918609972181,0.6348700013176329,0.8019496330770844,0.6703905477680898,0.17417385481210773,0.32208550139199077,1.2319528857492108,-3.410532990527047,-3.4079440747550986,-3.4170312193415295,-3.4352302180602194,-3.4118361592372652,-3.424376094701657,-3.471674426788771,-3.4604056104349996,-3.36554682045787,0.09531789792349853,0.10651168273857761,0.08952729558189512,0.08355426202589598,0.09531789792349853,0.09531789792349853,0.09531789792349853,0.08653199832728428,0.09962190394171307,3.488276312502694,3.488276312502694,3.488276312502694,3.488276312502694,4.488276312502694,13.488276312502688,53.48827631250265,3.488276312502694,3.488276312502694,0.07774332197564693,0.08033223774759524,0.07124509316116434,0.053046094442474434,0.07644015326542863,0.06390021780103705,0.016601885713922737,0.027870702067694264,0.12272949204482408,105,117,87,49,115,115,103,55,334,40.90075543900002,46.68743093500052,35.902382520000174,21.787366145000306,46.0798064519995,45.3258858449999,40.41652635199989,20.936162361999777,153.06098711699997
256,-4.763690548009186,-4.870190693481859,0.08222237557849003,-1.2952696236683998,636800.0,0.01,5.0,0.003,0.47636905480093156,0.4763690548009303,0.47636905480093283,0.4763690548009359,0.5763690548009343,1.476369054800958,5.476369054801063,0.9527381096018631,0.23818452740046578,0.0,0.0,0.0,0.0,0.9999999999999997,9.999999999999993,49.99999999999996,0.0,0.0,9.999999999999728,9.999999999999755,9.999999999999702,9.999999999999638,9.999999999999728,9.999999999999728,9.999999999999728,4.999999999999864,19.999999999999456,-0.25143171952352045,-0.05942174886869723,-0.5045570561451788,-1.161810103245504,-0.30183662257422894,-0.3711402022362745,-0.8685586838897338,-1.0422808829102426,0.38754232404762884,-4.787656490985459,-4.77001965847246,-4.808862176712626,-4.860764733800094,-4.79246098038929,-4.79906685192125,-4.846479735980756,-4.8538811956257355,-4.725082843829565,0.09531789792349853,0.10651168273857761,0.08952729558189512,0.08355426202589598,0.09531789792349853,0.09531789792349853,0.09531789792349853,0.08653199832728428,0.09962190394171307,4.763690548009186,4.763690548009186,4.763690548009186,4.763690548009186,5.763690548009186,14.76369054800918,54.763690548009144,4.763690548009186,4.763690548009186,-0.023965942976272636,-0.006329110463274112,-0.04517162870344027,-0.0970741857909081,-0.028770432380103905,-0.03537630391206381,-0.08278918797156987,-0.09019064761654949,0.038607704179621116,131,119,91,58,108,104,96,61,316,56.80374719699921,51.97524665099991,41.01384093900015,28.035176710000087,44.72857314200064,42.45995295699959,38.5635996459996,25.795211317000394,153.63909921399954
257,-7.0265290131425395,-7.006248465640389,0.08222237557849003,0.24665484741183202,636800.0,0.01,5.0,0.003,0.7026529013142703,0.7026529013142692,0.7026529013142727,0.7026529013142757,0.8026529013142726,1.7026529013142928,5.702652901314382,1.4053058026285405,0.35132645065713514,0.0,0.0,0.0,0.0,0.9999999999999996,9.999999999999993,49.99999999999996,0.0,0.0,9.999999999999767,9.999999999999783,9.999999999999734,9.999999999999691,9.999999999999767,9.999999999999767,9.999999999999767,4.999999999999884,19.999999999999535,0.2317961956995719,0.001753305596906212,0.3918320795619685,0.14816263449700706,0.2176803309811477,0.08368015094076868,-0.4846768889775345,0.1776962603483389,0.026943222700350582,-7.004434686994105,-7.026342265602267,-6.991449346441866,-7.014149393483164,-7.005780181548124,-7.018552797046949,-7.072727395429872,-7.011152600626367,-7.023844878042703,0.09531789804294594,0.1065116888933202,0.0895272963354344,0.08355426252646432,0.09531789804294594,0.09531789804294594,0.09531789804294594,0.0865319984001335,0.09962190231243696,7.0265290131425395,7.0265290131425395,7.0265290131425395,7.0265290131425395,8.02652901314254,17.026529013142532,57.02652901314249,7.0265290131425395,7.0265290131425395,0.02209432614843454,0.00018674754027259155,0.03507966670067386,0.012379619659375507,0.020748831594415762,0.007976216095590516,-0.04619838228733286,0.015376412516172167,0.00268413509983656,127,110,82,48,123,109,79,55,287,60.41227323400017,44.99191573799999,33.246153809000134,20.838160882999546,49.82867537600032,42.30021351200048,27.617235991000598,20.93158368100012,136.15565453600084
258,-4.692441795960637,-4.774112954591279,0.08222237557849003,-0.9932960225976221,636800.0,0.01,5.0,0.003,0.46924417959607984,0.46924417959607867,0.46924417959608133,0.46924417959608317,0.5692441795960833,1.4692441795961135,5.469244179596248,0.9384883591921597,0.23462208979803992,0.0,0.0,0.0,0.0,0.9999999999999997,9.999999999999993,49.99999999999996,0.0,0.0,9.999999999999655,9.99999999999968,9.999999999999623,9.999999999999584,9.999999999999655,9.999999999999655,9.999999999999655,4.999999999999828,19.99999999999931,-0.08436195895756242,-0.668770600632981,0.5918984430114798,2.0424627731299747,-0.09668038290761174,-0.20660015047082958,-0.6922495699552568,0.8472468506878226,-1.1827393390868342,-4.700483000553161,-4.763673673028899,-4.639450728761579,-4.5217853247078015,-4.701657166829808,-4.712134488014149,-4.7584255698070645,-4.619127832962624,-4.8102685380991055,0.09531789792327755,0.10651167530516838,0.08952729615142727,0.08355426277430378,0.09531789792327755,0.09531789792327755,0.09531789792327755,0.08653199824643074,0.09962190166891735,4.692441795960637,4.692441795960637,4.692441795960637,4.692441795960637,5.692441795960637,14.69244179596063,54.69244179596059,4.692441795960637,4.692441795960637,-0.008041204592524664,-0.0712318770682625,0.05299106719905744,0.17065647125283512,-0.009215370869171124,-0.019692692053512317,-0.06598377384642795,0.07331396299801263,-0.11782674213846889,130,142,110,70,123,96,95,63,241,63.43981451200034,60.958786818999215,47.79844562100061,32.35430831699978,49.58696129300006,35.49992967399976,36.39286275900031,24.84794360000069,124.43992345199968
259,5.964355029958976,6.020383119597383,0.08222237557849003,0.6814214408694934,636800.0,0.01,5.0,0.003,-0.5964355029959139,-0.5964355029959122,-0.5964355029959154,-0.5964355029959192,-0.4964355029959111,0.4035644970041127,4.4035644970042185,-1.1928710059918277,-0.29821775149795693,0.0,0.0,0.0,0.0,0.9999999999999997,9.999999999999993,49.99999999999996,0.0,0.0,9.999999999999728,9.999999999999755,9.999999999999702,9.999999999999638,9.999999999999728,9.999999999999728,9.999999999999728,4.999999999999864,19.999999999999456,-0.7917623963931174,-0.8010277511824738,-0.7006322571055688,-0.012579866539346547,-0.8011105698310343,-0.9186070837716657,-1.3985753216339127,-0.5907360951396944,-0.7311619905392487,5.888885902679912,5.879036216260232,5.901629318782875,5.963303928493897,5.887994854438386,5.876795333716226,5.831045770213151,5.913237455162482,5.891515280371643,0.09531789792349853,0.10651168273857761,0.08952729558189512,0.08355426202589598,0.09531789792349853,0.09531789792349853,0.09531789792349853,0.08653199832728428,0.09962190394171307,-5.964355029958976,-5.964355029958976,-5.964355029958976,-5.964355029958976,-4.964355029958976,4.035644970041017,44.035644970040984,-5.964355029958976,-5.964355029958976,-0.07546912727906374,-0.08531881369874394,-0.0627257111761006,-0.0010511014650793626,-0.07636017552059027,-0.08755969624275028,-0.13330925974582541,-0.05111757479649448,-0.07283974958733275,110,105,115,69,117,149,90,65,206,51.657008897000196,42.24520494399985,50.79864258900034,31.76070382800026,46.14793989000009,62.539590450000105,33.174801778000074,26.545842730000004,110.10327572499955
260,-2.861612373285207,-2.7229429469920006,0.08222237557849003,1.6865169039154244,636800.0,0.01,5.0,0.003,0.2861612373285339,0.28616123732853316,0.2861612373285348,0.2861612373285364,0.38616123732853846,1.2861612373285793,5.28616123732876,0.5723224746570678,0.14308061866426694,0.0,0.0,0.0,0.0,0.9999999999999996,9.999999999999993,49.99999999999996,0.0,0.0,9.999999999999538,9.999999999999565,9.999999999999506,9.999999999999451,9.999999999999538,9.999999999999538,9.999999999999538,4.999999999999769,19.999999999999076,1.405066895141817,1.3971525747895923,1.39669784302223,1.492590557611009,1.3936824273842987,1.292413870853925,0.7888808977233611,1.7306049549687317,1.4466556985470453,-2.72768434940963,-2.712799287154398,-2.7365697920802114,-2.7369000706007585,-2.728769492953266,-2.738422198958752,-2.786417903847069,-2.7118596682334566,-2.7174937754017017,0.09531789862721018,0.10651169300762994,0.089527295992971,0.08355426211730745,0.09531789862721018,0.09531789862721018,0.09531789862721018,0.08653199831758017,0.09962190590909173,2.861612373285207,2.861612373285207,2.861612373285207,2.861612373285207,3.8616123732852063,12.8616123732852,52.86161237328516,2.861612373285207,2.861612373285207,0.13392802387557667,0.1488130861308088,0.12504258120499534,0.12471230268444833,0.1328428803319408,0.12319017432645474,0.0751944694381379,0.1497527050517502,0.14411859788350512,98,103,92,64,126,110,109,57,253,40.89519628200014,43.471032381999976,41.173478042999704,31.040876462000597,54.60300000499956,46.17748249299984,44.942204913999376,25.5034156469992,137.08257592100017
261,1.7472983098819799,1.6336110785270916,0.08222237557849003,-1.3826799646084371,636800.0,0.01,5.0,0.003,-0.17472983098820274,-0.17472983098820227,-0.1747298309882032,-0.17472983098820433,-0.07472983098820005,0.8252701690118237,4.8252701690119295,-0.3494596619764055,-0.08736491549410137,0.0,0.0,0.0,0.0,0.9999999999999997,9.999999999999993,49.99999999999996,0.0,0.0,9.999999999999728,9.999999999999755,9.999999999999702,9.999999999999638,9.999999999999728,9.999999999999728,9.999999999999728,4.999999999999864,19.999999999999456,-0.6213816760161421,-0.6427510225437654,-0.4898178517703609,-0.5323479949633673,-0.6512539944141754,-0.9593505471775733,-1.4072013596476043,-0.4853986790422701,-0.548749439158137,1.6880695147159408,1.678837816888902,1.7034462422852459,1.7028183660218503,1.6852221481201388,1.6558550323532555,1.6131668343252812,1.7052957921990282,1.692630845966099,0.09531789792349853,0.10651168273857761,0.08952729558189512,0.08355426202589598,0.09531789792349853,0.09531789792349853,0.09531789792349853,0.08653199832728428,0.09962190394171307,-1.7472983098819799,-1.7472983098819799,-1.7472983098819799,-1.7472983098819799,-0.7472983098819802,8.252701690118013,48.25270169011798,-1.7472983098819799,-1.7472983098819799,-0.05922879516603907,-0.06846049299307788,-0.04385206759673399,-0.044479943860129545,-0.06207616176184105,-0.09144327752872439,-0.1341314755566987,-0.04200251768295171,-0.05466746391588084,124,122,123,54,118,104,97,58,250,55.410144442000274,50.22125526800028,53.35460264199992,24.228481930999806,46.52344240699949,39.610193588000584,36.63651689800008,23.30165947400019,135.6325078279997
262,8.571127619363171,8.63756734811839,0.08222237557849003,0.8080492480029957,636800.0,0.01,5.0,0.003,-0.8571127619363434,-0.8571127619363406,-0.857112761936346,-0.8571127619363523,-0.7571127619363404,0.14288723806368656,4.142887238063806,-1.714225523872687,-0.4285563809681717,0.0,0.0,0.0,0.0,0.9999999999999996,9.999999999999993,49.99999999999996,0.0,0.0,9.999999999999693,9.999999999999726,9.999999999999662,9.99999999999959,9.999999999999693,9.999999999999693,9.999999999999693,4.999999999999846,19.999999999999385,0.8025649282381766,1.0808277604964773,0.5038473633082162,-0.6199029810556642,0.7892524280386277,0.7224605301205886,0.2096632125840008,0.20011142864016823,1.1320007662055653,8.647626421426178,8.686248404880999,8.616235711531537,8.519332083137106,8.64635750188846,8.63999103856759,8.591112276099377,8.588443661131924,8.683899686974005,0.09531789811815024,0.10651168458603168,0.08952729626724758,0.08355426221351518,0.09531789811815024,0.09531789811815024,0.09531789811815024,0.08653199812935208,0.09962190042401006,-8.571127619363171,-8.571127619363171,-8.571127619363171,-8.571127619363171,-7.571127619363171,1.4288723806368218,41.42887238063679,-8.571127619363171,-8.571127619363171,0.07649880206300708,0.11512078551782778,0.0451080921683662,-0.0517955362260647,0.07522988252528862,0.06886341920441907,0.019984656736205864,0.01731604176875301,0.11277206761083391,104,110,86,99,151,116,88,61,262,44.396081554000375,44.87884117900012,36.30543904299975,47.03680547099975,64.1073714840004,46.70235857999978,34.098421628000324,28.42531536200022,141.42047349899985
263,-9.330120037959913,-9.171625499051572,0.08222237557849003,1.9276326887082122,636800.0,0.01,5.0,0.003,0.9330120037960109,0.9330120037960095,0.9330120037960142,0.93301200379602,1.033012003796013,1.9330120037960312,5.933012003796112,1.8660240075920218,0.46650600189800545,0.0,0.0,0.0,0.0,0.9999999999999996,9.999999999999993,49.99999999999996,0.0,0.0,9.99999999999979,9.999999999999806,9.999999999999755,9.999999999999693,9.99999999999979,9.99999999999979,9.99999999999979,4.999999999999895,19.99999999999958,-1.116243307735899,-1.232082273145253,-0.9392639894967783,-0.42816185328381956,-1.1335959973097587,-1.2377530850687581,-1.5674379289427591,-0.6280510838384143,-1.8729051324251251,-9.436518003696772,-9.461351179603133,-9.414209803256924,-9.365894785908175,-9.438172025591395,-9.448100060257163,-9.479524926573824,-9.384466553282776,-9.516702407922324,0.09531789798826935,0.1065116709359135,0.08952729609282942,0.08355426265531224,0.09531789798826935,0.09531789798826935,0.09531789798826935,0.08653199830611982,0.09962190114819908,9.330120037959913,9.330120037959913,9.330120037959913,9.330120037959913,10.330120037959913,19.330120037959908,59.33012003795987,9.330120037959913,9.330120037959913,-0.10639796573685878,-0.13123114164321947,-0.08408976529701029,-0.03577474794826152,-0.10805198763148205,-0.11798002229724958,-0.1494048886139101,-0.05434651532286239,-0.1865823699624105,104,130,76,44,117,101,85,54,192,48.41708271200059,56.886055847000534,31.438879225000164,19.36306592800065,46.98188294600004,39.221922890000315,31.76194654200026,21.175412051999956,103.71123359600006
264,11.446284982561064,11.448640297181518,0.08222237557849003,0.028645664928586227,636800.0,0.01,5.0,0.003,-1.1446284982561374,-1.1446284982561346,-1.1446284982561405,-1.1446284982561479,-1.0446284982561347,-0.14462849825611104,3.855371501743994,-2.289256996512275,-0.5723142491280687,0.0,0.0,0.0,0.0,0.9999999999999997,9.999999999999993,49.99999999999996,0.0,0.0,9.999999999999728,9.999999999999755,9.999999999999702,9.999999999999638,9.999999999999728,9.999999999999728,9.999999999999728,4.999999999999864,19.999999999999456,1.105731785074106,0.8707311306268203,1.3550511434298036,1.331813005425547,1.0947190890452876,1.011061133802173,0.565984927485434,1.3533337411539121,0.7939940767056709,11.551681011981525,11.53902802049699,11.567599046807489,11.557563635385886,11.550631304945588,11.542657204507236,11.50023347610536,11.563391655586852,11.525384184200925,0.09531789792349853,0.10651168273857761,0.08952729558189512,0.08355426202589598,0.09531789792349853,0.09531789792349853,0.09531789792349853,0.08653199832728428,0.09962190394171307,-11.446284982561064,-11.446284982561064,-11.446284982561064,-11.446284982561064,-10.446284982561064,-1.446284982561071,38.55371501743889,-11.446284982561064,-11.446284982561064,0.10539602942046145,0.09274303793592686,0.12131406424642499,0.11127865282482219,0.10434632238452402,0.09637222194617223,0.05394849354429532,0.1171066730257877,0.0790992016398615,126,104,86,57,127,114,104,64,249,57.049800622000475,40.59470490199965,34.658125633000054,25.14505302500038,50.3941201079997,44.26509533400076,40.0336010889996,26.739435772000434,132.54971547700006
265,10.060395945967066,10.00907408345082,0.08222237557849003,-0.6241836501945192,636800.0,0.01,5.0,0.003,-1.0060395945967413,-1.0060395945967389,-1.0060395945967444,-1.0060395945967484,-0.9060395945967379,-0.00603959459670754,3.993960405403427,-2.0120791891934826,-0.5030197972983707,0.0,0.0,0.0,0.0,0.9999999999999997,9.999999999999993,49.99999999999996,0.0,0.0,9.999999999999655,9.99999999999968,9.999999999999623,9.999999999999584,9.999999999999655,9.999999999999655,9.999999999999655,4.999999999999828,19.99999999999931,-0.5965712750877935,-0.4783357658896391,-0.6364555542075478,-0.8294199116083147,-0.6092759432739624,-0.6403604744775456,-1.2087195733875582,-0.6054469375412208,-0.6525887473350411,10.003532026064288,10.00944760218378,10.003415801078306,9.991094376722305,10.00232104379897,9.999358131626714,9.945183337053043,10.008005412629442,9.995383813949813,0.09531789792327755,0.10651167530516838,0.08952729615142727,0.08355426277430378,0.09531789792327755,0.09531789792327755,0.09531789792327755,0.08653199824643074,0.09962190166891735,-10.060395945967066,-10.060395945967066,-10.060395945967066,-10.060395945967066,-9.060395945967066,-0.06039594596707332,39.93960405403289,-10.060395945967066,-10.060395945967066,-0.05686391990277784,-0.050948343783286276,-0.05698014488875991,-0.06930156924476094,-0.05807490216809619,-0.06103781434035227,-0.11521260891402285,-0.05239053333762378,-0.06501213201725342,98,102,87,57,94,100,86,52,218,43.203457363999405,43.20615261399962,37.34891729300034,27.068541283999366,36.2888907610004,40.08803830600027,33.317377430000306,20.490698134000013,117.88436807200014
266,-15.360004681553464,-15.394124288123916,0.08222237557849003,-0.4149674140451027,636800.0,0.01,5.0,0.003,1.5360004681554147,1.5360004681554102,1.5360004681554207,1.5360004681554305,1.636000468155419,2.536000468155458,6.536000468155632,3.0720009363108294,0.7680002340777073,0.0,0.0,0.0,0.0,0.9999999999999996,9.999999999999993,49.99999999999995,0.0,0.0,9.999999999999556,9.999999999999584,9.999999999999517,9.999999999999453,9.999999999999556,9.999999999999556,9.999999999999556,4.999999999999778,19.999999999999112,-0.34094403281621916,-0.4851904214965655,-0.2168998430658402,-0.3386611911791829,-0.3498111033788514,-0.4442367736344437,-0.9356368849057473,-0.4355217497138124,-0.6802359778522344,-15.39250274984048,-15.411683135196224,-15.37942313809957,-15.388301267700061,-15.393347940361252,-15.402348396696171,-15.449187622009582,-15.39769124879421,-15.427771083482067,0.09531789724717991,0.1065116938693018,0.08952729643152046,0.08355426273695954,0.09531789724717991,0.09531789724717991,0.09531789724717991,0.08653199815051763,0.09962190200901685,15.360004681553464,15.360004681553464,15.360004681553464,15.360004681553464,16.360004681553463,25.360004681553455,65.36000468155342,15.360004681553464,15.360004681553464,-0.032498068287015514,-0.05167845364275969,-0.019418456546105745,-0.028296586146597136,-0.03334325880778799,-0.04234371514270663,-0.08918294045611752,-0.037686567240745816,-0.06776640192860306,96,130,93,53,97,107,96,47,197,42.26680225200016,58.58849120300056,41.467726287000005,25.564257447999807,39.89383941300002,44.57231822199992,38.007923334000225,21.308714304000205,105.17978571200001
267,7.741336661699997,7.52580158361064,0.08222237557849003,-2.621367682129363,636800.0,0.01,5.0,0.003,-0.7741336661700263,-0.7741336661700244,-0.7741336661700288,-0.7741336661700319,-0.6741336661700229,0.22586633383000743,4.225866333830142,-1.5482673323400526,-0.38706683308501316,0.0,0.0,0.0,0.0,0.9999999999999997,9.999999999999993,49.99999999999996,0.0,0.0,9.999999999999655,9.99999999999968,9.999999999999623,9.999999999999584,9.999999999999655,9.999999999999655,9.999999999999655,4.999999999999828,19.99999999999931,-0.09641254220721135,-0.23732706536456805,0.04644008478716465,0.15747876135111935,-0.10909889157066208,-0.2365938288445917,-0.8069580068318319,-0.16605305262618503,-0.16188650916208872,7.732146820843366,7.716058558372757,7.7454943169240345,7.7544946835073,7.7309375846897215,7.71878503527291,7.6644191207764285,7.726967759241333,7.725209219802727,0.09531789792327755,0.10651167530516838,0.08952729615142727,0.08355426277430378,0.09531789792327755,0.09531789792327755,0.09531789792327755,0.08653199824643074,0.09962190166891735,-7.741336661699997,-7.741336661699997,-7.741336661699997,-7.741336661699997,-6.741336661699997,2.2586633382999963,42.25866333829996,-7.741336661699997,-7.741336661699997,-0.00918984085663066,-0.025278103327239343,0.004157655224037882,0.0131580218073033,-0.010399077010275093,-0.02255162642708619,-0.07691754092356806,-0.014368902458663513,-0.01612744189726989,126,131,103,46,123,122,102,54,223,57.156105772000046,58.744850948999556,46.728374016999624,21.248874517999866,53.23385221099943,51.24011679799969,44.86658783199982,24.391521575999832,121.02476964300058
268,5.302027747812909,5.21061360515076,0.08222237557849003,-1.1117915533209635,636800.0,0.01,5.0,0.003,-0.5302027747813092,-0.5302027747813078,-0.5302027747813108,-0.530202774781313,-0.43020277478130575,0.4697972252187246,4.469797225218859,-1.0604055495626183,-0.2651013873906546,0.0,0.0,0.0,0.0,0.9999999999999997,9.999999999999993,49.99999999999996,0.0,0.0,9.999999999999655,9.99999999999968,9.999999999999623,9.999999999999584,9.999999999999655,9.999999999999655,9.999999999999655,4.999999999999828,19.99999999999931,-2.4378717957065246,-2.2360671199449955,-2.531711904126224,-2.7108662429330956,-2.451534710668299,-2.592039282112812,-3.0565347067170383,-2.44062118262181,-2.394033463324804,5.069654932839717,5.063860492772765,5.075370426402107,5.075523317404888,5.0683526125060565,5.054960012107355,5.0106852846390995,5.090835919918077,5.063529581537468,0.09531789792327755,0.10651167530516838,0.08952729615142727,0.08355426277430378,0.09531789792327755,0.09531789792327755,0.09531789792327755,0.08653199824643074,0.09962190166891735,-5.302027747812909,-5.302027747812909,-5.302027747812909,-5.302027747812909,-4.302027747812909,4.697972252187084,44.69797225218705,-5.302027747812909,-5.302027747812909,-0.23237281497319184,-0.23816725504014435,-0.2266573214108023,-0.22650443040802148,-0.2336751353068527,-0.24706773570555463,-0.29134246317380974,-0.21119182789483215,-0.2384981662754413,119,113,116,57,106,131,108,53,216,52.69862545000069,46.162446295000336,50.220197728999665,25.549819650000245,41.174143655999615,53.2839554279999,42.26414122299957,23.066941581999345,114.62054526400061
269,-9.957234231128584,-9.871213906596898,0.08222237557849003,1.0461911848991863,636800.0,0.01,5.0,0.003,0.9957234231128891,0.9957234231128856,0.9957234231128921,0.9957234231128993,1.095723423112892,1.995723423112919,5.995723423113038,1.9914468462257782,0.49786171155644454,0.0,0.0,0.0,0.0,0.9999999999999996,9.999999999999993,49.99999999999996,0.0,0.0,9.999999999999693,9.999999999999726,9.999999999999662,9.99999999999959,9.999999999999693,9.999999999999693,9.999999999999693,4.999999999999846,19.999999999999385,-0.34026951191885624,-0.2577512177459832,-0.2740682832879347,0.0031470798616762305,-0.35299770852070933,-0.46230869992062706,-0.9503137114775705,-0.2589658224625496,-0.19640016876882482,-9.989668005798379,-9.98468774753481,-9.98177082352396,-9.956971279192615,-9.990881230745302,-10.001300524686753,-10.047816136659485,-9.97964306119348,-9.976799989184931,0.09531789811815024,0.10651168458603168,0.08952729626724758,0.08355426221351518,0.09531789811815024,0.09531789811815024,0.09531789811815024,0.08653199812935208,0.09962190042401006,9.957234231128584,9.957234231128584,9.957234231128584,9.957234231128584,10.957234231128584,19.957234231128577,59.95723423112854,9.957234231128584,9.957234231128584,-0.032433774669794246,-0.02745351640622573,-0.024536592395374868,0.00026295193596936883,-0.033646999616717466,-0.04406629355816882,-0.09058190553090029,-0.02240883006489547,-0.019565758056346638,94,116,88,48,96,88,90,49,250,40.41735061200052,47.315486714000144,36.7201879510003,21.528855621999355,36.76084625000021,33.00252551799986,35.82410196299952,21.80329582200011,134.33854658699966
270,3.9297348225698965,4.052610945849836,0.08222237557849003,1.494436549849395,636800.0,0.01,5.0,0.003,-0.39297348225700035,-0.3929734822569993,-0.39297348225700135,-0.3929734822570039,-0.29297348225699765,0.6070265177430262,4.607026517743131,-0.7859469645140007,-0.19648674112850018,0.0,0.0,0.0,0.0,0.9999999999999997,9.999999999999993,49.99999999999996,0.0,0.0,9.999999999999728,9.999999999999755,9.999999999999702,9.999999999999638,9.999999999999728,9.999999999999728,9.999999999999728,4.999999999999864,19.999999999999456,1.5158051625010893,1.246965159081808,1.7042849338633952,1.883093520783232,1.500648944015531,1.4043480015427265,0.9544816849010613,1.9603270276668026,1.126753168042961,4.074218184321087,4.062551179980078,4.082314843599655,4.087075312024686,4.072773525434575,4.063594322030015,4.020714010381145,4.09936583764889,4.041984118442693,0.09531789792349853,0.10651168273857761,0.08952729558189512,0.08355426202589598,0.09531789792349853,0.09531789792349853,0.09531789792349853,0.08653199832728428,0.09962190394171307,-3.9297348225698965,-3.9297348225698965,-3.9297348225698965,-3.9297348225698965,-2.929734822569897,6.070265177430096,46.07026517743006,-3.9297348225698965,-3.9297348225698965,0.14448336175119092,0.1328163574101815,0.15258002102975876,0.15734048945478918,0.14303870286467824,0.13385949946011877,0.09097918781124825,0.16963101507899392,0.11224929587279675,115,152,149,55,115,120,93,57,288,55.16998111999965,69.27016172700041,70.66487999899982,25.88781921899954,48.56446707000032,54.33575132900023,39.90215639100006,26.24247630500031,149.45971495100002
271,0.4691864704805695,0.33655736562000665,0.08222237557849003,-1.613053672159523,636800.0,0.01,5.0,0.003,-0.046918647048058044,-0.04691864704805797,-0.0469186470480582,-0.0469186470480584,0.053081352951944244,0.9530813529519646,4.953081352952053,-0.09383729409611609,-0.023459323524029022,0.0,0.0,0.0,0.0,0.9999999999999996,9.999999999999993,49.99999999999996,0.0,0.0,9.999999999999767,9.999999999999783,9.999999999999734,9.999999999999691,9.999999999999767,9.999999999999767,9.999999999999767,4.999999999999884,19.999999999999535,-1.1074567112616143,-1.0417498147379822,-1.1883826054766582,-1.681544645837514,-0.9970772661219953,-1.088952814048529,-1.5374416060257554,-1.6633570659451802,-0.7843988634146892,0.3636260245895587,0.35822793830852356,0.3627937888001851,0.3286862476922914,0.3741471612874139,0.36538977717751275,0.3226407682304235,0.3252528595113504,0.39104316353548474,0.09531789804294594,0.1065116888933202,0.0895272963354344,0.08355426252646432,0.09531789804294594,0.09531789804294594,0.09531789804294594,0.0865319984001335,0.09962190231243696,-0.4691864704805695,-0.4691864704805695,-0.4691864704805695,-0.4691864704805695,0.5308135295194301,9.530813529519424,49.530813529519385,-0.4691864704805695,-0.4691864704805695,-0.10556044589101077,-0.11095853217204593,-0.1063926816803844,-0.14050022278827812,-0.09503930919315562,-0.10379669330305674,-0.14654570225014601,-0.14393361096921908,-0.07814330694508476,122,118,102,86,115,111,95,57,421,57.568409067000175,49.2982894200004,44.96331355300026,41.82236287999967,48.41723074699985,46.04978236700026,43.75890001300013,25.17463707800016,219.3822286499999
272,-17.88005831889217,-17.902449132156796,0.08222237557849003,-0.2723201939507414,636800.0,0.01,5.0,0.003,1.7880058318892658,1.7880058318892609,1.7880058318892704,1.788005831889282,1.8880058318892685,2.788005831889292,6.788005831889397,3.5760116637785315,0.8940029159446329,0.0,0.0,0.0,0.0,0.9999999999999997,9.999999999999993,49.99999999999996,0.0,0.0,9.999999999999728,9.999999999999755,9.999999999999702,9.999999999999638,9.999999999999728,9.999999999999728,9.999999999999728,4.999999999999864,19.999999999999456,-0.4110568100428796,-0.48338726216949957,-0.27817472933226345,-0.493391352330842,-0.4322417913812995,-0.5740382158239632,-1.1025713863067488,-0.5474753543945985,-0.5296532365960626,-17.919239389952597,-17.93154470960024,-17.904962550108515,-17.921283269226134,-17.921258697841324,-17.934774434952267,-17.98515310574553,-17.927432455342874,-17.93282338275076,0.09531789792349853,0.10651168273857761,0.08952729558189512,0.08355426202589598,0.09531789792349853,0.09531789792349853,0.09531789792349853,0.08653199832728428,0.09962190394171307,17.88005831889217,17.88005831889217,17.88005831889217,17.88005831889217,18.88005831889217,27.880058318892164,67.88005831889213,17.88005831889217,17.88005831889217,-0.03918107106042612,-0.051486390708067375,-0.02490423121634322,-0.04122495033396234,-0.04120037894915285,-0.05471611606009574,-0.10509478685335694,-0.047374136450702764,-0.052765063858590366,84,98,104,44,89,84,94,48,322,35.21082079000007,40.60346590100016,46.66593517000001,20.10298089400021,34.46407632499995,31.678481359000216,38.50249209499998,20.723697714999616,173.15678764899985
273,17.98822932095249,17.830606328526322,0.08222237557849003,-1.917032818830461,636800.0,0.01,5.0,0.003,-1.798822932095311,-1.7988229320953066,-1.7988229320953169,-1.798822932095324,-1.6988229320953077,-0.7988229320952774,3.201177067904857,-3.597645864190622,-0.8994114660476555,0.0,0.0,0.0,0.0,0.9999999999999997,9.999999999999993,49.99999999999996,0.0,0.0,9.999999999999655,9.99999999999968,9.999999999999623,9.999999999999584,9.999999999999655,9.999999999999655,9.999999999999655,4.999999999999828,19.99999999999931,-0.2158578902057655,-0.3551818734253061,-0.1740417294558217,-0.6096703720988774,-0.22666190044663728,-0.31098960238455087,-0.7758301404801848,-0.19925901023363654,-0.8937933607957431,17.967654200607925,17.950398304575934,17.972647835496794,17.937288762476435,17.966624385062623,17.9585864457772,17.9142788228164,17.97098704062837,17.899187926650967,0.09531789792327755,0.10651167530516838,0.08952729615142727,0.08355426277430378,0.09531789792327755,0.09531789792327755,0.09531789792327755,0.08653199824643074,0.09962190166891735,-17.98822932095249,-17.98822932095249,-17.98822932095249,-17.98822932095249,-16.98822932095249,-7.988229320952499,32.011770679047466,-17.98822932095249,-17.98822932095249,-0.02057512034456721,-0.037831016376557614,-0.01558148545569793,-0.05094055847605716,-0.02160493588986867,-0.029642875175291294,-0.07395049813609234,-0.01724228032412256,-0.08904139430152469,84,112,77,56,102,109,105,50,241,32.16610980899986,48.49355687099978,33.25880830500046,26.794308582000667,42.360044021999784,45.88451010300014,47.71286125300048,21.811669517000155,129.35475185199994
274,25.425790857312865,25.268504396799866,0.08222237557849003,-1.912939870763678,636800.0,0.01,5.0,0.003,-2.5425790857313557,-2.542579085731349,-2.5425790857313624,-2.542579085731379,-2.442579085731353,-1.542579085731329,2.457420914268776,-5.085158171462711,-1.2712895428656779,0.0,0.0,0.0,0.0,0.9999999999999997,9.999999999999993,49.99999999999996,0.0,0.0,9.999999999999728,9.999999999999755,9.999999999999702,9.999999999999638,9.999999999999728,9.999999999999728,9.999999999999728,4.999999999999864,19.999999999999456,0.16969710047026781,0.5155520725153863,-0.3236335715201796,-1.6131369759742076,0.1598160859831201,0.06307773700071036,-0.3967690290990093,-0.5701264495334815,0.6914124883274783,25.441966028213404,25.48070317609584,25.396816818895154,25.291006387738655,25.441024190683137,25.431803294609544,25.387971667498,25.376456676335494,25.494670685809126,0.09531789792349853,0.10651168273857761,0.08952729558189512,0.08355426202589598,0.09531789792349853,0.09531789792349853,0.09531789792349853,0.08653199832728428,0.09962190394171307,-25.425790857312865,-25.425790857312865,-25.425790857312865,-25.425790857312865,-24.425790857312865,-15.425790857312872,24.574209142687092,-25.425790857312865,-25.425790857312865,0.01617517090053866,0.05491231878297498,-0.028974038417711512,-0.13478446957421042,0.015233333370272106,0.006012437296678996,-0.037819189814864984,-0.049334180977371744,0.06887982849626084,112,93,80,59,96,89,96,48,236,47.94591129899982,37.99968822399933,33.022282973000074,28.16502207999929,38.855250513999636,34.8794878610006,41.981350983000084,20.65077819399994,121.02331817699996
275,5.948473822326833,6.021788861638367,0.08222237557849003,0.8916677339436219,636800.0,0.01,5.0,0.003,-0.5948473822326995,-0.594847382232698,-0.5948473822327011,-0.5948473822327048,-0.49484738223269675,0.405152617767327,4.405152617767432,-1.189694764465399,-0.29742369111634975,0.0,0.0,0.0,0.0,0.9999999999999997,9.999999999999993,49.99999999999996,0.0,0.0,9.999999999999728,9.999999999999755,9.999999999999702,9.999999999999638,9.999999999999728,9.999999999999728,9.999999999999728,4.999999999999864,19.999999999999456,0.5594161034374904,0.3209878211859418,0.7895028349026597,1.2405897711185034,0.549843328061652,0.45023282958629535,-0.00887183201127492,0.9401791673155461,0.16414313764165722,6.001796189371049,5.9826627752999375,6.019155875989908,6.052130385129515,6.0008837325449305,5.991389069219148,5.947628177948788,6.02982940446033,5.964826074217662,0.09531789792349853,0.10651168273857761,0.08952729558189512,0.08355426202589598,0.09531789792349853,0.09531789792349853,0.09531789792349853,0.08653199832728428,0.09962190394171307,-5.948473822326833,-5.948473822326833,-5.948473822326833,-5.948473822326833,-4.948473822326833,4.05152617767316,44.051526177673125,-5.948473822326833,-5.948473822326833,0.053322367044216,0.034188952973104314,0.07068205366307456,0.10365656280268176,0.052409910218097266,0.04291524689231441,-0.0008456443780451295,0.08135558213349636,0.016352251890828562,130,126,116,58,117,120,87,53,249,60.62224289200003,53.77716658600002,50.08489185000053,26.085822566999923,47.19514964800055,52.01375515299969,38.46339488000012,23.29764001500007,128.34180795599968
276,-4.812684056830104,-4.698258082369926,0.08222237557849003,1.3916646612934005,636800.0,0.01,5.0,0.003,0.4812684056830216,0.4812684056830208,0.48126840568302326,0.4812684056830253,0.581268405683024,1.481268405683044,5.481268405683134,0.9625368113660432,0.2406342028415108,0.0,0.0,0.0,0.0,0.9999999999999996,9.999999999999993,49.99999999999996,0.0,0.0,9.999999999999767,9.999999999999783,9.999999999999734,9.999999999999691,9.999999999999767,9.999999999999767,9.999999999999767,4.999999999999884,19.999999999999535,0.6351835519078513,0.5834160535785601,0.5300278522614398,0.5342417040686519,0.583372202913775,0.4874065715762063,0.05493567655679234,0.8630020983065394,0.3908738288594139,-4.752139695790795,-4.750543427635976,-4.76523209623466,-4.768045885235766,-4.75707824467168,-4.7662254869351415,-4.8074477036131436,-4.738006760640131,-4.773744462434983,0.09531789804294594,0.1065116888933202,0.0895272963354344,0.08355426252646432,0.09531789804294594,0.09531789804294594,0.09531789804294594,0.0865319984001335,0.09962190231243696,4.812684056830104,4.812684056830104,4.812684056830104,4.812684056830104,5.812684056830104,14.812684056830097,54.812684056830065,4.812684056830104,4.812684056830104,0.060544361039308825,0.062140629194128216,0.047451960595443765,0.044638171594337805,0.05560581215842397,0.046458569894962665,0.0052363532169605875,0.07467729618997332,0.038939594395120736,130,114,79,57,109,113,97,51,225,62.04076121900016,48.07821337400037,34.01523447100044,27.375585793000027,45.34641710999949,47.65963528799966,48.8855141490003,22.508306777000143,115.97793921900029
277,-13.502624122436476,-13.473188626694817,0.08222237557849003,0.35799860481480966,636800.0,0.01,5.0,0.003,1.3502624122436844,1.3502624122436806,1.350262412243688,1.3502624122436966,1.4502624122436871,2.3502624122437106,6.350262412243816,2.7005248244873687,0.6751312061218422,0.0,0.0,0.0,0.0,0.9999999999999997,9.999999999999993,49.99999999999996,0.0,0.0,9.999999999999728,9.999999999999755,9.999999999999702,9.999999999999638,9.999999999999728,9.999999999999728,9.999999999999728,4.999999999999864,19.999999999999456,-1.3088393242821958,-0.8722457259474494,-1.6683950100789144,-2.2394692291963714,-1.3142605702480432,-1.4079903354588899,-2.1240853957271826,-1.9702380429332156,-0.0668699170668862,-13.627379935546667,-13.595528482468671,-13.65199101565117,-13.689741321211681,-13.627896677316258,-13.636830801509019,-13.705087477367194,-13.673112757471925,-13.509285830891104,0.09531789792349853,0.10651168273857761,0.08952729558189512,0.08355426202589598,0.09531789792349853,0.09531789792349853,0.09531789792349853,0.08653199832728428,0.09962190394171307,13.502624122436476,13.502624122436476,13.502624122436476,13.502624122436476,14.502624122436476,23.50262412243647,63.50262412243643,13.502624122436476,13.502624122436476,-0.12475581311019113,-0.09290436003219504,-0.14936689321469387,-0.18711719877520494,-0.12527255487978195,-0.1342066790725429,-0.20246335493071754,-0.17048863503544887,-0.006661708454627657,137,117,103,42,110,92,78,53,274,64.70237554600044,47.509808812999836,44.3137217200001,18.160504168000443,43.19613403399944,36.44267227099954,34.42999539700031,25.99538617000053,143.45501844700084
278,-3.7173820479986066,-3.7075431991426115,0.08222237557849003,0.11966145208980045,636800.0,0.01,5.0,0.003,0.37173820479987074,0.3717382047998698,0.37173820479987174,0.37173820479987413,0.4717382047998735,1.3717382047998972,5.371738204800002,0.7434764095997415,0.18586910239993537,0.0,0.0,0.0,0.0,0.9999999999999997,9.999999999999993,49.99999999999996,0.0,0.0,9.999999999999728,9.999999999999755,9.999999999999702,9.999999999999638,9.999999999999728,9.999999999999728,9.999999999999728,4.999999999999864,19.999999999999456,-0.024505089099303018,0.1187599841308069,-0.17827896957267314,-0.567313223011773,-0.03815597547562215,-0.17168793123768164,-0.5306549839977133,-0.15686302462316676,-0.010185442715648413,-3.71971782157998,-3.7047327222468276,-3.733342882003575,-3.764783485684888,-3.7210189953741635,-3.7337469807030166,-3.7679629655958964,-3.7309557189829112,-3.7183967411944288,0.09531789792349853,0.10651168273857761,0.08952729558189512,0.08355426202589598,0.09531789792349853,0.09531789792349853,0.09531789792349853,0.08653199832728428,0.09962190394171307,3.7173820479986066,3.7173820479986066,3.7173820479986066,3.7173820479986066,4.717382047998607,13.7173820479986,53.71738204799856,3.7173820479986066,3.7173820479986066,-0.0023357735813736014,0.012649325751779017,-0.015960834004968394,-0.047401437686281245,-0.003636947375556865,-0.016364932704409973,-0.050580917597289776,-0.01357367098430462,-0.0010146931958221472,98,120,88,61,101,88,120,56,277,42.87876618500013,51.826334327999575,38.197115645999475,28.311259802999302,40.52637041399976,35.52971558900026,59.49480227999993,24.709310919999552,138.8993342620006
279,-9.113961953852751,-9.099150452643107,0.08222237557849003,0.1801395435906033,636800.0,0.01,5.0,0.003,0.9113961953853065,0.9113961953853043,0.9113961953853095,0.911396195385313,1.01139619538531,1.9113961953853402,5.911396195385475,1.822792390770613,0.45569809769265324,0.0,0.0,0.0,0.0,0.9999999999999997,9.999999999999993,49.99999999999996,0.0,0.0,9.999999999999655,9.99999999999968,9.999999999999623,9.999999999999584,9.999999999999655,9.999999999999655,9.999999999999655,4.999999999999828,19.99999999999931,-0.7599105028419995,-0.7426088082007268,-0.7725863591792452,-0.8907323357392539,-0.7779612021934916,-0.8992515853391114,-1.3711721551001863,-0.6858732865883189,-0.9850246579662334,-9.186395025593471,-9.193058462110585,-9.183129521633544,-9.188386437494678,-9.1881155803117,-9.19967672467145,-9.244659201367831,-9.173311939885085,-9.212091983470122,0.09531789792327755,0.10651167530516838,0.08952729615142727,0.08355426277430378,0.09531789792327755,0.09531789792327755,0.09531789792327755,0.08653199824643074,0.09962190166891735,9.113961953852751,9.113961953852751,9.113961953852751,9.113961953852751,10.113961953852751,19.113961953852744,59.11396195385271,9.113961953852751,9.113961953852751,-0.07243307174072022,-0.07909650825783388,-0.06916756778079325,-0.074424483641927,-0.07415362645894952,-0.08571477081869894,-0.13069724751508005,-0.0593499860323341,-0.09813002961737105,111,106,95,52,95,96,81,51,196,50.0770981099995,42.7469356900001,42.32882658700055,23.92537797299974,38.17100728500009,42.5828362809998,37.3383721299997,23.042437283000254,98.75704339300046
280,-1.9679506051689086,-1.9546622282268105,0.08222237557849003,0.16161509380634465,636800.0,0.01,5.0,0.003,0.1967950605168969,0.19679506051689624,0.19679506051689752,0.19679506051689893,0.2967950605168999,1.1967950605169269,5.196795060517046,0.3935901210337938,0.09839753025844845,0.0,0.0,0.0,0.0,0.9999999999999996,9.999999999999993,49.99999999999996,0.0,0.0,9.999999999999693,9.999999999999726,9.999999999999662,9.99999999999959,9.999999999999693,9.999999999999693,9.999999999999693,4.999999999999846,19.999999999999385,-1.8153000906243904,-1.6376166618004393,-1.848074904178893,-1.3873567291330633,-1.8256030342868916,-1.8135378968501092,-2.4034197557049515,-1.5414367587339546,-1.5324531012224198,-2.140981194260913,-2.142375914523427,-2.1334037546393976,-2.0838701730985774,-2.1419632491952525,-2.140813225654272,-2.1970395245783427,-2.1013342078921897,-2.120616495423354,0.09531789811815024,0.10651168458603168,0.08952729626724758,0.08355426221351518,0.09531789811815024,0.09531789811815024,0.09531789811815024,0.08653199812935208,0.09962190042401006,1.9679506051689086,1.9679506051689086,1.9679506051689086,1.9679506051689086,2.967950605168908,11.967950605168902,51.967950605168866,1.9679506051689086,1.9679506051689086,-0.17303058909200453,-0.1744253093545185,-0.16545314947048895,-0.11591956792966873,-0.17401264402634387,-0.17286262048536316,-0.2290889194094341,-0.1333836027232811,-0.15266589025444532,100,107,89,51,97,97,87,53,229,43.25757714700012,44.98211551899931,36.61661411200021,22.26249588599967,37.39911947600012,39.112141806999716,39.07996822199948,23.016282132000015,116.11070186100005
281,-3.350677785080296,-3.2439866902500936,0.08222237557849003,1.2975919763879167,636800.0,0.01,5.0,0.003,0.3350677785080387,0.3350677785080378,0.3350677785080396,0.33506777850804176,0.4350677785080414,1.3350677785080654,5.33506777850817,0.6701355570160774,0.16753388925401935,0.0,0.0,0.0,0.0,0.9999999999999997,9.999999999999993,49.99999999999996,0.0,0.0,9.999999999999728,9.999999999999755,9.999999999999702,9.999999999999638,9.999999999999728,9.999999999999728,9.999999999999728,4.999999999999864,19.999999999999456,-0.21906469306985019,-0.1082406526979392,-0.3012473632318446,-0.5468283119234794,-0.23022978746021147,-0.3536045184589259,-0.7792746335305386,-0.04898548545737885,-0.42107298874413346,-3.3715585711329705,-3.3622066791398755,-3.37764764681162,-3.396367621137929,-3.372622804460377,-3.3843826244760518,-3.4249566050535316,-3.354916597025955,-3.392625877917414,0.09531789792349853,0.10651168273857761,0.08952729558189512,0.08355426202589598,0.09531789792349853,0.09531789792349853,0.09531789792349853,0.08653199832728428,0.09962190394171307,3.350677785080296,3.350677785080296,3.350677785080296,3.350677785080296,4.350677785080296,13.35067778508029,53.35067778508025,3.350677785080296,3.350677785080296,-0.020880786052674516,-0.011528894059579464,-0.026969861731323874,-0.04568983605763277,-0.0219450193800812,-0.03370483939575575,-0.0742788199732356,-0.0042388119456591156,-0.04194809283711809,103,109,95,61,103,100,83,56,260,46.5811861910006,43.00108414599981,39.94782298800055,27.69675197000015,40.04971224400015,43.48584747699988,36.67856642899915,24.769173486999534,132.49877026000013
282,-14.09774434813859,-14.130401409362184,0.08222237557849003,-0.3971797335436877,636800.0,0.01,5.0,0.003,1.4097744348139076,1.409774434813904,1.409774434813912,1.4097744348139176,1.509774434813911,2.4097744348139414,6.409774434814076,2.8195488696278153,0.7048872174069538,0.0,0.0,0.0,0.0,0.9999999999999997,9.999999999999993,49.99999999999996,0.0,0.0,9.999999999999655,9.99999999999968,9.999999999999623,9.999999999999584,9.999999999999655,9.999999999999655,9.999999999999655,4.999999999999828,19.99999999999931,0.0031866620357932844,-0.18698388601159624,0.28661915376966635,1.1987573272308876,-0.007999820952420045,-0.11053753608550718,-0.5249029392059331,0.4725305230501962,-0.46697811507610304,-14.097440602211947,-14.117660315092756,-14.072084110276382,-13.997583063416519,-14.098506874255538,-14.10828055371988,-14.14777699291745,-14.056855337746626,-14.144265596000238,0.09531789792327755,0.10651167530516838,0.08952729615142727,0.08355426277430378,0.09531789792327755,0.09531789792327755,0.09531789792327755,0.08653199824643074,0.09962190166891735,14.09774434813859,14.09774434813859,14.09774434813859,14.09774434813859,15.09774434813859,24.097744348138583,64.09774434813855,14.09774434813859,14.09774434813859,0.0003037459266437281,-0.019915966954165754,0.02566023786220839,0.10016128472207164,-0.0007625261169472708,-0.010536205581288982,-0.05003264477885949,0.040889010391964575,-0.04652124786164791,124,111,76,52,108,96,84,57,301,61.746134479999455,47.611708976000045,32.37869838700044,24.73460903999967,45.1052963230004,46.03633431200069,37.760299762000614,25.220591031999902,152.8253876079998
283,18.234830636534635,18.087565152384492,0.08222237557849003,-1.7910633585326472,636800.0,0.01,5.0,0.003,-1.8234830636535264,-1.8234830636535218,-1.8234830636535322,-1.8234830636535393,-1.723483063653523,-0.8234830636534927,3.1765169363466415,-3.646966127307053,-0.9117415318267632,0.0,0.0,0.0,0.0,0.9999999999999997,9.999999999999993,49.99999999999996,0.0,0.0,9.999999999999655,9.99999999999968,9.999999999999623,9.999999999999584,9.999999999999655,9.999999999999655,9.999999999999655,4.999999999999828,19.99999999999931,-0.1798434622007254,0.08765712394514584,-0.311266209382237,-0.5447455222716353,-0.18595121472278298,-0.21685555328103226,-0.7253081891076038,-0.1852119330454555,0.10387373091605034,18.217688335762418,18.244167143658466,18.20696381442534,18.189314826021626,18.21710615763098,18.214160421042898,18.16569578460236,18.218803877869128,18.245178735141938,0.09531789792327755,0.10651167530516838,0.08952729615142727,0.08355426277430378,0.09531789792327755,0.09531789792327755,0.09531789792327755,0.08653199824643074,0.09962190166891735,-18.234830636534635,-18.234830636534635,-18.234830636534635,-18.234830636534635,-17.234830636534635,-8.234830636534642,31.765169363465322,-18.234830636534635,-18.234830636534635,-0.017142300772217567,0.009336507123830273,-0.027866822109295697,-0.04551581051300957,-0.017724478903655694,-0.02067021549173731,-0.06913485193227586,-0.0160267586655074,0.010348098607302347,133,115,92,89,114,96,135,51,336,63.061749988000884,49.301687164000214,41.211026341000434,43.839697862999856,51.789347715000076,43.27272803800042,64.1302471629997,20.91588350299935,178.25043079700026
284,-5.140734072305728,-5.388515404246471,0.08222237557849003,-3.01355111911367,636800.0,0.01,5.0,0.003,0.5140734072305886,0.5140734072305868,0.5140734072305901,0.5140734072305939,0.6140734072305917,1.5140734072306186,5.514073407230738,1.0281468144611772,0.2570367036152943,0.0,0.0,0.0,0.0,0.9999999999999996,9.999999999999993,49.99999999999996,0.0,0.0,9.999999999999693,9.999999999999726,9.999999999999662,9.99999999999959,9.999999999999693,9.999999999999693,9.999999999999693,4.999999999999846,19.999999999999385,-0.6211113197559427,-0.6879572395176125,-0.744939784446962,-1.3568727440019885,-0.6324445701874428,-0.7336115936233297,-1.3367801653904452,-1.3739998028282074,-0.2624301522660574,-5.1999370978022545,-5.214009556809905,-5.2074265170891705,-5.254106573348442,-5.201017359412232,-5.21066038744501,-5.268153147916778,-5.259629020673788,-5.166877862803035,0.09531789811815024,0.10651168458603168,0.08952729626724758,0.08355426221351518,0.09531789811815024,0.09531789811815024,0.09531789811815024,0.08653199812935208,0.09962190042401006,5.140734072305728,5.140734072305728,5.140734072305728,5.140734072305728,6.140734072305728,15.14073407230572,55.14073407230568,5.140734072305728,5.140734072305728,-0.059203025496526784,-0.07327548450417698,-0.06669244478344272,-0.11337250104271401,-0.06028328710650399,-0.06992631513928238,-0.12741907561105048,-0.11889494836806058,-0.026143790497306973,101,132,85,50,94,101,90,51,214,46.42221910599983,56.13319514700015,36.21904869900027,23.007893717000115,36.425408258999596,51.11654226399969,40.42802984300033,24.36019319800016,107.58229475000007
285,1.9431299225373424,2.017901547720616,0.08222237557849003,0.9093829344774433,636800.0,0.01,5.0,0.003,-0.19431299225373952,-0.194312992253739,-0.19431299225374005,-0.19431299225374127,-0.09431299225373684,0.805687007746287,4.805687007746392,-0.38862598450747904,-0.09715649612686976,0.0,0.0,0.0,0.0,0.9999999999999997,9.999999999999993,49.99999999999996,0.0,0.0,9.999999999999728,9.999999999999755,9.999999999999702,9.999999999999638,9.999999999999728,9.999999999999728,9.999999999999728,4.999999999999864,19.999999999999456,0.495039161567027,0.4509177205279629,0.4333076913876174,-0.012713805279321758,0.48438906912830065,0.35355358424151956,-0.053861260832030966,0.20323336477535994,0.6514920853989565,1.9903160148077226,1.9911579277274194,1.9819227883021102,1.9420676299196877,1.9893008703837722,1.9768299069905626,1.937995980375324,1.9607161117181322,2.0080328044877436,0.09531789792349853,0.10651168273857761,0.08952729558189512,0.08355426202589598,0.09531789792349853,0.09531789792349853,0.09531789792349853,0.08653199832728428,0.09962190394171307,-1.9431299225373424,-1.9431299225373424,-1.9431299225373424,-1.9431299225373424,-0.9431299225373427,8.056870077462651,48.05687007746261,-1.9431299225373424,-1.9431299225373424,0.047186092270380176,0.048028005190076994,0.038792865764767814,-0.0010622926176546699,0.04617094784642983,0.0336999844532202,-0.005133942162018457,0.017586189180789802,0.06490288195040117,129,109,79,106,102,127,91,70,227,61.88427001799937,46.70236951300012,34.23134465000021,54.33616823000011,48.71453520799969,64.65540322800007,38.873382687999765,31.740759522999724,116.93426305599951
286,2.5628027685961072,2.6104120627420118,0.08222237557849003,0.5790308758527218,636800.0,0.01,5.0,0.003,-0.2562802768596177,-0.256280276859617,-0.25628027685961835,-0.25628027685962,-0.156280276859615,0.7437197231404088,4.743719723140514,-0.5125605537192354,-0.12814013842980884,0.0,0.0,0.0,0.0,0.9999999999999997,9.999999999999993,49.99999999999996,0.0,0.0,9.999999999999728,9.999999999999755,9.999999999999702,9.999999999999638,9.999999999999728,9.999999999999728,9.999999999999728,4.999999999999864,19.999999999999456,1.6597114309283516,1.4411790870847097,1.7345566734659483,2.291174829456292,1.6485289075424918,1.5348588928077245,0.988767495310642,2.007323621981813,1.4981712544733188,2.7210029733517995,2.7163051782891467,2.718092936605042,2.754240190643636,2.719937078729179,2.709102291867728,2.6570500077842003,2.7365004928957557,2.712053441397484,0.09531789792349853,0.10651168273857761,0.08952729558189512,0.08355426202589598,0.09531789792349853,0.09531789792349853,0.09531789792349853,0.08653199832728428,0.09962190394171307,-2.5628027685961072,-2.5628027685961072,-2.5628027685961072,-2.5628027685961072,-1.5628027685961077,7.437197231403886,47.43719723140385,-2.5628027685961072,-2.5628027685961072,0.1582002047556923,0.15350240969303952,0.1552901680089347,0.19143742204752856,0.15713431013307178,0.14629952327162066,0.09424723918809308,0.17369772429964847,0.14925067280137672,107,122,90,52,166,105,102,52,260,48.224149431000114,49.92735594200076,37.31458490299974,23.74913689799996,86.37644256799922,45.61451044400019,44.126295733000006,21.728775409000264,138.10129856899948
287,-3.1388999193988596,-2.9607575094412777,0.08222237557849003,2.166592836855291,636800.0,0.01,5.0,0.003,0.3138899919398945,0.31388999193989364,0.3138899919398953,0.31388999193989736,0.41388999193989723,1.313889991939921,5.313889991940026,0.627779983879789,0.15694499596994724,0.0,0.0,0.0,0.0,0.9999999999999997,9.999999999999993,49.99999999999996,0.0,0.0,9.999999999999728,9.999999999999755,9.999999999999702,9.999999999999638,9.999999999999728,9.999999999999728,9.999999999999728,4.999999999999864,19.999999999999456,0.5375778434530951,0.5369708628925443,0.5734043873463028,0.8205545714562881,0.52526785086689,0.4116912135024835,-0.08903181312505686,0.9722130093695164,0.33764977700699395,-3.087659129390663,-3.0817062492105887,-3.0875645753249517,-3.070339087728854,-3.088832492007434,-3.0996583783342286,-3.1473862446742578,-3.0547723848983326,-3.105262605747928,0.09531789792349853,0.10651168273857761,0.08952729558189512,0.08355426202589598,0.09531789792349853,0.09531789792349853,0.09531789792349853,0.08653199832728428,0.09962190394171307,3.1388999193988596,3.1388999193988596,3.1388999193988596,3.1388999193988596,4.13889991939886,13.138899919398852,53.13889991939882,3.1388999193988596,3.1388999193988596,0.05124079000819659,0.05719367018827093,0.05133534407390794,0.06856083167000548,0.05006742739142567,0.03924154106463096,-0.008486325275398166,0.08412753450052701,0.03363731365093159,102,112,116,66,105,106,83,62,256,47.0549548580002,47.80465312800061,53.01352139699975,36.08180106199961,48.781579301999955,48.62071836399991,33.632971269000336,27.83100827599992,131.88734526499957
288,-0.999663313104278,-0.9664636873086733,0.08222237557849003,0.4037784795443203,636800.0,0.01,5.0,0.003,0.09996633131043052,0.09996633131043026,0.09996633131043078,0.09996633131043142,0.1999663313104332,1.099966331310457,5.099966331310562,0.19993266262086104,0.04998316565521526,0.0,0.0,0.0,0.0,0.9999999999999997,9.999999999999993,49.99999999999996,0.0,0.0,9.999999999999728,9.999999999999755,9.999999999999702,9.999999999999638,9.999999999999728,9.999999999999728,9.999999999999728,4.999999999999864,19.999999999999456,-0.12728685709796178,-0.012532433156715088,-0.21093757543642722,-0.1818653265245612,-0.13116824358344015,-0.139530413860653,-0.6578063856761862,-0.00019298628169513423,-0.15847113122133394,-1.0117960287561445,-1.0009981636486085,-1.0185479837697033,-1.0148589362501363,-1.012165994356969,-1.0129630588498713,-1.0623640350275863,-0.9996800125928829,-1.0154505089163444,0.09531789792349853,0.10651168273857761,0.08952729558189512,0.08355426202589598,0.09531789792349853,0.09531789792349853,0.09531789792349853,0.08653199832728428,0.09962190394171307,0.999663313104278,0.999663313104278,0.999663313104278,0.999663313104278,1.9996633131042776,10.999663313104271,50.999663313104236,0.999663313104278,0.999663313104278,-0.012132715651866466,-0.0013348505443304681,-0.018884670665425318,-0.015195623145858317,-0.01250268125269094,-0.013299745745593228,-0.06270072192330822,-1.669948860483217e-05,-0.015787195812066335,104,125,93,70,110,95,79,60,266,47.72063781399993,54.487387725999724,47.97058966700024,39.38573648900001,52.383641571000226,40.62860825300049,30.591950418000124,27.862061285999516,142.14929688899974
289,-11.17585593666254,-11.177453623166052,0.08222237557849003,-0.01943128609786938,636800.0,0.01,5.0,0.003,1.1175855936662844,1.1175855936662813,1.1175855936662873,1.1175855936662944,1.2175855936662872,2.117585593666311,6.1175855936664165,2.235171187332569,0.5587927968331422,0.0,0.0,0.0,0.0,0.9999999999999997,9.999999999999993,49.99999999999996,0.0,0.0,9.999999999999728,9.999999999999755,9.999999999999702,9.999999999999638,9.999999999999728,9.999999999999728,9.999999999999728,4.999999999999864,19.999999999999456,-0.5847638805033675,-0.5354714625082204,-0.5129493542581764,-0.39088222093130515,-0.5973036436271278,-0.7667524582131566,-1.3265103078432283,-0.6697618576770591,-0.11405606801345482,-11.231594400533709,-11.232889903192778,-11.221778905119754,-11.208515812171498,-11.232789664395124,-11.248941169207093,-11.30229611078001,-11.23381176861073,-11.187218419314146,0.09531789792349853,0.10651168273857761,0.08952729558189512,0.08355426202589598,0.09531789792349853,0.09531789792349853,0.09531789792349853,0.08653199832728428,0.09962190394171307,11.17585593666254,11.17585593666254,11.17585593666254,11.17585593666254,12.17585593666254,21.175855936662533,61.1758559366625,11.17585593666254,11.17585593666254,-0.055738463871168875,-0.057033966530237734,-0.045922968457214,-0.032659875508958436,-0.056933727732584316,-0.07308523254455324,-0.12644017411746944,-0.057955831948190095,-0.011362482651605887,90,119,95,56,103,106,90,48,212,40.354339400000754,56.30553613400025,43.84501466899928,28.219390251999357,48.189192345000265,48.4434991549997,37.83168655099962,20.346843633999015,107.57785259999946
290,-11.109178583673824,-10.983746583215865,0.08222237557849003,1.5255214845771605,636800.0,0.01,5.0,0.003,1.1109178583674184,1.1109178583674149,1.1109178583674215,1.1109178583674282,1.2109178583674216,2.1109178583674497,6.110917858367576,2.221835716734837,0.5554589291837092,0.0,0.0,0.0,0.0,0.9999999999999997,9.999999999999993,49.99999999999996,0.0,0.0,9.999999999999677,9.999999999999707,9.999999999999648,9.999999999999588,9.999999999999677,9.999999999999677,9.999999999999677,4.999999999999838,19.999999999999353,1.2729386118281878,1.2119097469102198,1.2370199599966505,0.9116143806407745,1.2619997227299047,1.0991185759767257,0.6707862431683592,1.136395235394343,1.4347256474761128,-10.98784475037466,-10.98009603826388,-10.998431532172038,-11.033009315887718,-10.988887422294574,-11.004412910895587,-11.0452406486849,-11.010844033069487,-10.96624848745783,0.09531789842159448,0.10651168186330792,0.08952729550304568,0.08355426307839384,0.09531789842159448,0.09531789842159448,0.09531789842159448,0.08653199832381683,0.0996219008612745,11.109178583673824,11.109178583673824,11.109178583673824,11.109178583673824,12.109178583673824,21.109178583673817,61.10917858367378,11.109178583673824,11.109178583673824,0.1213338332991647,0.12908254540994335,0.11074705150178588,0.07616926778610633,0.12029116137924944,0.10476567277823712,0.06393793498892464,0.09833455060433671,0.14293009621599317,102,108,88,53,107,154,87,54,357,39.889435315999435,48.024178480000046,41.65302964999955,29.966312884000217,51.09871667400057,76.75682508599948,40.07578918800027,25.36224938899977,190.19813521799915
291,-5.6245215177098205,-5.4060360511003545,0.08222237557849003,2.6572507188252947,636800.0,0.01,5.0,0.003,0.5624521517709973,0.5624521517709958,0.5624521517709988,0.5624521517710024,0.662452151771,1.5624521517710237,5.562452151771129,1.1249043035419946,0.28122607588549864,0.0,0.0,0.0,0.0,0.9999999999999997,9.999999999999993,49.99999999999996,0.0,0.0,9.999999999999728,9.999999999999755,9.999999999999702,9.999999999999638,9.999999999999728,9.999999999999728,9.999999999999728,4.999999999999864,19.999999999999456,-0.9618509501653997,-0.8197363232906016,-1.1037696552526524,-1.5797671087705194,-0.9740536758077565,-1.2541534823410132,-1.684232667992038,-0.9640445771684194,-1.6450140230744454,-5.716203128395306,-5.711833012905437,-5.723339029889951,-5.756517792655925,-5.717366266552473,-5.744064791320001,-5.785059035236907,-5.707942221448786,-5.788400946699314,0.09531789792349853,0.10651168273857761,0.08952729558189512,0.08355426202589598,0.09531789792349853,0.09531789792349853,0.09531789792349853,0.08653199832728428,0.09962190394171307,5.6245215177098205,5.6245215177098205,5.6245215177098205,5.6245215177098205,6.6245215177098205,15.624521517709812,55.62452151770978,5.6245215177098205,5.6245215177098205,-0.09168161068548564,-0.08731149519561665,-0.09881751218013068,-0.1319962749461041,-0.09284474884265226,-0.11954327361018091,-0.16053751752708667,-0.08342070373896515,-0.16387942898949337,101,101,101,50,100,100,84,53,165,44.690538340000785,44.967796545000056,49.57336896200013,26.44287663400064,46.218748254000275,43.99718366399884,34.08153814399884,25.1641366570002,83.2196559870008
292,3.203915079256661,2.950101638158307,0.08222237557849003,-3.086914472035193,636800.0,0.01,5.0,0.003,-0.32039150792567594,-0.3203915079256749,-0.32039150792567694,-0.3203915079256793,-0.2203915079256729,0.679608492074354,4.679608492074474,-0.6407830158513519,-0.16019575396283797,0.0,0.0,0.0,0.0,0.9999999999999996,9.999999999999993,49.99999999999996,0.0,0.0,9.999999999999693,9.999999999999726,9.999999999999662,9.99999999999959,9.999999999999693,9.999999999999693,9.999999999999693,4.999999999999846,19.999999999999385,0.4694886850562792,0.6022644220637537,0.2147144319739875,-0.42836881467113125,0.45080739815729487,0.3315691653191102,0.042869536029832574,-0.10108021032128736,0.8754409595065789,3.24866575390648,3.2680632774169043,3.22313788182085,3.1681230389915367,3.2468850929051265,3.235519555175668,3.208001313324325,3.195168406686225,3.2911281713517253,0.09531789811815024,0.10651168458603168,0.08952729626724758,0.08355426221351518,0.09531789811815024,0.09531789811815024,0.09531789811815024,0.08653199812935208,0.09962190042401006,-3.203915079256661,-3.203915079256661,-3.203915079256661,-3.203915079256661,-2.2039150792566615,6.796084920743332,46.7960849207433,-3.203915079256661,-3.203915079256661,0.044750674649818745,0.0641481981602432,0.019222802564188957,-0.03579204026512439,0.04297001364846542,0.03160447591900706,0.004086234067663952,-0.008746672570436154,0.08721309209506423,118,119,109,53,111,115,98,62,409,39.24140579699997,57.27361611199922,54.23569096600022,27.905475339000077,49.71310647700011,55.03516683200087,46.99290925200148,28.519564542999433,214.38705829799983
293,-2.059375604439767,-2.2643323377167794,0.08222237557849003,-2.4927123770750153,636800.0,0.01,5.0,0.003,0.20593756044398148,0.20593756044398115,0.20593756044398218,0.20593756044398306,0.30593756044398374,1.2059375604440041,5.205937560444093,0.41187512088796296,0.10296878022199074,0.0,0.0,0.0,0.0,0.9999999999999996,9.999999999999993,49.99999999999996,0.0,0.0,9.999999999999767,9.999999999999783,9.999999999999734,9.999999999999691,9.999999999999767,9.999999999999767,9.999999999999767,4.999999999999884,19.999999999999535,0.9112849057622441,0.9158657618555481,0.7730591317892447,0.48393132894776875,0.8967591856260374,0.7991784184391506,0.3669050763959691,0.21643632565996665,1.6445818692892218,-1.9725138427042457,-1.961825195344965,-1.9901657104632575,-2.0189410791360842,-1.973898403815189,-1.9831995974328611,-2.0244029837764166,-2.040646936654028,-1.895539230112631,0.09531789804294594,0.1065116888933202,0.0895272963354344,0.08355426252646432,0.09531789804294594,0.09531789804294594,0.09531789804294594,0.0865319984001335,0.09962190231243696,2.059375604439767,2.059375604439767,2.059375604439767,2.059375604439767,3.0593756044397664,12.05937560443976,52.05937560443972,2.059375604439767,2.059375604439767,0.08686176173552118,0.09755040909480184,0.06920989397650934,0.040434525303682634,0.08547720062457786,0.07617600700690574,0.03497262066335027,0.018728667785739006,0.16383637432713583,116,119,106,54,106,103,96,65,381,42.15565116500147,56.026712064000094,49.84002758299994,27.986945818000095,46.38842208500046,48.02315215300041,43.89193153999986,29.815505065000252,200.9969071780015
294,-4.615549234120762,-4.6353525405010085,0.08222237557849003,-0.2408505743225893,636800.0,0.01,5.0,0.003,0.4615549234120887,0.4615549234120875,0.4615549234120899,0.46155492341209287,0.5615549234120915,1.4615549234121152,5.461554923412221,0.9231098468241774,0.23077746170604435,0.0,0.0,0.0,0.0,0.9999999999999997,9.999999999999993,49.99999999999996,0.0,0.0,9.999999999999728,9.999999999999755,9.999999999999702,9.999999999999638,9.999999999999728,9.999999999999728,9.999999999999728,4.999999999999864,19.999999999999456,0.3407495532769271,0.2975399607950674,0.3892128351921991,0.3695181807869767,0.32891106185418434,0.2379993380745873,-0.19638358487381552,0.5073517553132858,0.33759506082942564,-4.583069702984034,-4.5838577522145085,-4.580704061580242,-4.584674415219954,-4.584198123101035,-4.592863637508308,-4.634268104617615,-4.571647072878648,-4.581917371399616,0.09531789792349853,0.10651168273857761,0.08952729558189512,0.08355426202589598,0.09531789792349853,0.09531789792349853,0.09531789792349853,0.08653199832728428,0.09962190394171307,4.615549234120762,4.615549234120762,4.615549234120762,4.615549234120762,5.615549234120762,14.615549234120754,54.61554923412072,4.615549234120762,4.615549234120762,0.03247953113672786,0.03169148190625304,0.03484517254051944,0.030874818900807455,0.03135111101972665,0.02268559661245373,-0.018718870496853057,0.04390216124211399,0.03363186272114582,111,118,90,68,113,105,111,55,270,47.085115178000706,53.377207340000496,43.16771244000029,34.320664215999386,50.45666801599964,46.48040331199991,48.85113878699849,24.68650032700134,135.66059688400128
295,0.7179659802034024,0.651565531748552,0.08222237557849003,-0.8075715155111769,636800.0,0.01,5.0,0.003,-0.07179659802034168,-0.07179659802034151,-0.07179659802034188,-0.07179659802034231,0.028203401979660276,0.9282034019796775,4.928203401979753,-0.14359319604068335,-0.03589829901017084,0.0,0.0,0.0,0.0,0.9999999999999996,9.999999999999993,49.99999999999996,0.0,0.0,9.999999999999801,9.999999999999822,9.99999999999977,9.99999999999971,9.999999999999801,9.999999999999801,9.999999999999801,4.9999999999999005,19.999999999999602,0.5976646508307203,0.3614015092688588,0.832260915983795,1.1097154568057765,0.5823543623219919,0.4558274721997328,-0.11593999716420275,0.6749515216376686,0.313505496771471,0.7749341186647076,0.7564594612258426,0.7924760501298411,0.8106874372660857,0.7734747741402566,0.7614144968835299,0.7069148233339553,0.776370884085974,0.7491979927872636,0.09531789839356017,0.10651167755307743,0.08952729666316507,0.08355426293653176,0.09531789839356017,0.09531789839356017,0.09531789839356017,0.08653199824020079,0.09962189787896353,-0.7179659802034024,-0.7179659802034024,-0.7179659802034024,-0.7179659802034024,0.28203401979659715,9.28203401979659,49.282034019796555,-0.7179659802034024,-0.7179659802034024,0.05696813846130522,0.03849348102244021,0.07451006992643872,0.09272145706268331,0.05550879393685415,0.0434485166801275,-0.011051156869447132,0.05840490388257158,0.031232012583861213,102,115,87,88,124,103,95,50,176,44.595893853000234,52.42065824800011,42.570127504000084,49.81422168200061,58.807695427,44.775023401,42.096340172000055,21.53126742099994,87.90899081200041
296,2.432830627289472,2.1529729576318064,0.08222237557849003,-3.403668012371055,636800.0,0.01,5.0,0.003,-0.2432830627289538,-0.24328306272895317,-0.24328306272895445,-0.243283062728956,-0.14328306272895114,0.7567169372710727,4.756716937271178,-0.4865661254579076,-0.1216415313644769,0.0,0.0,0.0,0.0,0.9999999999999997,9.999999999999993,49.99999999999996,0.0,0.0,9.999999999999728,9.999999999999755,9.999999999999702,9.999999999999638,9.999999999999728,9.999999999999728,9.999999999999728,4.999999999999864,19.999999999999456,-0.4038151448472361,-0.16273970367404558,-0.6317609871909653,-0.8552208707985038,-0.41366555027541363,-0.508307780822808,-0.9616163822275333,-0.8829427800669133,-0.19577656303060806,2.3943398165329604,2.415496947602772,2.3762707746521166,2.361373278560759,2.3934008965938522,2.3843797981232835,2.341171375126744,2.356427824121634,2.413326993333198,0.09531789792349853,0.10651168273857761,0.08952729558189512,0.08355426202589598,0.09531789792349853,0.09531789792349853,0.09531789792349853,0.08653199832728428,0.09962190394171307,-2.432830627289472,-2.432830627289472,-2.432830627289472,-2.432830627289472,-1.4328306272894724,7.567169372710521,47.56716937271049,-2.432830627289472,-2.432830627289472,-0.03849081075651162,-0.017333679686700076,-0.05655985263735541,-0.07145734872871312,-0.039429730695619725,-0.04845082916618848,-0.09165925216272797,-0.07640280316783787,-0.01950363395627397,101,109,100,72,116,100,103,58,189,42.215271859000495,49.351218737000636,50.06657164199987,39.67870248300005,53.4198259169998,45.0446552859994,45.994147368000995,25.87867033800103,92.62440335999963
297,-0.19847375574441364,-0.4445956816394865,0.08222237557849003,-2.993369191335553,636800.0,0.01,5.0,0.003,0.019847375574441904,0.019847375574441852,0.019847375574441956,0.019847375574442085,0.1198473755744446,1.0198473755744684,5.019847375574574,0.03969475114888381,0.009923687787220952,0.0,0.0,0.0,0.0,0.9999999999999997,9.999999999999993,49.99999999999996,0.0,0.0,9.999999999999728,9.999999999999755,9.999999999999702,9.999999999999638,9.999999999999728,9.999999999999728,9.999999999999728,4.999999999999864,19.999999999999456,0.47190235619264104,0.65460705552563,0.21021142544831087,-0.6748278896832332,0.46464385451705575,0.3310352470332642,-0.0866749941282295,-0.23593974247955737,1.111692721334174,-0.15349301512698504,-0.12875045672783328,-0.1796540953236112,-0.25485850206138894,-0.15418488024877602,-0.16692017185861685,-0.20673543398724806,-0.21889009314599459,-0.08772481024695895,0.09531789792349853,0.10651168273857761,0.08952729558189512,0.08355426202589598,0.09531789792349853,0.09531789792349853,0.09531789792349853,0.08653199832728428,0.09962190394171307,0.19847375574441364,0.19847375574441364,0.19847375574441364,0.19847375574441364,1.1984737557444134,10.198473755744407,50.198473755744374,0.19847375574441364,0.19847375574441364,0.0449807406174286,0.06972329901658036,0.018819660420802437,-0.05638474631697529,0.04428887549563762,0.03155358388579679,-0.008261678242834414,-0.020416337401580942,0.11074894549745469,109,114,107,155,129,139,136,62,448,23.559009082999182,51.960926728999766,54.518678266999814,84.5903956459997,64.87944601399977,65.89490050799941,65.67519392000031,25.92938791599954,178.19291108800098
298,-9.860309452158432,-9.840593468865887,0.08222237557849003,0.23978853875031556,636800.0,0.01,5.0,0.003,0.9860309452158701,0.9860309452158674,0.9860309452158726,0.986030945215879,1.0860309452158727,1.9860309452158964,5.986030945216002,1.9720618904317402,0.49301547260793505,0.0,0.0,0.0,0.0,0.9999999999999997,9.999999999999993,49.99999999999996,0.0,0.0,9.999999999999728,9.999999999999755,9.999999999999702,9.999999999999638,9.999999999999728,9.999999999999728,9.999999999999728,4.999999999999864,19.999999999999456,0.47759222570404997,0.47318755251939176,0.3755152366201105,-0.17074216087791974,0.4562395069910017,0.39384707304676053,-0.051769593769877484,-0.031474419796975586,0.7992041221835626,-9.814786365139717,-9.809909449688643,-9.826690588574039,-9.874575687407294,-9.816821661402397,-9.822768777052293,-9.86524402101293,-9.863032996599657,-9.78069121586844,0.09531789792349853,0.10651168273857761,0.08952729558189512,0.08355426202589598,0.09531789792349853,0.09531789792349853,0.09531789792349853,0.08653199832728428,0.09962190394171307,9.860309452158432,9.860309452158432,9.860309452158432,9.860309452158432,10.860309452158432,19.860309452158425,59.86030945215839,9.860309452158432,9.860309452158432,0.0455230870187151,0.050400002469789484,0.03361886358439392,-0.014266235248861392,0.043487790756035594,0.03754067510613979,-0.004934568854498167,-0.002723544441224135,0.07961823628999198,100,115,84,47,101,91,96,53,198,42.71609326599901,51.89754035899932,39.863196549999884,24.144997643999886,44.46177734499997,40.51997902400035,39.132115110000086,24.86935149599958,95.36230650700054
299,10.206064575741479,10.309038493304392,0.08222237557849003,1.2523831479986076,636800.0,0.01,5.0,0.003,-1.0206064575741756,-1.020606457574173,-1.0206064575741784,-1.0206064575741849,-0.9206064575741729,-0.020606457574149167,3.979393542425956,-2.041212915148351,-0.5103032287870878,0.0,0.0,0.0,0.0,0.9999999999999997,9.999999999999993,49.99999999999996,0.0,0.0,9.999999999999728,9.999999999999755,9.999999999999702,9.999999999999638,9.999999999999728,9.999999999999728,9.999999999999728,4.999999999999864,19.999999999999456,2.002761551396685,1.6931481451781525,2.154699335021953,2.3007576439184763,1.9922806863465923,1.8954853244072856,1.2439775293179949,2.3782284365342914,1.5924163405530822,10.396963596862616,10.386404633810105,10.398968979998102,10.398302682779526,10.395964582837621,10.386738252408822,10.324637898900138,10.411857434833564,10.364704123455272,0.09531789792349853,0.10651168273857761,0.08952729558189512,0.08355426202589598,0.09531789792349853,0.09531789792349853,0.09531789792349853,0.08653199832728428,0.09962190394171307,-10.206064575741479,-10.206064575741479,-10.206064575741479,-10.206064575741479,-9.206064575741479,-0.20606457574148607,39.79393542425848,-10.206064575741479,-10.206064575741479,0.19089902112113677,0.18034005806862652,0.19290440425662325,0.19223810703804745,0.18990000709614208,0.18067367666734313,0.11857332315865854,0.20579285909208522,0.1586395477137934,104,122,94,53,99,104,83,53,209,44.18740928800071,57.54111709099925,44.57452535199991,26.697611585999766,42.609412583999074,44.99143699200067,35.94493274399974,22.218949891999728,106.07342258599965
300,-9.991593984073466,-9.599983202062107,0.08222237557849003,4.762824951919864,636800.0,0.01,5.0,0.003,0.9991593984073555,0.9991593984073542,0.9991593984073577,0.999159398407362,1.0991593984073564,1.999159398407364,5.999159398407396,1.998318796814711,0.49957969920367773,0.0,0.0,0.0,0.0,0.9999999999999996,9.999999999999993,49.99999999999996,0.0,0.0,9.999999999999911,9.999999999999924,9.99999999999989,9.999999999999845,9.999999999999911,9.999999999999911,9.999999999999911,4.999999999999956,19.999999999999822,1.7312707899572244,1.7530453457206565,1.792074682997546,2.1828583040449403,1.7217809356464076,1.6205358816875435,1.0706805214311896,2.25340120184596,1.4205925947632179,-9.826572891319667,-9.8048741692109,-9.831154384454974,-9.809206869029289,-9.827477444285922,-9.83712791002307,-9.889538967225901,-9.796602675133563,-9.850071842178739,0.09531789810759529,0.1065116856893445,0.08952729545296058,0.08355426218284767,0.09531789810759529,0.09531789810759529,0.09531789810759529,0.08653199828781856,0.0996219059682737,9.991593984073466,9.991593984073466,9.991593984073466,9.991593984073466,10.991593984073466,19.99159398407346,59.991593984073425,9.991593984073466,9.991593984073466,0.16502109275379873,0.18671981486256684,0.16043959961849197,0.18238711504417715,0.16411653978754437,0.15446607405039536,0.10205501684756513,0.1949913089399029,0.14152214189472723,108,113,106,95,116,106,104,65,185,39.78665103599997,53.42450268599987,56.3049706490001,52.770875078000245,56.36717597700044,50.59106332599913,50.92462005299967,32.03624349799975,89.15044893199956
301,-2.0414057203525067,-2.158188290129776,0.08222237557849003,-1.4203259022331227,636800.0,0.01,5.0,0.003,0.20414057203525543,0.2041405720352551,0.2041405720352561,0.20414057203525698,0.3041405720352577,1.204140572035278,5.204140572035367,0.40828114407051086,0.10207028601762771,0.0,0.0,0.0,0.0,0.9999999999999996,9.999999999999993,49.99999999999996,0.0,0.0,9.999999999999767,9.999999999999783,9.999999999999734,9.999999999999691,9.999999999999767,9.999999999999767,9.999999999999767,4.999999999999884,19.999999999999535,0.2882963194099576,0.21339776177176756,0.32262108202465345,-0.003987315013162732,0.2810514202186797,0.21509396152379853,-0.05223282210856747,0.1501358388086188,0.41926250527049086,-2.0139259211728318,-2.0186763643401413,-2.012522327138027,-2.041738877517892,-2.0146164897352774,-2.020903416058328,-2.0463844431647464,-2.0284141661889166,-1.9996379920091822,0.09531789804294594,0.1065116888933202,0.0895272963354344,0.08355426252646432,0.09531789804294594,0.09531789804294594,0.09531789804294594,0.0865319984001335,0.09962190231243696,2.0414057203525067,2.0414057203525067,2.0414057203525067,2.0414057203525067,3.0414057203525062,12.0414057203525,52.041405720352465,2.0414057203525067,2.0414057203525067,0.027479799179674913,0.022729356012365365,0.028883393214479636,-0.00033315716538551143,0.026789230617229265,0.020502304294178764,-0.004978722812239766,0.012991554163590102,0.04176772834332443,128,122,87,51,126,115,88,56,236,48.045337031999225,59.6683063269993,45.01924098600011,24.482561241999974,59.84172341999965,51.996217572001115,39.506591243,24.25864735199866,118.96319133799989
302,15.5453969307362,15.24475117773395,0.08222237557849003,-3.656495581488663,636800.0,0.01,5.0,0.003,-1.5545396930736508,-1.5545396930736475,-1.5545396930736555,-1.554539693073665,-1.454539693073649,-0.5545396930736317,3.445460306926444,-3.1090793861473016,-0.7772698465368254,0.0,0.0,0.0,0.0,0.9999999999999996,9.999999999999993,49.99999999999996,0.0,0.0,9.999999999999801,9.999999999999822,9.99999999999977,9.99999999999971,9.999999999999801,9.999999999999801,9.999999999999801,4.9999999999999005,19.999999999999602,-0.17860923617287583,-0.31070296064287634,-0.04384513886255968,0.5871451214320186,-0.19167202816571158,-0.29980767575744643,-0.7818255673109,-0.24003087050946056,-0.2402972251240631,15.528372273710522,15.512303437177419,15.541471593982013,15.594455408594232,15.527127155830613,15.516819893160742,15.470874960749772,15.524626579871681,15.521458065114292,0.09531789839356017,0.10651167755307743,0.08952729666316507,0.08355426293653176,0.09531789839356017,0.09531789839356017,0.09531789839356017,0.08653199824020079,0.09962189787896353,-15.5453969307362,-15.5453969307362,-15.5453969307362,-15.5453969307362,-14.5453969307362,-5.5453969307362065,34.454603069263754,-15.5453969307362,-15.5453969307362,-0.01702465702567757,-0.03309349355878055,-0.0039253367541860484,0.049058477858032745,-0.0182697749055869,-0.02857703757545771,-0.0745219699864279,-0.020770350864518505,-0.023938865621907723,113,114,96,57,101,103,101,55,195,44.71381967299931,57.32075239999995,47.101745354999366,30.073705217999304,45.81119279900122,47.45911290499862,43.627640742999574,23.63606567200077,96.94020025399914
303,11.421880274306284,11.205549971649702,0.08222237557849003,-2.631039314232308,636800.0,0.01,5.0,0.003,-1.1421880274306677,-1.1421880274306648,-1.1421880274306715,-1.142188027430676,-1.0421880274306643,-0.14218802743063402,3.8578119725695004,-2.2843760548613354,-0.5710940137153339,0.0,0.0,0.0,0.0,0.9999999999999997,9.999999999999993,49.99999999999996,0.0,0.0,9.999999999999655,9.99999999999968,9.999999999999623,9.999999999999584,9.999999999999655,9.999999999999655,9.999999999999655,4.999999999999828,19.99999999999931,-1.017643487762066,-0.7779046020022231,-1.2356281241805906,-1.778754352955902,-1.0304402428439472,-1.1380164927035976,-1.5593184549695607,-1.3302298047459002,-0.8023202292359093,11.324880636217491,11.339024351919427,11.311257829299736,11.27325776568847,11.323660876422847,11.313406934419756,11.273249316985613,11.306772831174662,11.341951607322361,0.09531789792327755,0.10651167530516838,0.08952729615142727,0.08355426277430378,0.09531789792327755,0.09531789792327755,0.09531789792327755,0.08653199824643074,0.09962190166891735,-11.421880274306284,-11.421880274306284,-11.421880274306284,-11.421880274306284,-10.421880274306284,-1.4218802743062913,38.578119725693675,-11.421880274306284,-11.421880274306284,-0.09699963808879275,-0.08285592238685702,-0.11062244500654828,-0.14862250861781412,-0.0982193978834367,-0.10847333988652785,-0.14863095732067144,-0.11510744313162213,-0.07992866698392298,94,102,75,82,109,112,85,46,202,35.325254972998664,49.00838951300011,36.55523841200011,43.34428267899966,51.963033808000546,53.09310034699956,35.523468646000765,18.048424208998767,97.50122233799993
304,5.58182298123055,5.415735397792127,0.08222237557849003,-2.019980355345908,636800.0,0.01,5.0,0.003,-0.5581822981230702,-0.5581822981230686,-0.5581822981230716,-0.5581822981230752,-0.45818229812306743,0.4418177018769563,4.441817701877062,-1.1163645962461404,-0.2790911490615351,0.0,0.0,0.0,0.0,0.9999999999999997,9.999999999999993,49.99999999999996,0.0,0.0,9.999999999999728,9.999999999999755,9.999999999999702,9.999999999999638,9.999999999999728,9.999999999999728,9.999999999999728,4.999999999999864,19.999999999999456,0.35661316614543936,0.569024573693546,-0.10534818314631192,-1.2579679049962775,0.3412210647887442,0.26851852059357734,-0.28512079807868934,-0.614223855063835,1.2994346057421848,5.615814598599377,5.642430746094251,5.5723914432989945,5.476714401276324,5.614347455853431,5.607417602167057,5.554645866103419,5.528672963631588,5.711275130702336,0.09531789792349853,0.10651168273857761,0.08952729558189512,0.08355426202589598,0.09531789792349853,0.09531789792349853,0.09531789792349853,0.08653199832728428,0.09962190394171307,-5.58182298123055,-5.58182298123055,-5.58182298123055,-5.58182298123055,-4.58182298123055,4.418177018769443,44.418177018769406,-5.58182298123055,-5.58182298123055,0.03399161736882661,0.06060776486370134,-0.00943153793155549,-0.1051085799542264,0.032524474622880994,0.02559462093650744,-0.027177115127130946,-0.053150017598961874,0.12945214947178574,114,114,83,64,118,101,106,52,220,39.73728058099914,56.05067621999933,40.41221926599974,33.65355362599985,56.210220613000274,44.79676381199897,50.521872256998904,22.750663433998852,106.55463779899947
305,-10.492825272529256,-10.268039488871317,0.08222237557849003,2.733876053524593,636800.0,0.01,5.0,0.003,1.049282527252954,1.0492825272529513,1.049282527252957,1.0492825272529636,1.1492825272529568,2.0492825272529807,6.049282527253086,2.098565054505908,0.524641263626477,0.0,0.0,0.0,0.0,0.9999999999999997,9.999999999999993,49.99999999999996,0.0,0.0,9.999999999999728,9.999999999999755,9.999999999999702,9.999999999999638,9.999999999999728,9.999999999999728,9.999999999999728,4.999999999999864,19.999999999999456,-2.191866052858486,-2.2404834249411785,-2.0649092308963297,-2.016555645454079,-2.2040085469492676,-2.3177642535930696,-2.8746289217906726,-1.9516779743766817,-2.6104063943802114,-10.701749337217603,-10.731462932267632,-10.677691011593495,-10.661317091319326,-10.702906734229884,-10.713749689063974,-10.766828858664436,-10.661707867743417,-10.752878927599035,0.09531789792349853,0.10651168273857761,0.08952729558189512,0.08355426202589598,0.09531789792349853,0.09531789792349853,0.09531789792349853,0.08653199832728428,0.09962190394171307,10.492825272529256,10.492825272529256,10.492825272529256,10.492825272529256,11.492825272529256,20.49282527252925,60.49282527252922,10.492825272529256,10.492825272529256,-0.2089240646883468,-0.23863765973837658,-0.18486573906423942,-0.1684918187900699,-0.21008146170062858,-0.22092441653471795,-0.27400358613517994,-0.1688825952141606,-0.26005365506977896,105,117,91,54,117,100,81,63,260,35.89329265900051,54.01336661300047,43.02493938100088,28.25875392999933,53.943108142999336,43.12580682100088,33.4406377389987,28.66285635999884,128.3330099649993
306,1.455152779428093,1.1851087851078699,0.08222237557849003,-3.284312724125044,636800.0,0.01,5.0,0.003,-0.1455152779428122,-0.14551527794281188,-0.14551527794281263,-0.14551527794281352,-0.045515277942810246,0.8544847220572069,4.8544847220572835,-0.2910305558856244,-0.0727576389714061,0.0,0.0,0.0,0.0,0.9999999999999996,9.999999999999993,49.99999999999996,0.0,0.0,9.999999999999801,9.999999999999822,9.99999999999977,9.99999999999971,9.999999999999801,9.999999999999801,9.999999999999801,4.9999999999999005,19.999999999999602,-0.212672325881269,-0.08288583145282703,-0.3683236261394491,-0.7632239744870651,-0.2150610220421965,-0.3128699388885756,-0.7283899950248804,-0.6896768182813439,0.09676292287812732,1.43488130027862,1.4463244704746707,1.4221777608826538,1.391382162784336,1.4346536147806597,1.4253306743827123,1.3857241758914256,1.3954736662022644,1.4647924854495278,0.09531789839356017,0.10651167755307743,0.08952729666316507,0.08355426293653176,0.09531789839356017,0.09531789839356017,0.09531789839356017,0.08653199824020079,0.09962189787896353,-1.455152779428093,-1.455152779428093,-1.455152779428093,-1.455152779428093,-0.4551527794280934,8.5448472205719,48.54484722057187,-1.455152779428093,-1.455152779428093,-0.020271479149472915,-0.008828308953422237,-0.03297501854543916,-0.06377061664375705,-0.020499164647433288,-0.02982210504538063,-0.06942860353666735,-0.05967911322582853,0.009639706021434824,102,108,121,55,123,93,98,58,308,25.04354611599956,50.49634508999952,64.45325446299921,27.957082392000302,57.37526486800016,43.24957965500107,45.30853337799999,26.03025765700113,143.32553169200037
307,4.681208309083135,4.75371078860796,0.08222237557849003,0.8817852684834421,636800.0,0.01,5.0,0.003,-0.46812083090832624,-0.46812083090832496,-0.46812083090832746,-0.46812083090833045,-0.36812083090832354,0.5318791690917003,4.531879169091805,-0.9362416618166525,-0.23406041545416312,0.0,0.0,0.0,0.0,0.9999999999999997,9.999999999999993,49.99999999999996,0.0,0.0,9.999999999999728,9.999999999999755,9.999999999999702,9.999999999999638,9.999999999999728,9.999999999999728,9.999999999999728,4.999999999999864,19.999999999999456,-0.5728355618908808,-0.602337411599391,-0.4927201939361425,-0.5059362141386246,-0.5861899367015646,-0.6950570941626296,-1.1921807163190599,-0.29629939958384344,-0.8579638716767718,4.62660682746787,4.6170523377972845,4.637096402641445,4.6389351820786064,4.625333916532833,4.614956927930738,4.567572149258671,4.65556892993397,4.595736314673491,0.09531789792349853,0.10651168273857761,0.08952729558189512,0.08355426202589598,0.09531789792349853,0.09531789792349853,0.09531789792349853,0.08653199832728428,0.09962190394171307,-4.681208309083135,-4.681208309083135,-4.681208309083135,-4.681208309083135,-3.6812083090831353,5.318791690916858,45.318791690916825,-4.681208309083135,-4.681208309083135,-0.0546014816152649,-0.06415597128585038,-0.04411190644168972,-0.042273127004528455,-0.0558743925503018,-0.06625138115239704,-0.11363615982446351,-0.025639379149164476,-0.08547199440964359,102,126,87,61,113,99,87,49,202,33.19654915200044,58.16451700200014,40.088361832999,32.71699666200038,51.87456747500073,45.42867650199878,35.080794515999514,21.39035930799946,93.1183461640012
308,5.465680879270361,5.6067170436358404,0.08222237557849003,1.7153015024583558,636800.0,0.01,5.0,0.003,-0.546568087927051,-0.5465680879270495,-0.5465680879270525,-0.5465680879270559,-0.4465680879270483,0.4534319120729755,4.453431912073081,-1.093136175854102,-0.2732840439635255,0.0,0.0,0.0,0.0,0.9999999999999997,9.999999999999993,49.99999999999996,0.0,0.0,9.999999999999728,9.999999999999755,9.999999999999702,9.999999999999638,9.999999999999728,9.999999999999728,9.999999999999728,4.999999999999864,19.999999999999456,0.529173762814431,0.16902673050894526,0.9666634023939552,1.9775882714122068,0.5156733366382306,0.4101004628374846,-0.1542986576088035,1.5834057008935123,-0.3007477535847715,5.516120609978101,5.483684200764669,5.552223639424685,5.6309168078792755,5.514833777733914,5.504770793325484,5.4509734555746725,5.602696138731491,5.435719815452053,0.09531789792349853,0.10651168273857761,0.08952729558189512,0.08355426202589598,0.09531789792349853,0.09531789792349853,0.09531789792349853,0.08653199832728428,0.09962190394171307,-5.465680879270361,-5.465680879270361,-5.465680879270361,-5.465680879270361,-4.465680879270361,4.534319120729632,44.5343191207296,-5.465680879270361,-5.465680879270361,0.05043973070773955,0.018003321494307833,0.08654276015432405,0.16523592860891423,0.04915289846355275,0.039089914055122854,-0.014707423695688782,0.1370152594611298,-0.029961063818308098,100,106,101,82,110,112,111,58,331,23.114575665000302,48.68632057399918,51.141601851000814,42.71913395699994,51.171651516000566,51.68282056499993,51.480644328999915,23.534080061999703,134.80922576899866
309,0.28742604667395244,0.21735429578181464,0.08222237557849003,-0.8522224078194728,636800.0,0.01,5.0,0.003,-0.028742604667396025,-0.02874260466739595,-0.0287426046673961,-0.028742604667396286,0.07125739533260667,0.9712573953326306,4.971257395332736,-0.05748520933479205,-0.014371302333698013,0.0,0.0,0.0,0.0,0.9999999999999997,9.999999999999993,49.99999999999996,0.0,0.0,9.999999999999728,9.999999999999755,9.999999999999702,9.999999999999638,9.999999999999728,9.999999999999728,9.999999999999728,4.999999999999864,19.999999999999456,-1.7519834087724355,-1.3221369043703877,-2.125410933695469,-3.4994145113952118,-1.774401142276467,-1.9010459557330024,-2.1696408197637336,-2.909791825928139,-0.8096871602780974,0.12043067095291843,0.1466030201786886,0.09714375378000652,-0.00496495034838583,0.11829385971910497,0.10622234231751444,0.0806204444850572,0.03563594525999325,0.20676347016988939,0.09531789792349853,0.10651168273857761,0.08952729558189512,0.08355426202589598,0.09531789792349853,0.09531789792349853,0.09531789792349853,0.08653199832728428,0.09962190394171307,-0.28742604667395244,-0.28742604667395244,-0.28742604667395244,-0.28742604667395244,0.7125739533260472,9.712573953326041,49.71257395332601,-0.28742604667395244,-0.28742604667395244,-0.166995375721034,-0.14082302649526385,-0.19028229289394594,-0.2923909970223383,-0.16913218695484747,-0.181203704356438,-0.20680560218889524,-0.2517901014139592,-0.08066257650406305,114,141,96,63,121,117,96,56,278,27.899909075000323,66.45229237900003,45.38924698400024,34.414084871999876,56.44482199500089,53.37920431800012,42.60962861100052,22.13882094099972,119.14571970699944
310,13.91849744499466,13.71558804593562,0.08222237557849003,-2.4678124127579038,636800.0,0.01,5.0,0.003,-1.3918497444994984,-1.3918497444994962,-1.391849744499503,-1.391849744499509,-1.291849744499496,-0.39184974449947585,3.608150255500614,-2.7836994889989968,-0.6959248722497492,0.0,0.0,0.0,0.0,0.9999999999999996,9.999999999999993,49.99999999999996,0.0,0.0,9.999999999999767,9.999999999999783,9.999999999999734,9.999999999999691,9.999999999999767,9.999999999999767,9.999999999999767,4.999999999999884,19.999999999999535,-1.0768473797513034,-0.8481643099180252,-1.3387446315675606,-1.9870792129558787,-1.09161728921387,-1.2185263851356256,-1.7832114994281105,-1.3065270346164073,-0.9894960627135913,13.815854616243712,13.828158031886254,13.79864325764684,13.752468506774465,13.814446779519455,13.802350071253663,13.748525473103163,13.805441049725502,13.819921964896466,0.09531789804294594,0.1065116888933202,0.0895272963354344,0.08355426252646432,0.09531789804294594,0.09531789804294594,0.09531789804294594,0.0865319984001335,0.09962190231243696,-13.91849744499466,-13.91849744499466,-13.91849744499466,-13.91849744499466,-12.91849744499466,-3.9184974449946672,36.0815025550053,-13.91849744499466,-13.91849744499466,-0.10264282875094821,-0.09033941310840632,-0.11985418734782094,-0.1660289382201956,-0.1040506654752047,-0.11614737374099704,-0.16997197189149738,-0.11305639526915812,-0.09857548009819439,126,106,79,47,95,104,78,56,211,44.26612023400048,51.84156114799953,36.31636140299997,24.471241616000043,42.70275860400034,45.786711009999635,34.24187909399916,25.55154474200026,99.61270673099898
311,-14.95988974503847,-15.172434920225346,0.08222237557849003,-2.585004066003641,636800.0,0.01,5.0,0.003,1.4959889745038877,1.4959889745038837,1.4959889745038917,1.4959889745039012,1.5959889745038904,2.495988974503914,6.495988974504019,2.9919779490077754,0.7479944872519438,0.0,0.0,0.0,0.0,0.9999999999999997,9.999999999999993,49.99999999999996,0.0,0.0,9.999999999999728,9.999999999999755,9.999999999999702,9.999999999999638,9.999999999999728,9.999999999999728,9.999999999999728,4.999999999999864,19.999999999999456,-1.9432604747919573,-1.410960425828784,-2.3683380806957914,-2.277237749313666,-1.9531280591487494,-2.059597604292788,-2.484373436263361,-2.7317084926384876,-0.8470715191169704,-15.14511724861346,-15.110173514271034,-15.17192064842678,-15.150162664639886,-15.146057806011932,-15.156206259247933,-15.196694998640073,-15.196269939754092,-15.044276622547702,0.09531789792349853,0.10651168273857761,0.08952729558189512,0.08355426202589598,0.09531789792349853,0.09531789792349853,0.09531789792349853,0.08653199832728428,0.09962190394171307,14.95988974503847,14.95988974503847,14.95988974503847,14.95988974503847,15.95988974503847,24.959889745038463,64.95988974503842,14.95988974503847,14.95988974503847,-0.18522750357498907,-0.1502837692325638,-0.21203090338831032,-0.19027291960141568,-0.18616806097346128,-0.19631651420946206,-0.23680525360160232,-0.23638019471562188,-0.0843868775092318,103,113,92,66,110,90,108,53,214,29.161739473000125,53.7225605929998,45.02971735999927,35.13704092900116,48.991487748999134,38.9113608560001,47.99118074999933,22.123771975000636,95.81442703600078
312,0.06971376118553721,-0.014648554674427727,0.08222237557849003,-1.026026252177938,636800.0,0.01,5.0,0.003,-0.006971376118553961,-0.006971376118553944,-0.006971376118553983,-0.006971376118554011,0.09302862388144946,0.9930286238814797,4.993028623881614,-0.013942752237107923,-0.0034856880592769807,0.0,0.0,0.0,0.0,0.9999999999999997,9.999999999999993,49.99999999999996,0.0,0.0,9.999999999999655,9.99999999999968,9.999999999999623,9.999999999999584,9.999999999999655,9.999999999999655,9.999999999999655,4.999999999999828,19.99999999999931,-1.261697562533548,-1.2396860171117763,-1.2147489895945016,-0.6902845655315842,-1.288793044009962,-1.3779375371236098,-1.843518252092341,-1.1323667872455154,-1.3926899689200904,-0.050548598290083624,-0.062327273349429724,-0.03903943135553678,0.012037543208065105,-0.0531312826276345,-0.061628348322663506,-0.1060065233870996,-0.028272199662708136,-0.0690286619535076,0.09531789792327755,0.10651167530516838,0.08952729615142727,0.08355426277430378,0.09531789792327755,0.09531789792327755,0.09531789792327755,0.08653199824643074,0.09962190166891735,-0.06971376118553721,-0.06971376118553721,-0.06971376118553721,-0.06971376118553721,0.9302862388144625,9.930286238814455,49.93028623881442,-0.06971376118553721,-0.06971376118553721,-0.12026235947562083,-0.13204103453496693,-0.10875319254107399,-0.057676217977472105,-0.12284504381317171,-0.13134210950820072,-0.1757202845726368,-0.09798596084824535,-0.1387424231390448,149,148,125,57,120,105,99,65,222,36.77073407599892,74.76405654800055,65.38428165499863,30.57506258399917,56.25190235199989,45.948976534000394,41.54900834300133,28.141296587000397,82.48946367000099
313,9.389416124774877,9.233483252608819,0.08222237557849003,-1.8964773404923563,636800.0,0.01,5.0,0.003,-0.9389416124775133,-0.9389416124775107,-0.9389416124775157,-0.9389416124775217,-0.8389416124775105,0.06105838752251322,4.0610583875226185,-1.8778832249550266,-0.46947080623875664,0.0,0.0,0.0,0.0,0.9999999999999997,9.999999999999993,49.99999999999996,0.0,0.0,9.999999999999728,9.999999999999755,9.999999999999702,9.999999999999638,9.999999999999728,9.999999999999728,9.999999999999728,4.999999999999864,19.999999999999456,0.961301495782583,0.702707782775275,1.1611034122344734,1.1073007628548885,0.9519219018850839,0.8663357490937875,0.4031825410757676,0.9176629437016655,0.7343628942983506,9.481045362623588,9.464262713191767,9.49336657316314,9.48193582285593,9.480151319449902,9.471993427274477,9.427846637069674,9.46882333308428,9.462574754489026,0.09531789792349853,0.10651168273857761,0.08952729558189512,0.08355426202589598,0.09531789792349853,0.09531789792349853,0.09531789792349853,0.08653199832728428,0.09962190394171307,-9.389416124774877,-9.389416124774877,-9.389416124774877,-9.389416124774877,-8.389416124774877,0.6105838752251156,40.61058387522508,-9.389416124774877,-9.389416124774877,0.09162923784871069,0.0748465884168894,0.10395044838826273,0.09251969808105187,0.090735194675025,0.08257730249959927,0.03843051229479677,0.07940720830940329,0.07315862971414866,108,136,87,89,111,147,99,52,230,25.3284409830012,66.78730961700057,44.93228966899915,49.77238696600034,52.58884294900054,72.02288651100025,41.65882078300092,20.713983343999644,81.84024549599962
314,8.796989462620537,8.804467867047197,0.08222237557849003,0.09095339771010508,636800.0,0.01,5.0,0.003,-0.879698946262084,-0.8796989462620819,-0.8796989462620869,-0.8796989462620903,-0.7796989462620806,0.12030105373794969,4.120301053738084,-1.759397892524168,-0.439849473131042,0.0,0.0,0.0,0.0,0.9999999999999997,9.999999999999993,49.99999999999996,0.0,0.0,9.999999999999655,9.99999999999968,9.999999999999623,9.999999999999584,9.999999999999655,9.999999999999655,9.999999999999655,4.999999999999828,19.99999999999931,-0.005223332569243872,0.09426625886315103,-0.07083594732583601,0.10561033117474959,-0.015965561880131634,-0.10311733804029752,-0.5239301027880368,-0.24110440023471494,0.9562019205553605,8.796491585539883,8.807029919776802,8.79064771178613,8.805813655983194,8.79546765882296,8.787160534719092,8.747049546564055,8.77612621708222,8.892248116325733,0.09531789792327755,0.10651167530516838,0.08952729615142727,0.08355426277430378,0.09531789792327755,0.09531789792327755,0.09531789792327755,0.08653199824643074,0.09962190166891735,-8.796989462620537,-8.796989462620537,-8.796989462620537,-8.796989462620537,-7.796989462620537,1.2030105373794555,41.20301053737942,-8.796989462620537,-8.796989462620537,-0.0004978770806545185,0.010040457156264893,-0.006341750834407023,0.008824193362656274,-0.0015218037975781584,-0.009828927901445184,-0.0499399160564824,-0.020863245538317088,0.09525865370519604,103,109,99,72,104,104,89,50,250,24.571843196999907,52.67000409100001,47.295754217999274,38.20914367000114,45.46209258300041,47.61448799200116,37.53882968299877,21.660052276998613,98.14216989899978
315,-6.340275766450935,-6.456960170629597,0.08222237557849003,-1.4191319985309183,636800.0,0.01,5.0,0.003,0.6340275766451153,0.6340275766451138,0.6340275766451173,0.6340275766451199,0.7340275766451188,1.6340275766451493,5.634027576645283,1.2680551532902307,0.31701378832255767,0.0,0.0,0.0,0.0,0.9999999999999997,9.999999999999993,49.99999999999996,0.0,0.0,9.999999999999655,9.99999999999968,9.999999999999623,9.999999999999584,9.999999999999655,9.999999999999655,9.999999999999655,4.999999999999828,19.99999999999931,1.2325806717846572,1.2212074369313335,1.220794406524317,0.9427240968165765,1.2494868739733038,1.11620887950211,0.5532828420446734,1.1473601330264462,1.2748273510732078,-6.22278876779556,-6.210202916448248,-6.230981344078026,-6.261507149541854,-6.221177304141072,-6.233881082413497,-6.28753800899022,-6.240992401431866,-6.213275041437473,0.09531789792327755,0.10651167530516838,0.08952729615142727,0.08355426277430378,0.09531789792327755,0.09531789792327755,0.09531789792327755,0.08653199824643074,0.09962190166891735,6.340275766450935,6.340275766450935,6.340275766450935,6.340275766450935,7.340275766450935,16.34027576645093,56.340275766450894,6.340275766450935,6.340275766450935,0.11748699865537482,0.1300728500026871,0.10929442237290843,0.07876861690908044,0.11909846230986254,0.10639468403743813,0.05273775746071507,0.09928336501906898,0.1270007250134615,109,115,95,57,109,95,100,58,214,26.333215251999718,55.13260441999955,48.0442362419999,31.550850178000474,48.5010958369985,41.864352281998436,42.05707403999986,24.498676252998848,80.7691043979994
316,2.0406107624494907,2.280506845117883,0.08222237557849003,2.9176496176443605,636800.0,0.01,5.0,0.003,-0.2040610762449561,-0.2040610762449556,-0.20406107624495676,-0.20406107624495756,-0.1040610762449527,0.7959389237550776,4.795938923755212,-0.4081221524899122,-0.10203053812247805,0.0,0.0,0.0,0.0,0.9999999999999997,9.999999999999993,49.99999999999996,0.0,0.0,9.999999999999655,9.99999999999968,9.999999999999623,9.999999999999584,9.999999999999655,9.999999999999655,9.999999999999655,4.999999999999828,19.99999999999931,0.3803127646099413,-0.0035751306362374236,0.9191364741686567,2.502401673069008,0.3673018588197826,0.25090456620718954,-0.22651354397451293,1.5920702269650537,-0.3513563799866788,2.0768613757255006,2.04022996929599,2.1228985657759667,2.249697089407956,2.075621203535505,2.064526458279712,2.0190199675866882,2.1783757805374253,2.005607971711711,0.09531789792327755,0.10651167530516838,0.08952729615142727,0.08355426277430378,0.09531789792327755,0.09531789792327755,0.09531789792327755,0.08653199824643074,0.09962190166891735,-2.0406107624494907,-2.0406107624494907,-2.0406107624494907,-2.0406107624494907,-1.0406107624494911,7.959389237550502,47.95938923755047,-2.0406107624494907,-2.0406107624494907,0.03625061327600987,-0.0003807931535004805,0.082287803326476,0.2090863269584653,0.035010441086014144,0.02391569583022113,-0.021590794862802465,0.13776501808793462,-0.03500279073777968,115,133,89,66,119,130,92,59,462,23.068623221999587,65.0083842160002,43.59021044400106,34.28189277000092,54.96974428899921,58.45621862700136,34.405014453999684,20.478480448999107,127.79485416399984
317,8.777943622357892,8.78067421131035,0.08222237557849003,0.03320980369694374,636800.0,0.01,5.0,0.003,-0.8777943622358297,-0.8777943622358274,-0.8777943622358325,-0.8777943622358374,-0.7777943622358251,0.12220563776421574,4.122205637764397,-1.7555887244716595,-0.43889718111791487,0.0,0.0,0.0,0.0,0.9999999999999996,9.999999999999993,49.99999999999996,0.0,0.0,9.999999999999538,9.999999999999565,9.999999999999506,9.999999999999451,9.999999999999538,9.999999999999538,9.999999999999538,4.999999999999769,19.999999999999076,0.08393529365164826,0.11461996345096823,0.0241463880990005,-0.3867954170699102,0.07116516081690401,-0.0663717144819296,-0.5951960727624014,-0.2097155454659631,0.30697797770441815,8.785944158169425,8.790151988717527,8.780105383192392,8.74562521669426,8.784726935942427,8.77161721000519,8.721210783431012,8.75979651713046,8.808525353568925,0.09531789862721018,0.10651169300762994,0.089527295992971,0.08355426211730745,0.09531789862721018,0.09531789862721018,0.09531789862721018,0.08653199831758017,0.09962190590909173,-8.777943622357892,-8.777943622357892,-8.777943622357892,-8.777943622357892,-7.777943622357892,1.222056377642101,41.22205637764206,-8.777943622357892,-8.777943622357892,0.008000535811532927,0.012208366359635292,0.0021617608345003703,-0.03231840566363253,0.006783313584534767,-0.006326412352702704,-0.05673283892688019,-0.018147105227431126,0.030581731211032803,97,95,78,61,126,106,92,49,234,20.769302812001115,44.22070472999985,36.476441826000155,32.3029969800009,59.54269602599925,46.96762372299963,37.50952216099904,16.812529482000173,73.6395354640008
318,-3.609323566992408,-3.9107232688507287,0.08222237557849003,-3.66566521263549,636800.0,0.01,5.0,0.003,0.3609323566992492,0.3609323566992486,0.3609323566992504,0.36093235669925194,0.4609323566992515,1.3609323566992717,5.360932356699362,0.7218647133984984,0.1804661783496246,0.0,0.0,0.0,0.0,0.9999999999999996,9.999999999999993,49.99999999999996,0.0,0.0,9.999999999999767,9.999999999999783,9.999999999999734,9.999999999999691,9.999999999999767,9.999999999999767,9.999999999999767,4.999999999999884,19.999999999999535,0.013621855722408113,-0.08052031013291411,0.0953576757176572,0.254029269370305,6.447828727209218e-05,-0.11979201843985164,-0.5164732460229986,-0.189650349518415,0.07029663969738345,-3.6080251603375038,-3.6178999212148786,-3.600786452100575,-3.5880983387300356,-3.609317421057596,-3.6207418903924165,-3.6585527111987375,-3.62573439073352,-3.6023204820195827,0.09531789804294594,0.1065116888933202,0.0895272963354344,0.08355426252646432,0.09531789804294594,0.09531789804294594,0.09531789804294594,0.0865319984001335,0.09962190231243696,3.609323566992408,3.609323566992408,3.609323566992408,3.609323566992408,4.6093235669924075,13.609323566992401,53.609323566992366,3.609323566992408,3.609323566992408,0.0012984066549042161,-0.008576354222470606,0.008537114891832953,0.021225228262372386,6.145934812185061e-06,-0.011418323400008479,-0.04922914420632951,-0.016410823741112246,0.007003084972825313,107,117,130,53,114,99,81,56,224,22.72696849100066,55.557669620000524,67.72633466200023,28.375067458999183,53.334440811000604,41.39598060999924,28.317116837000867,18.16090108699973,62.22377767200123
319,-3.763578424603284,-3.648354211078544,0.08222237557849003,1.4013729561334103,636800.0,0.01,5.0,0.003,0.3763578424603386,0.3763578424603376,0.37635784246033965,0.37635784246034204,0.47635784246034135,1.376357842460365,5.37635784246047,0.7527156849206772,0.1881789212301693,0.0,0.0,0.0,0.0,0.9999999999999997,9.999999999999993,49.99999999999996,0.0,0.0,9.999999999999728,9.999999999999755,9.999999999999702,9.999999999999638,9.999999999999728,9.999999999999728,9.999999999999728,4.999999999999864,19.999999999999456,1.6597054604471573,1.5967106311064,1.714620751245215,2.0344024332269486,1.6460027752563937,1.5193433760569723,1.0023972396947118,1.6869527492397323,1.8739829417905747,-3.6053787889413087,-3.593510088437565,-3.6100730657957025,-3.593595430631319,-3.6066849000895997,-3.618757807773542,-3.6680320268312667,-3.617603032127864,-3.5768886759878145,0.09531789792349853,0.10651168273857761,0.08952729558189512,0.08355426202589598,0.09531789792349853,0.09531789792349853,0.09531789792349853,0.08653199832728428,0.09962190394171307,3.763578424603284,3.763578424603284,3.763578424603284,3.763578424603284,4.763578424603284,13.763578424603278,53.76357842460324,3.763578424603284,3.763578424603284,0.15819963566197526,0.17006833616571893,0.15350535880758143,0.1699829939719648,0.1568935245136842,0.14482061682974212,0.09554639777201723,0.14597539247542013,0.1866897486154695,116,121,114,56,112,107,110,58,258,24.579141123000227,55.363629353998476,56.78764304700053,29.052690934000566,51.698375898999075,45.339202892000685,42.315331641999364,18.725448864999635,70.69862176100105
320,-5.895874781311026,-5.989128930233779,0.08222237557849003,-1.1341699661028664,636800.0,0.01,5.0,0.003,0.5895874781311143,0.589587478131113,0.5895874781311161,0.5895874781311197,0.6895874781311163,1.5895874781311334,5.589587478131209,1.1791749562622287,0.29479373906555717,0.0,0.0,0.0,0.0,0.9999999999999996,9.999999999999993,49.99999999999996,0.0,0.0,9.999999999999801,9.999999999999822,9.99999999999977,9.99999999999971,9.999999999999801,9.999999999999801,9.999999999999801,4.9999999999999005,19.999999999999602,-0.10633116644716915,0.18068176478142645,-0.46775115008391965,-1.7232069223174824,-0.11733537356360446,-0.21235035095300625,-0.6620703582477586,-0.8366973148576932,0.579198616777059,-5.906010044630506,-5.876630063440905,-5.937751277289125,-6.039856065592392,-5.907058942526332,-5.916115570487001,-5.9589819364478736,-5.968275871887872,-5.838173915858825,0.09531789839356017,0.10651167755307743,0.08952729666316507,0.08355426293653176,0.09531789839356017,0.09531789839356017,0.09531789839356017,0.08653199824020079,0.09962189787896353,5.895874781311026,5.895874781311026,5.895874781311026,5.895874781311026,6.895874781311026,15.895874781311019,55.89587478131098,5.895874781311026,5.895874781311026,-0.010135263319480003,0.019244717870120276,-0.041876495978099726,-0.14398128428136658,-0.011184161215306077,-0.020240789175975493,-0.06310715513684784,-0.07240109057684663,0.0577008654522011,115,142,104,48,116,132,84,63,258,23.910052671999438,71.58385726699998,51.41912594099995,24.31075581499863,49.69827647800048,49.755529395999474,19.943159424999976,15.754117174001294,62.98902451899994
